# Blender 5.0.1
# www.blender.org
mtllib statue_of_myself_lod1.mtl
o obj_0
v -5.236893 6.787986 1.911750
v -5.301510 6.810213 1.813210
v 1.454585 -4.021908 5.781563
v -3.407598 -5.464712 -6.196956
v 5.660377 -4.088981 4.572693
v 1.401491 -3.959830 5.726596
v 5.284238 -3.842431 4.464927
v -0.561584 7.405704 -0.158447
v 5.611299 -4.010342 4.639509
v 6.069083 -2.952026 -2.810249
v 3.301843 -4.664276 -3.390306
v -0.784854 7.162667 -0.525595
v 3.329141 -4.782748 -3.322650
v -3.305305 -4.150846 -6.145376
v -5.378207 6.502559 1.533798
v -0.347460 6.576766 -0.271371
v 1.591807 -4.395170 5.840664
v 1.487949 -4.162925 5.820309
v -2.799917 -5.180797 -6.647122
v -0.430680 7.032062 -0.066685
v 1.396713 -4.072458 5.770226
v -0.955231 6.784138 -0.752667
v 6.310938 -3.106865 -2.286908
v 2.908589 -4.384029 -3.545784
v -5.130752 6.646358 2.140536
v -2.707937 -4.569012 -6.519807
v 5.048317 -3.772227 4.355674
v 3.005155 -4.677999 -3.496318
v -5.264467 6.282805 1.846696
v -0.621826 6.161639 -0.708314
v -3.114227 -3.531015 3.919090
v -0.961975 -4.930438 2.715790
v 1.180500 -4.033484 5.813473
v -0.361935 7.523037 0.358943
v -0.198702 7.278198 0.579957
v -1.207898 -3.637343 1.403332
v -2.117236 -3.289775 3.625577
v 0.771476 -3.958220 5.752100
v -1.183371 -4.266341 2.937695
v 0.778075 -4.029583 5.737696
v -3.329236 -4.532927 -5.049242
v -0.216633 7.231710 1.237551
v -3.457752 -4.307050 -5.841588
v -0.435096 7.628686 1.129292
v -1.402772 -5.139782 2.877954
v -1.722291 -4.990081 3.038874
v -3.310819 -3.600669 -4.884144
v -0.075616 6.388118 0.609223
v -3.269799 -3.642903 -5.037956
v -1.868236 -4.847116 3.065455
v 0.862747 -4.369404 5.853074
v 6.157145 -2.975525 -2.174691
v 6.221722 -3.037365 -2.406875
v -0.154213 6.786321 1.213484
v -0.041686 6.305409 0.749646
v 0.887300 -4.116600 5.764000
v 0.858820 -4.162840 5.770872
v -3.889147 7.657443 3.077076
v 5.189552 -3.809322 4.637717
v 2.935884 -4.681874 -3.535831
v 5.405613 -3.957576 4.862184
v -2.004329 -4.975787 3.127463
v -0.659722 5.674845 -1.144746
v -3.403844 -4.165101 -4.659088
v -3.260451 -4.351022 -4.702543
v 6.275043 -3.269166 -2.120868
v 5.780268 -3.206773 -2.370400
v -2.301671 -5.062055 3.292240
v -0.287143 6.076070 -0.275120
v -1.679585 -5.161798 3.328933
v 0.785007 -4.128234 5.767309
v 0.849700 -4.145299 5.765700
v 0.847000 -4.147200 5.768301
v -2.660363 -3.419825 3.740253
v -4.461812 7.470933 2.860996
v 0.857100 -4.119500 5.790401
v -3.687274 7.380873 3.180758
v -4.198325 7.262979 3.018812
v 0.860200 -4.108699 5.800701
v -3.449986 -5.133589 -5.419978
v 5.021979 -3.803217 4.753068
v 3.076478 -4.839661 -3.525263
v -2.497826 -4.183702 4.287017
v -3.051018 -4.505600 4.090548
v 5.843360 -3.549276 -2.963381
v -3.519172 -4.659202 -4.611730
v -4.498116 7.409086 2.888492
v -4.504370 7.352803 2.846048
v -3.674952 -4.565598 -4.635083
v 2.887904 -4.661144 -3.532612
v 0.813800 -4.171299 5.800200
v 0.831500 -4.182199 5.763501
v 0.843600 -4.149700 5.771600
v 2.906191 -4.777361 -3.587997
v 5.003783 -2.958940 -2.665203
v 0.842800 -4.150300 5.772300
v 5.239942 -2.949526 -2.693009
v -3.491037 -4.279823 3.621636
v -3.344383 -3.834270 3.772225
v 3.466828 -5.113767 -3.335739
v 0.772298 -4.611762 5.768451
v -0.090920 5.574109 -0.837691
v 5.616727 -3.496851 -2.007910
v 0.193778 5.027526 -0.703887
v -0.062723 5.120522 -1.044849
v -3.502390 -5.093319 -4.788663
v 1.524463 -4.608422 5.845474
v 5.826066 -3.263438 -1.835532
v 5.709795 -3.279286 -1.927815
v 1.537104 -4.665673 5.793500
v -0.630175 5.331153 -1.262950
v 1.569530 -4.801120 5.747519
v 0.142731 5.480071 -0.196238
v 0.114908 5.302525 -0.017535
v 0.123360 5.533226 -0.464416
v -3.509278 -4.311477 3.673558
v 1.588350 -4.895988 5.717657
v -3.661204 -5.095954 -4.381479
v -3.590917 -4.839760 -4.486682
v -2.422890 -4.783172 3.149096
v 0.211928 5.033443 -0.507213
v 3.118683 -5.158735 -3.516949
v 5.387664 -4.164840 4.982714
v -3.826437 6.905639 3.154783
v 0.760523 -4.855813 5.807592
v -0.799756 -5.486172 -5.916715
v 0.107240 4.979257 -0.264769
v -1.012994 -5.302413 -6.492707
v 1.011900 -4.876055 5.811551
v -2.652813 -4.913681 3.148012
v -4.166835 6.630404 2.989415
v 0.894186 5.571116 0.655680
v 0.751100 5.723850 0.450782
v 0.867105 -4.969489 5.706402
v 0.693952 5.536725 0.201954
v 0.852838 5.427438 0.313761
v 3.035463 -4.877501 -3.511958
v -2.046916 -5.605333 -6.769102
v -4.638906 6.458431 2.708823
v -1.049419 -6.131278 -6.868831
v -4.494872 6.857808 2.928895
v -4.507206 6.899524 2.875576
v 3.068169 -4.976361 -3.524141
v 0.905462 5.396582 0.655664
v -1.492030 -6.203682 -6.886425
v -3.395633 -4.554657 3.499235
v 0.777932 5.217151 0.413490
v -1.172800 -6.330300 -6.546400
v -3.143698 -4.888437 3.181518
v 0.764895 5.227186 0.779007
v 3.044160 -4.924172 -3.480904
v -0.937412 -6.273534 -6.708781
v -1.580455 -6.216339 -6.932452
v 0.697958 5.275485 0.252184
v -3.539965 -4.994490 3.189361
v 5.502903 -4.763580 4.755611
v 5.508142 -4.811689 4.599856
v 5.442230 -4.671863 4.388792
v 0.553316 5.162996 0.955298
v 0.777743 5.486244 0.866805
v -4.533683 6.806488 2.863441
v 0.767367 -4.855050 5.721265
v 0.195867 6.036909 0.633775
v -3.592465 -4.856696 3.208301
v 0.173273 5.546523 0.177150
v 5.261907 -4.886918 4.728305
v 0.096858 5.813204 0.258603
v -0.745156 -6.440866 -6.216159
v -1.032500 -6.251746 -6.326910
v -1.104408 5.634057 2.592830
v 5.988525 -3.670539 -1.799940
v -0.970242 6.371025 2.531470
v 0.771351 -5.109449 5.740342
v -0.508108 4.657896 2.393715
v -0.823157 5.495173 2.442003
v 5.624625 -3.401099 -1.503367
v -1.632173 4.702292 2.592501
v -1.595061 5.447939 2.769903
v 5.784079 -3.627362 -1.595526
v -1.382770 -6.287599 -6.329850
v -3.582249 -4.429798 3.641112
v 5.542353 -3.595730 -1.861501
v 5.625366 -3.762899 -2.142759
v 5.189613 -4.811979 4.932076
v -2.047127 5.051926 2.773358
v 0.563076 -4.007510 4.486836
v 0.258461 -3.768670 4.842444
v -1.998990 4.968844 2.569504
v 5.448137 -3.451204 -1.581380
v 5.471022 -3.390935 -1.758628
v -2.081852 5.001557 2.704005
v 0.611183 -3.748199 4.625021
v -0.008221 -3.901097 4.957213
v 2.895007 -4.880811 -3.567176
v 5.085308 -5.058386 4.742165
v 5.101572 -5.150445 4.855109
v -2.058651 4.837641 2.854533
v 4.867361 -4.528951 5.301402
v 0.373688 5.771732 0.382201
v 2.974955 -4.984530 -3.568353
v -3.192811 -4.670485 4.237374
v -0.204098 6.188554 0.249505
v 3.084170 -4.988515 -3.516819
v 3.070800 -5.008000 -3.483200
v -3.436717 -4.773485 4.023131
v 0.106658 6.077732 0.783603
v 3.023162 -5.013834 -3.521393
v -3.555891 -5.114115 4.187031
v -2.437323 5.242738 2.824746
v -3.285286 -4.958175 4.287035
v 5.360967 -3.387840 -1.674964
v 5.368289 -3.413081 -1.750869
v 5.169239 -5.345204 4.687011
v -2.404061 4.951412 2.715869
v 3.050654 -5.000669 -3.507607
v 0.269090 5.730335 0.989351
v -3.752670 -4.620897 3.846467
v 0.576295 5.783807 0.733072
v -2.280650 -2.603775 4.643223
v -2.150667 -2.269159 4.395048
v -2.054399 -2.872566 4.338387
v 0.039627 -3.990104 4.633798
v 0.124668 5.553156 1.218099
v -3.692397 5.425897 2.762193
v -2.117454 -2.774864 4.580408
v -0.130686 5.869051 1.161358
v 0.327621 -4.431151 4.386681
v -0.204035 6.223386 1.132161
v 4.821814 -5.529555 4.252647
v 5.317619 -3.485036 -1.662521
v -1.981551 -3.187710 4.523137
v 0.567265 5.304550 0.080583
v -1.970587 -3.243052 4.362332
v 5.563076 -3.537522 -1.478331
v 4.949762 -5.672839 5.029235
v 5.145856 -5.695222 4.770267
v -3.140276 5.083082 2.703724
v -0.944710 -4.206164 4.807065
v 4.886724 -5.831356 4.876508
v -0.243891 -4.176486 4.575710
v 4.935705 -5.831319 4.685263
v -3.176750 4.847400 2.581201
v -0.949758 -4.451217 4.569716
v -2.276924 -3.176234 4.732798
v 0.327517 -3.808067 5.353303
v 0.324379 -3.773417 5.241043
v -1.952141 -3.627812 4.658005
v 4.863772 -6.227057 4.967485
v 4.935318 -6.412809 4.729423
v 5.015972 -6.013570 4.780760
v 5.621224 -3.677145 -1.694527
v 5.021896 -6.014961 4.620617
v 0.343193 -3.849246 5.345950
v -1.884339 -3.673483 4.483359
v 4.711430 -5.154571 -3.959623
v 0.307007 5.078275 0.017494
v 4.927793 -6.817850 4.853508
v -2.178784 -3.458104 4.223742
v -2.528085 -1.935622 4.593687
v -3.696594 5.125439 2.576996
v -0.100732 -4.007218 5.279586
v -2.844146 -2.323176 4.709879
v -3.244817 -1.930143 4.805378
v -3.369658 -2.475342 5.070968
v 6.656888 -4.079529 -3.682206
v 0.466592 -3.866628 5.413741
v 6.614594 -4.136985 -4.142385
v -2.273942 5.705970 2.969948
v 6.719834 -3.684304 -4.077819
v 4.686656 -5.146363 -3.838999
v -1.709863 6.314539 2.924858
v 4.924669 -7.068035 4.764336
v 4.930390 -6.653549 4.685191
v 4.881543 -2.961379 3.546649
v 4.751951 -2.966982 3.254460
v -2.167350 5.630766 2.957420
v 0.468238 5.191277 0.259028
v -2.335097 5.286545 3.126129
v -2.832429 -3.719696 5.117968
v 4.819953 -5.083081 -3.977066
v 0.356340 -3.893558 5.471212
v 6.311005 -4.260390 -4.211197
v -1.482064 -4.279760 5.019309
v 4.339791 -2.488465 3.936189
v 4.413604 -2.540900 4.040243
v -1.806471 -6.317985 -6.998780
v 4.203643 -2.480325 4.067365
v 0.575618 -3.900185 5.507376
v 4.412677 -2.589093 3.969355
v -2.110065 5.115018 2.938285
v -2.216806 4.865831 2.938553
v 5.178697 -5.952397 -4.293309
v 3.499575 -5.179676 -3.645215
v 4.036790 -5.674042 -3.982077
v 4.162241 -2.539855 4.174819
v -1.864004 -6.416639 -6.848995
v 0.408788 -3.925519 5.546439
v 4.686081 -2.993927 3.758445
v 0.397234 4.985116 0.878972
v -1.491807 -4.403518 4.750668
v 0.555675 5.024997 0.427662
v -1.823340 -6.323454 -6.578175
v 3.671143 -5.852466 -4.048312
v 6.515904 -4.188131 -3.538620
v 6.513408 -4.231266 -3.864395
v -1.632486 -6.228093 -6.359858
v 4.879354 -2.921741 4.305578
v 0.507222 -3.958191 5.595406
v 0.573789 -3.965434 5.611002
v -2.177810 -6.467464 -6.914418
v 6.557777 -4.075290 -3.210077
v 4.196548 -2.731073 3.930435
v 3.644186 -5.792747 -3.980859
v 3.561172 -5.850413 -4.038626
v -2.106067 -6.306899 -6.495598
v 6.651300 -3.891900 -3.420900
v 3.988900 -2.610391 3.947326
v -2.051887 -6.236450 -6.446288
v 0.170615 -4.180441 5.583107
v 6.451234 -4.178379 -3.411750
v -2.089307 -6.362667 -6.405410
v -1.877633 -3.975015 4.608413
v -2.238602 -4.092381 4.388791
v -1.877569 -3.839698 4.475274
v -2.800524 6.227056 3.084484
v 0.253172 5.174544 1.079734
v -2.167313 -4.053406 4.949047
v 6.451486 -4.113659 -3.059066
v 3.837490 -2.455439 4.152831
v -2.050668 -4.063515 4.818319
v 6.896682 -4.573003 -3.786664
v 6.833712 -4.692863 -3.651753
v 3.659500 -5.803042 -3.795243
v 3.524296 -5.747606 -3.781725
v 3.491771 -2.528450 4.045908
v -1.041313 -5.378517 -5.276782
v 6.701156 -4.641263 -4.258455
v 4.086514 -2.805575 4.038731
v 3.560799 -5.623314 -3.514261
v 0.618654 -4.858731 4.491454
v 3.761539 -2.724290 4.021318
v 0.156879 -4.527135 4.416371
v -1.200340 -5.525234 -5.041105
v -0.997592 -5.593590 -5.186492
v -1.235984 -5.814007 -4.748663
v 3.459788 -5.229711 -3.301804
v 3.598127 -5.249904 -3.360162
v -2.377667 5.624414 2.976002
v -1.483038 -4.353560 5.622821
v 4.171570 -2.758705 4.171728
v 0.220558 4.892958 1.081496
v 6.889156 -5.020021 -4.020335
v 4.109623 -2.670695 4.278246
v 6.707703 -5.076639 -4.428075
v -0.675153 -4.078093 5.115959
v -0.863166 -5.580984 -5.508553
v 0.448048 -4.937978 4.493462
v 3.624166 -5.453515 -3.463681
v 3.609431 -5.346397 -3.414583
v -1.544975 -5.729603 -4.747916
v 3.444571 -5.421537 -3.436716
v 3.569204 -2.825785 4.216903
v -1.430394 -5.838001 -4.633831
v 0.041884 4.438941 -0.802101
v -2.499792 -4.454297 5.317752
v 6.462217 -4.887277 -4.065907
v -0.057826 4.530034 -0.962097
v -0.601026 4.663906 -1.195839
v -3.839673 6.079996 2.967412
v 3.526753 -5.387216 -3.324584
v 4.535661 -3.103761 2.895858
v -3.147520 5.954534 3.016746
v -3.589789 5.757122 2.911080
v 4.822766 -3.044866 3.058011
v 6.557523 -4.856841 -3.937962
v 4.628731 -2.975344 3.084450
v 0.338739 4.498525 -0.171648
v 4.828122 -3.217655 3.084131
v 0.024896 4.502233 -0.532191
v 6.966418 -5.213102 -3.802036
v 3.654543 -5.569704 -3.583908
v 0.229521 -4.863807 4.453935
v 0.377900 -4.953599 4.469201
v 0.373600 -4.930799 4.469100
v -0.949028 -5.846775 -4.593499
v -1.595227 -4.660351 4.603334
v 0.040652 4.128527 -0.377255
v 4.480594 -3.075605 2.977162
v 0.168892 4.405540 -0.237436
v -1.279958 -4.836589 4.518618
v 0.365700 -4.889299 4.468901
v -0.099283 4.513165 -0.097836
v 0.357400 -4.845399 4.468600
v 0.312155 -5.018616 4.456283
v 4.454854 -3.297208 3.006702
v 6.672990 -4.818771 -3.749118
v 0.599831 -5.067997 4.510002
v 0.099513 4.351393 -0.376077
v -2.380877 5.537519 3.101897
v 0.343800 -5.011199 4.505600
v -2.450367 -4.870822 4.623369
v 0.368139 -5.027526 4.490245
v -1.458986 -6.187976 -4.451430
v 0.373900 -4.984200 4.477201
v -2.422354 -5.200438 4.527634
v 3.494431 -5.616422 -3.557637
v 0.003971 4.267541 -0.298753
v 0.382300 -4.976699 4.469300
v -2.484071 5.253947 3.080736
v -2.580675 -4.505378 5.570618
v -1.541625 -6.528543 -4.353425
v -2.240621 -4.463181 4.991363
v -1.043668 -5.193151 6.005938
v -1.608171 -4.819797 6.020465
v 4.522065 -3.113777 3.257949
v -1.250500 -4.485499 5.804101
v -1.727633 -5.917450 -4.654744
v -0.543448 4.309010 -0.163910
v -1.835238 -4.703976 5.968787
v 4.788502 -6.440885 -4.320546
v 4.595297 -6.560318 -4.435863
v 3.645581 -6.004473 -4.244791
v -2.134828 -6.365449 -4.397462
v -0.024105 3.963217 -0.713120
v -2.511346 -4.323713 4.517199
v -2.063059 -6.561861 -4.343614
v -2.412856 4.978662 3.137640
v 4.166074 -3.643527 3.436149
v -2.603745 -4.369048 4.866211
v -0.899233 -6.812514 -6.283940
v -1.311055 -6.941309 -6.291154
v 4.572737 -3.371178 3.028420
v -2.427180 -4.204904 4.838636
v -0.513808 -4.787591 4.481925
v -0.144086 3.957189 -0.850374
v -2.149742 4.184731 2.020589
v -1.163472 -7.371989 -5.965435
v 3.714496 -3.663436 3.014685
v -0.718354 -7.252040 -5.812535
v 0.218721 -4.616511 5.754481
v 0.446586 -5.025415 5.731261
v -1.874098 -7.265326 -6.161415
v 3.516273 -3.651058 3.519615
v 3.398317 -3.553139 3.207186
v -1.860440 -7.076385 -6.347847
v -2.305162 -7.036264 -6.384532
v 4.579589 -3.232654 3.691493
v 3.120074 -5.362758 -3.697258
v -2.507502 -4.142508 5.169487
v 3.070023 -5.371873 -3.616022
v -1.077464 -7.527759 -5.180475
v 3.042987 -5.146621 -3.601646
v -0.907269 -7.432133 -5.606134
v 3.022715 -5.802466 -3.986636
v -0.733557 -4.735936 5.929300
v -2.063792 -7.581427 -4.957288
v 3.036556 -5.818985 -4.044933
v -1.832141 -7.621085 -5.217104
v -2.804355 -4.241254 5.392351
v 0.308973 -5.721579 1.574345
v 0.094900 -5.772100 1.650600
v 0.088071 3.799113 -0.280113
v 4.649571 -3.348329 4.152837
v 4.428989 -3.333880 4.306164
v -0.136404 -5.775859 1.803425
v -0.117915 -5.858680 2.061072
v -1.638503 -7.569325 -5.509463
v 3.148700 -5.627300 -3.617599
v 3.154400 -5.627700 -3.624799
v 4.421501 -3.666569 3.859333
v -0.415969 -5.385333 1.464230
v -0.521300 -5.350100 1.556300
v 4.779473 -3.659888 3.948339
v 4.663718 -3.550667 3.786317
v 3.072507 -5.563425 -3.720142
v -0.046693 3.496219 -0.662428
v -1.191801 4.501161 2.426517
v -0.323809 -5.354851 2.062965
v -1.457484 4.443652 2.485229
v -2.818908 -4.368715 5.202100
v -1.453566 4.241021 2.363137
v 6.690836 -4.696302 -3.291359
v 0.306646 3.570903 -0.127928
v 6.897930 -4.556960 -3.491178
v -1.698642 -6.994279 -4.356071
v -1.299128 -6.982566 -4.412608
v 4.708495 -3.598266 4.271921
v 0.162540 3.708841 -0.255567
v 6.528358 -4.599031 -3.086293
v -2.573359 -4.460615 5.025149
v -1.791296 4.785874 2.413006
v -1.840174 4.718709 2.400297
v -1.726287 4.687807 2.350175
v 6.678717 -5.062052 -3.236089
v 3.163702 -5.677496 -3.595935
v 6.834418 -4.891599 -3.534603
v -0.660895 -7.169643 -4.636972
v -0.140800 3.616590 -0.126212
v -1.450471 -7.414229 -4.866201
v 3.112832 -5.662288 -3.604383
v 3.090700 -5.620300 -3.622100
v 6.392839 -4.881598 -3.247324
v -0.778700 -7.376185 -4.978409
v -2.867701 -4.354597 5.394093
v 6.635441 -4.805293 -3.394288
v -2.959029 -4.358551 5.563911
v -0.440922 4.053635 -0.270053
v 3.007321 -5.700802 -3.744761
v 6.559124 -4.915867 -3.188995
v 2.973404 -5.749490 -3.817898
v 2.964937 -5.762438 -3.911189
v -1.382600 -7.299100 -4.660399
v -2.790503 -4.659433 4.644115
v -2.577771 -4.561532 4.851367
v 4.089490 -3.656288 3.770392
v -0.782548 4.064386 -0.033961
v 5.711908 -4.302584 -3.679519
v -1.678658 4.662219 2.578227
v 5.781701 -3.863489 -3.571842
v -2.054561 -7.008590 -4.348600
v 3.956236 -3.729765 4.231715
v -1.764470 4.621265 2.584057
v -1.931439 -7.298506 -4.454756
v 4.034200 -3.582438 4.222133
v -0.203058 3.793534 -0.245881
v -1.773536 4.572999 2.779548
v -2.829520 -4.786662 4.662523
v -0.130638 -5.729038 2.132407
v -0.421429 -5.618328 1.639642
v -1.706023 -7.395524 -4.560817
v 3.019523 -2.577034 4.258292
v 3.293243 -2.413959 4.221458
v 0.187860 4.567440 0.408591
v -0.029857 -5.430108 2.431232
v -1.547500 -7.528501 -4.970900
v 0.460826 4.737010 0.078766
v -0.252605 -5.225165 2.603106
v -0.526959 -5.551192 2.752597
v 3.169287 -2.778305 4.187556
v -3.239338 -4.813034 4.512616
v -2.009779 4.817484 2.572431
v -3.350742 -5.149498 4.481368
v -3.202610 -4.933457 4.545625
v -2.795419 -5.803713 -6.786823
v -0.240473 -5.856654 2.296283
v -2.332466 4.807663 2.644214
v -1.966523 4.450603 2.411319
v 0.541891 4.538498 0.297553
v -0.384825 -5.659035 2.634477
v -2.636356 -6.156518 -6.924384
v 0.475304 4.492548 0.284402
v 3.197148 -3.618749 2.843706
v 0.201355 -5.884533 1.644371
v 2.833592 -3.555880 3.107055
v 2.442498 -5.198145 -3.806537
v 0.343706 4.404995 0.692211
v 5.363463 -3.887977 -3.709049
v -1.592002 4.298560 2.715037
v 0.238667 -6.004406 1.479995
v -1.724598 4.172873 2.718104
v 2.821664 -3.677899 3.036927
v 5.134060 -3.751089 -3.868269
v -0.026435 -6.027274 2.061976
v -1.713688 4.136824 2.540195
v 0.537555 4.483243 0.628757
v -3.477368 -5.693331 -6.026825
v 2.150428 -5.423827 -3.962042
v -2.902300 -4.502971 5.682413
v 2.505433 -5.669608 -3.947041
v 3.056113 -3.685066 3.386700
v 2.075414 -5.159497 -3.999187
v 0.293551 -6.518748 1.582147
v 4.991476 -4.408034 -3.860003
v 3.193566 -5.232244 -3.473470
v -3.110964 -5.183131 -6.398618
v -0.327484 -6.010027 2.416160
v -0.265657 -6.061184 2.548695
v 5.927465 -4.155784 -3.554319
v 4.632713 -3.812174 3.456923
v 5.834258 -4.004733 -3.406569
v 4.284736 -4.285367 3.349904
v -2.805704 -6.388954 -6.893531
v -0.482440 -6.032125 2.855482
v 4.247405 -3.800964 3.237044
v -2.355529 -6.493485 -6.625438
v -2.303141 4.585763 2.893646
v -2.680827 -6.583772 -6.951835
v -2.030144 4.413476 2.850211
v -0.461275 -6.545328 2.989106
v 3.696329 -4.003118 3.042618
v 5.828529 -4.009098 -2.940366
v -0.799504 4.213166 0.122917
v -3.126007 -4.559880 5.610466
v 5.774629 -3.859598 -2.945188
v -2.879900 -6.676233 -6.696877
v -0.571050 -5.669374 2.871972
v -0.674084 -5.673700 3.063876
v -0.558448 4.420853 0.146938
v -3.199690 -4.590116 5.654550
v 3.241719 -5.398321 -3.456498
v 3.181747 -5.495382 -3.497772
v -0.206539 4.464871 0.650324
v -0.802376 4.232720 0.540150
v 5.946784 -4.111112 -3.366689
v -0.573995 4.315997 0.699070
v 5.737874 -4.467591 -3.646220
v 6.129431 -4.160261 -3.171250
v 3.672939 -4.440589 3.435917
v -2.748113 -6.557049 -6.392715
v 0.478084 4.558864 0.877865
v 3.793942 -4.357892 3.205632
v -0.733529 -5.601131 3.217578
v -3.376222 -5.929794 -6.272077
v -1.597319 4.159739 2.296753
v -1.106967 3.672137 1.984416
v -3.095373 -6.344352 -6.475743
v -3.698998 -6.044535 -4.740212
v -3.541352 -3.974797 5.920256
v 0.191260 4.536126 1.118329
v -3.643927 -5.267416 -4.629276
v 4.854250 -3.728556 4.190384
v 6.007110 -4.127786 -3.143929
v -3.555425 -5.521864 -4.620068
v 0.387646 4.380659 0.907780
v 0.342884 4.342583 0.803227
v -3.771034 -6.581622 -4.854155
v 4.683583 -3.760349 4.362410
v 1.407564 -5.385121 4.760749
v 1.906664 -5.302863 4.601519
v -3.577230 -6.490966 -4.244717
v -3.541181 -6.138804 -4.346337
v 0.188579 4.211030 0.923589
v -1.590750 4.159592 2.628842
v -2.993556 -5.014104 6.206355
v 0.091759 4.297832 0.787553
v 4.784362 -4.169033 3.619271
v 3.466980 -4.058210 3.772725
v -2.410852 -5.061750 6.170804
v -2.852619 -4.873888 6.107867
v -3.090759 4.155550 1.963344
v 0.226408 4.391407 1.448837
v -2.636180 4.056066 1.831623
v 1.638932 -5.598005 4.842081
v 4.130607 -3.522464 4.293852
v -2.338500 -4.726600 5.964500
v -2.902832 -6.651250 -6.346355
v -2.823283 4.499753 2.400392
v 1.946138 -5.869841 4.744265
v 3.916392 -4.177071 4.100727
v 0.990855 -5.203395 4.592119
v 4.063442 -4.049616 4.161041
v 3.344908 -5.623721 -3.569163
v 0.938226 -5.251696 4.554677
v 1.085348 -5.247311 4.612457
v 0.088472 4.289514 1.153985
v 5.648198 -4.099498 -2.770235
v 1.057446 -5.239619 4.613655
v -3.222247 4.637128 2.432870
v -2.860669 -7.072694 -6.308290
v 5.443095 -4.188200 -2.870172
v -0.327441 4.340227 0.783810
v -2.612689 -7.210015 -6.299706
v -2.926583 -7.245821 -6.168093
v 0.354840 3.498613 0.070886
v -3.955003 4.684807 2.146143
v 0.256169 3.523772 0.185181
v 3.885458 -4.429556 4.180723
v 4.074750 -4.193398 4.261182
v -3.061863 -4.516669 5.788696
v 3.170520 -5.608743 -3.563060
v -0.111700 3.743288 0.197238
v -0.101109 3.566124 -0.025056
v 5.689721 -5.115624 -4.147139
v -0.098617 3.589710 0.484740
v 6.170142 -5.007092 -4.342445
v 0.925104 -5.139056 4.552900
v 5.825599 -5.122178 -3.916501
v 3.281810 -5.634776 -3.573293
v 0.344541 3.512025 0.630751
v 0.939079 -5.153281 4.511643
v 5.380311 -4.757756 -3.932884
v 5.558722 -4.776202 -3.781965
v -2.673464 3.581786 1.240427
v -3.141716 -6.747808 -6.133282
v -3.340268 -4.658167 5.755610
v -3.736912 4.246700 1.658415
v -3.061761 -6.719627 -6.227974
v -2.259264 4.702412 3.024607
v -0.441578 3.938555 0.320721
v -0.259738 3.922877 -0.000527
v -3.190711 -6.805433 -6.397988
v 5.451304 -4.929706 -4.015414
v 5.224423 -5.004611 -4.031517
v 3.128000 -5.625900 -3.591700
v -3.461665 -4.775979 6.014386
v -3.376953 -4.696379 5.893860
v -3.324119 -6.856926 -6.336187
v -2.030635 4.606850 2.893064
v 3.563049 -4.356958 3.816202
v 0.709360 -5.253779 4.623452
v 0.887406 -5.093774 4.477347
v 5.572631 -4.918135 -3.668598
v -0.834072 3.871545 0.421810
v 3.288348 -5.573174 -3.396974
v 4.152995 -4.493645 3.416010
v 4.578458 -4.517250 3.614178
v 5.681988 -5.139013 -3.286008
v 3.781450 -4.691143 3.386254
v -3.434006 -6.919163 -6.248514
v -3.376482 -4.660772 6.108049
v -3.620872 -4.740584 6.420599
v 0.679511 -5.142344 4.562444
v -0.364581 3.665775 0.646114
v 6.195211 -4.971405 -3.188609
v -3.267898 -6.784126 -5.919563
v -3.319616 -6.814267 -5.622108
v -3.488732 -5.162239 6.310858
v -2.435409 4.817620 3.038776
v -0.586459 3.745389 0.589511
v 2.990569 -5.886370 -4.017844
v -5.056598 5.850895 2.026327
v 1.031700 -5.241499 4.625600
v 1.016400 -5.234600 4.625600
v -4.887241 5.595934 2.024611
v 1.159973 -5.298152 4.667568
v 1.691781 -6.278288 -4.314803
v -0.644718 -2.478415 -3.941959
v 0.133647 4.060476 0.906398
v -0.642024 -2.631984 -4.118114
v 1.058234 -5.280401 4.665052
v -0.775389 -2.258122 -4.167462
v 1.136264 -5.312649 4.721296
v -4.954704 5.957185 2.213068
v 4.405178 -4.801525 4.055285
v -3.114313 -7.088933 -6.078974
v 4.446731 -4.709718 3.821192
v -3.020124 -7.376129 -5.641256
v -4.665056 5.936580 2.535300
v -0.898169 -5.383556 3.235529
v -4.608111 5.475463 2.293837
v -1.004642 -5.484000 2.994945
v 1.023796 -5.246563 4.636376
v 4.923927 -4.722730 3.973245
v 1.040200 -5.248499 4.632801
v 1.053300 -5.259200 4.643701
v -3.539121 -6.978878 -6.007476
v 1.192381 -5.346768 4.696224
v 0.016842 4.079296 0.814032
v 4.400908 -4.823294 4.318315
v -0.044899 3.747549 0.700051
v -0.632718 -2.752208 -3.717042
v -0.670757 -2.662835 -3.655067
v -0.020795 3.633673 1.390646
v 5.914735 -5.082314 -3.151111
v 1.212991 -5.366285 4.767167
v 4.174089 -4.831241 3.595532
v 5.796399 -5.112383 -3.182037
v 4.463555 -4.919365 3.901429
v -0.475218 -3.148201 -3.946130
v 0.035777 3.830100 1.096152
v -4.785111 5.064134 1.582379
v -0.653948 -2.555298 -3.017608
v -1.351527 -5.353878 2.977376
v -0.620485 -2.608241 -3.418677
v 0.189012 3.741395 0.814034
v -0.987710 -5.450841 3.347681
v -0.986852 -2.635956 -3.406862
v 4.868261 -5.011481 4.376632
v -4.192224 5.459012 2.560226
v -2.743119 -7.615281 -5.071351
v -2.809527 -7.573701 -5.403986
v 0.079973 3.434910 0.972400
v 5.539628 -4.946160 -2.795848
v 5.342450 -4.632649 -3.266336
v 1.210006 -5.418216 4.820813
v -0.542729 -2.762901 -3.217556
v -0.511510 -2.806049 -3.378858
v -1.397062 -5.215261 3.246114
v 5.450062 -5.104069 -3.424345
v 4.531497 -4.862462 4.259459
v -1.170113 -5.754882 3.409405
v -3.509298 -6.900776 -5.016321
v -3.342478 -6.911708 -5.181564
v 4.115832 -4.662328 3.761718
v 5.273198 -4.931878 -3.170496
v 5.390251 -5.073689 -3.075170
v 5.498108 -5.152742 -3.330974
v -1.636861 -5.576256 3.476541
v 6.442789 -4.021899 -2.689501
v 3.835242 -4.521760 3.751910
v -2.140294 -5.515247 3.516378
v -0.583949 -2.983735 -3.681214
v -2.038894 -5.343170 3.483456
v -0.494257 3.940118 0.735421
v 1.192692 -5.405137 4.884548
v -4.104332 5.075724 2.417701
v -0.467596 -2.774470 -3.082863
v 6.592755 -3.860955 -2.800308
v -4.311869 5.017378 2.211329
v 3.694076 -4.488909 3.731758
v -0.718904 7.938037 2.308249
v -3.634039 -7.032964 -5.681333
v 6.075085 -4.049417 -2.658908
v 3.779171 -4.508425 3.880158
v 3.716400 -4.497200 3.776400
v 3.722800 -4.505599 3.784400
v 3.696800 -4.471300 3.751700
v -0.512519 -2.800387 -3.012777
v 1.232007 -5.422337 5.033607
v -4.448606 5.436228 2.396621
v 3.658996 -4.510259 3.836837
v -0.571777 -2.742666 -2.768367
v -0.508423 -2.911460 -3.077400
v 3.723700 -4.506800 3.785600
v 3.759100 -4.507599 3.807900
v 3.771100 -4.507900 3.815500
v 3.760700 -4.506899 3.772100
v 3.757200 -4.506599 3.757400
v 3.770100 -4.507800 3.811300
v 3.758800 -4.506899 3.756600
v 3.758800 -4.506999 3.756600
v 3.758700 -4.506899 3.755900
v 3.770200 -4.507800 3.811200
v -5.342980 6.207166 1.548521
v -2.211168 -5.373900 3.643643
v -5.308281 6.242504 1.606512
v -2.231084 -5.610155 3.682158
v -2.208669 -5.803694 3.807161
v -3.071110 -7.320479 -5.096168
v 4.049611 -4.513199 4.272495
v -0.800002 8.022346 2.186729
v 5.685890 -3.832385 -2.130250
v -1.064822 -6.157816 3.545761
v -1.220947 -6.280373 3.767555
v -1.208665 -6.345641 3.692916
v -0.796795 7.675096 1.760473
v -0.365220 7.030621 1.775095
v -5.204463 6.275045 1.947214
v -5.291938 6.228538 1.909354
v -1.580093 -5.886497 3.823970
v -0.480779 -3.393084 -4.124206
v 4.055818 -4.714852 4.154213
v -0.693728 -3.231327 -4.247768
v 5.705089 -4.392816 -2.435040
v -2.257061 -6.019723 4.171520
v 4.046171 -4.758771 4.195712
v -5.229536 6.204581 1.874234
v -1.769964 -6.302984 4.094636
v -0.403871 -3.818054 -3.783106
v -2.430063 -6.916228 -4.374716
v -2.632415 -6.866209 -4.327643
v -2.758757 -7.228724 -4.769874
v -3.137772 -7.034553 -4.802429
v 1.029526 -5.427162 4.902770
v -2.687435 -7.011723 -4.253174
v -2.480821 -7.126922 -4.513840
v -1.710595 -6.689662 4.082358
v 0.970380 -5.443079 5.025328
v 1.031541 -5.412776 4.944973
v -0.631091 -3.177995 -3.500037
v -0.279177 6.301068 1.706589
v 5.423899 -3.926177 -2.264148
v 5.224188 -4.047849 -2.214976
v -1.191296 -6.628496 3.708616
v 5.327805 -3.962289 -2.396616
v -0.630798 6.720865 2.223999
v 3.899296 -4.749762 4.194973
v 5.207174 -4.464483 -2.801589
v -2.379378 -5.305306 3.449275
v -2.715645 -7.109381 -4.503027
v -0.601481 -3.336130 -3.440753
v -0.231817 5.637389 1.865920
v -2.554182 -5.419452 3.432595
v -5.208340 5.807182 1.684513
v -0.424794 6.287134 2.002954
v -2.723734 -5.220039 3.370008
v -2.966903 -5.401975 3.353399
v 3.975427 -4.653751 4.130236
v -2.537846 -7.504167 -4.831814
v -5.221092 5.840601 1.609881
v -3.507444 -6.638143 -4.756257
v -0.169330 5.038388 2.181492
v -3.579709 -6.610588 -4.715658
v 0.130883 5.078976 1.812563
v 5.180253 -4.303984 -2.270388
v 5.250236 -4.758216 -2.632636
v -4.028810 4.696237 2.048612
v 0.253995 4.890877 1.537027
v -4.371711 4.656910 1.652087
v -3.601081 -6.844288 -4.870069
v 6.042210 -3.836304 -1.979851
v -2.703047 -5.598182 3.504926
v 0.015908 4.493435 2.028298
v 0.198597 4.498065 1.732853
v 3.578063 -5.156610 4.222283
v -3.121540 -5.263016 3.424108
v 3.579500 -4.789800 4.052500
v -0.438673 4.353094 2.270883
v 6.566937 1.047640 -3.092598
v 6.489468 1.132836 -3.102593
v 6.490210 0.939888 -3.231242
v -3.204399 -5.146571 3.404795
v 6.336899 1.068961 -3.243075
v -0.497133 -3.011413 -2.941634
v -0.261937 3.898152 1.852223
v -3.515028 -6.658466 -4.583948
v 5.304133 -4.080529 -1.995866
v 5.467471 -4.064801 -2.016937
v 6.463994 0.969882 -2.912614
v -1.923766 9.221048 0.413572
v -3.270662 -5.404437 3.287688
v 0.632532 -5.353753 4.698053
v 6.525488 0.805340 -3.017101
v -3.596218 -6.699202 -4.437630
v -1.428712 9.203828 1.244542
v -1.111866 9.181832 0.955908
v 6.477958 0.650975 -3.130111
v 0.648320 -5.352837 4.760972
v 5.371367 -4.197082 -1.968600
v 2.820143 -3.712187 3.183215
v 5.576048 -4.293478 -2.144527
v 3.082279 -3.903478 3.164157
v -3.556859 -6.823997 -4.459891
v 0.686846 -5.480781 4.888235
v -3.523399 -6.927440 -4.722712
v 3.395184 -4.210616 3.031760
v 1.128543 -5.520035 4.846200
v 0.485765 -5.539452 4.881375
v 3.034175 -3.858608 3.348019
v -0.773771 -3.250283 -3.301269
v 5.853798 -4.532774 -2.547697
v -0.569107 -3.421658 -3.279351
v -2.129431 9.390700 0.888224
v -3.368429 -5.372699 3.496586
v 3.234689 -4.269061 3.108277
v 6.158234 1.067691 -2.909915
v -0.555949 -3.582343 -3.087748
v -3.566549 -5.199603 3.341863
v -2.176865 9.380758 1.244239
v 5.993996 1.159908 -3.123267
v 3.230685 -4.331370 3.454170
v -0.554970 -3.583013 -3.410604
v 6.047486 -4.630942 -2.697058
v 1.358855 -5.437391 5.193358
v 5.847672 1.119261 -3.027517
v 1.868660 -5.540641 5.611914
v 1.773344 -5.212977 5.607994
v -3.702533 -5.295971 3.348219
v -3.195209 -7.026917 -4.426492
v 3.282911 -4.386448 3.467599
v 1.297825 -5.370310 5.454896
v -3.518931 -5.412123 3.327701
v 5.216629 -4.817346 -2.830278
v 3.107904 -4.169313 3.510818
v 3.094230 -4.184644 3.273852
v -3.644316 -5.336149 3.555170
v -2.908979 9.202473 0.516005
v -4.093300 -2.562993 -4.747744
v -2.329288 9.352077 0.621202
v 1.494476 -5.454671 5.445051
v 1.283657 -5.487897 5.474522
v -3.252831 -5.540874 3.443711
v -2.073510 9.128601 0.218360
v -3.702137 -2.169449 -5.153925
v 5.965960 0.857655 -3.294178
v -4.226507 -3.675207 -4.524502
v 1.655603 -5.818829 5.053813
v 1.636117 -5.515742 5.447253
v -0.515104 -3.599237 -3.100918
v 5.435318 -4.494878 -2.364241
v -4.019207 -3.797944 -4.673843
v -2.401075 -5.344363 3.683773
v 3.260692 -4.859807 3.198051
v 2.898550 -4.578376 3.157096
v 5.542364 0.580227 -3.367107
v 1.745456 -5.673314 5.507437
v -3.790224 -3.663692 -4.775459
v 5.367124 1.038209 -3.011358
v 4.976883 1.037687 -2.921267
v -2.607676 -5.347421 3.583286
v -4.101948 -4.413067 -4.490311
v 3.384143 -4.565297 3.202686
v -2.780754 -5.378962 3.748767
v -2.690061 9.384773 1.179475
v 6.914378 -5.568110 -3.791185
v 5.469762 0.869805 -3.295472
v 5.299348 0.655552 -3.295130
v -0.623877 -2.449383 -2.348379
v 2.982870 -4.449410 3.224445
v 1.068122 -5.493883 5.032175
v 2.663041 -4.491382 3.236573
v 6.753306 -5.825875 -3.924479
v 6.459952 -5.402004 -3.047033
v 5.065570 0.903251 -3.240967
v -2.392936 -5.722045 3.736322
v -0.389023 -2.903809 -2.634923
v 6.431881 0.601961 -2.643305
v 6.359120 0.916340 -2.622813
v 0.942011 -5.412228 4.990985
v -2.648797 -5.744089 3.615510
v 6.871056 -5.236854 -3.431155
v -3.992393 -4.940521 -4.430396
v -3.181228 9.258715 1.223903
v -0.427139 -2.832597 -2.862656
v -1.387034 9.007448 -0.097856
v -1.421036 9.067885 -0.204907
v -2.842755 -5.667023 3.588185
v 5.935175 0.781004 -2.510220
v -2.838438 -5.637154 3.584969
v 6.663293 -5.570179 -3.353022
v 2.989287 -4.465104 3.428640
v 2.935631 -4.599263 3.463119
v 2.713689 -4.529763 3.340304
v -2.977917 -5.599401 3.731432
v 6.327320 0.800189 -2.379577
v 6.175495 0.562176 -2.377588
v 2.929646 -4.720857 3.390916
v -3.760883 -5.403293 -4.469644
v -3.858923 -5.331339 -4.372928
v -3.288900 -5.473172 3.711164
v -1.383574 8.898546 -0.171114
v -1.452792 8.960274 -0.215344
v -3.312354 -5.345615 3.636146
v 1.232428 -5.508950 5.190878
v 2.997405 -4.751254 3.267733
v 1.191663 -5.412907 5.191392
v 6.243593 0.870306 -2.411075
v -0.458772 -2.744388 -2.234290
v 1.002868 -5.445458 5.238957
v -3.763895 -6.659397 -4.562607
v 5.727002 0.591086 -2.402636
v -0.456988 -2.556397 -1.858431
v 1.090894 -5.477763 5.308458
v -0.617826 -2.370771 -2.039930
v -3.741091 -7.042863 -5.106740
v -0.618002 -2.482267 -1.941694
v 5.264818 0.800967 -2.530208
v 4.796721 0.897312 -2.824766
v -1.453983 8.746527 -0.383593
v 6.511451 -5.998578 -4.319579
v 6.782534 -5.876316 -4.493245
v -0.507872 -2.522113 -1.998948
v 0.722812 -5.444044 5.150841
v 5.873183 -5.167948 -4.211276
v -3.749483 -6.704814 -4.604389
v -3.694974 -6.609002 -4.408835
v 0.862783 -5.445103 5.174430
v 0.579321 -5.458626 5.240888
v 5.573563 -5.415928 -3.680275
v 3.069395 -4.905337 3.276372
v -1.748131 8.780753 -0.466664
v 5.820565 -5.939689 -4.388266
v -0.566066 -2.505488 -1.859691
v -1.603210 8.681700 -0.471822
v 5.659766 -5.618642 -4.488094
v 1.131246 -5.437191 5.409509
v -1.717940 8.536533 -0.713086
v -1.694609 8.578314 -0.623559
v -1.919914 8.612527 -0.606093
v 5.682569 -5.566364 -3.947622
v 0.998028 -5.396118 5.400271
v 5.841612 -5.652112 -3.324309
v -1.004706 -2.172970 -3.624951
v 5.694900 -5.642200 -3.631400
v -0.531356 -2.546555 -1.898010
v -1.133457 -2.698841 -4.258175
v 0.913167 -5.171849 5.635143
v 4.820247 0.811358 -2.458366
v 2.677144 -4.614220 3.241344
v 7.918658 -1.542803 -2.105275
v 8.023163 -1.458910 -2.335324
v -1.050431 -2.833114 -2.991823
v 7.844714 -1.472304 -2.544552
v 8.012857 -1.567227 -2.600626
v 5.370110 -5.730487 -4.312943
v 3.195776 -4.431598 3.692307
v 0.958948 -5.268415 5.578585
v -1.214763 -3.258723 -4.312148
v -0.473000 -2.717743 -1.536379
v -0.436381 -2.553663 -1.596503
v -1.181802 -3.794712 -4.311501
v 8.035625 -1.763950 -2.547104
v 6.166000 -5.161800 -2.990000
v 0.616574 -5.325754 5.676197
v 0.737307 -5.263556 5.725899
v -0.933915 -3.064396 -2.502824
v 7.762180 -1.757761 -2.708114
v -0.912572 -2.772372 -1.922041
v 2.993990 -4.838250 3.873984
v 8.087097 -1.798441 -2.334713
v 8.133780 -1.640062 -2.198275
v 5.662791 -5.286489 -3.203825
v 8.158224 -1.611000 -2.349502
v 2.890000 -4.943600 3.671000
v 4.193476 -2.471632 4.539241
v 4.241537 -2.521914 4.385308
v 5.690494 -5.311191 -2.870472
v -0.892434 -3.476019 -2.646126
v 4.183352 -3.067690 4.430018
v 4.606803 -2.814372 4.585302
v -0.624424 -2.294765 -1.617530
v -0.574670 -2.220392 -1.448054
v -3.027148 -5.385509 3.569281
v -2.188977 8.705736 -0.457355
v 7.940128 -1.729307 -2.046982
v 5.122505 -2.776888 4.773131
v 7.800467 -1.927795 -2.101732
v -1.208828 -4.062387 -4.235038
v 0.631609 -5.390015 5.429126
v 4.183108 -2.767726 4.806910
v 4.105020 -2.243061 4.480949
v -3.170803 -5.647825 3.671132
v 4.083621 -2.643910 4.324237
v 3.909557 -2.540020 4.334660
v -3.010662 -5.661605 3.582446
v 6.592566 0.492774 -2.911180
v -3.133447 -5.754719 3.619328
v 6.373082 0.261020 -3.257113
v 6.507669 -0.118911 -3.398898
v 3.499246 -2.395712 4.585752
v -3.514451 -5.846585 3.570816
v 3.531465 -2.347860 4.320468
v -3.373118 -6.082775 3.574330
v 3.999605 -3.019003 4.406250
v -3.390692 -6.144758 3.447195
v 6.514073 -0.224875 -3.233511
v 6.434783 -0.289985 -3.514287
v -0.388614 -2.989924 -2.087946
v 0.753898 -5.419461 5.555091
v -0.611982 -2.805102 -2.037307
v 6.503590 -0.469573 -3.416178
v -3.642964 -6.183726 3.399632
v -3.693493 -6.267487 3.434041
v 6.445095 -0.482926 -3.422940
v -2.758281 -5.916815 3.763681
v -2.713036 -6.131637 4.299174
v -1.379784 -4.518944 -4.019658
v -1.368565 -4.657626 -3.870470
v -3.231514 -6.047617 3.672049
v -1.245643 -4.879648 -3.706638
v -2.017288 8.139754 -0.888588
v 3.907568 -2.692797 4.398119
v -2.273957 8.191080 -0.940361
v -2.236998 7.891946 -1.115960
v -0.495153 -3.022558 -2.212246
v 6.078500 -5.707301 -3.318000
v 6.219378 -5.543101 -3.006593
v 4.114812 -3.095817 4.270206
v -3.496893 -6.004872 3.586874
v -1.401518 8.117557 -0.108894
v 5.666945 -5.504132 -2.872031
v 5.883153 -5.720667 -3.157350
v 0.603478 -5.350144 5.544947
v -1.755965 8.324073 -0.502365
v 5.705959 -5.536040 -3.196816
v -1.855064 8.425916 -0.681462
v -3.629045 -6.140497 3.583844
v -1.599257 8.288756 -0.162449
v 0.773189 -5.428764 5.633506
v 5.465004 -5.280529 -3.364069
v -1.853400 7.993300 -0.616301
v -3.587395 -6.216227 3.856056
v -2.686646 8.720829 -0.394191
v 3.797459 -2.807321 4.317900
v -3.899394 8.480998 -0.230464
v -3.631661 8.427419 -0.365362
v 3.407586 -2.740047 4.668764
v -2.407463 8.437408 -0.751334
v 5.605509 -5.443393 -2.934586
v -1.509646 -4.921347 -3.753206
v -2.318313 8.223166 -0.967214
v -2.599937 8.184185 -0.962126
v 6.406167 -0.528589 -2.881091
v 6.049000 -5.914803 -3.798198
v 6.002719 -6.004762 -4.198843
v -3.137651 8.074360 -1.027875
v -3.372482 -6.177107 4.135661
v 3.565444 -2.747008 4.840549
v -1.777937 -4.996675 -3.866451
v -2.564615 7.891855 -1.173177
v 6.158540 -6.135643 -4.127635
v 3.972286 -2.900822 4.698981
v -1.581866 -4.854120 -4.031504
v 0.599901 -5.305103 5.611240
v 5.826542 0.061199 -3.645915
v 4.402008 -2.959311 5.485455
v -3.564104 -6.421040 4.258645
v 4.259014 -2.742119 5.129491
v -3.645919 -6.252542 4.153138
v 5.420631 0.139983 -3.728543
v 3.695267 -2.811080 5.832435
v 5.658621 -5.975317 -4.021950
v -3.212724 -6.263692 4.300846
v 3.479202 -2.587594 5.601338
v 5.483240 -0.196408 -3.620417
v 5.148514 0.202624 -3.650604
v 5.886908 -5.972066 -4.219487
v 5.303792 0.044916 -3.773399
v 3.530978 -2.584473 5.123995
v -0.679928 -5.656861 4.823739
v -1.413093 -5.763465 4.761930
v -0.999277 -5.502657 4.629547
v -0.843347 -5.507530 -3.473072
v -0.462654 -3.186339 -2.590440
v -2.100153 -5.585715 -3.750451
v -0.387236 -2.979490 -2.717377
v 4.483735 -3.642515 4.539666
v 6.115059 0.484850 -3.290189
v -2.038891 -5.477072 -3.609701
v -2.035692 -5.780157 -4.203207
v -1.548668 -5.367783 4.543064
v -0.816089 -5.231546 4.531638
v -3.376653 8.263453 -0.789820
v -3.410949 8.219690 -0.768147
v -3.432512 8.102787 -0.861641
v 0.521574 -5.541721 5.183784
v -0.476719 -3.285517 -2.529575
v 1.917833 -6.190337 4.902896
v -1.482761 -5.682040 -3.193876
v 1.790356 -6.118079 5.429685
v -3.264089 7.830268 -1.122615
v 1.783869 -6.182956 5.225169
v 4.012709 -3.057486 4.307534
v -1.736017 -5.230072 -3.489272
v -0.411974 -3.100281 -2.255008
v 5.053761 0.313291 -3.441981
v -0.444979 -3.121333 -2.262637
v 4.802459 0.477512 -3.335353
v -1.745349 -5.647153 -3.442230
v 4.726471 -0.150353 -3.577717
v -0.446500 -3.315100 -2.527900
v -2.143223 -5.842470 -3.614715
v -0.367832 -3.392095 -2.149355
v 4.090867 -3.201387 4.451458
v -2.006110 -5.849994 -3.440337
v 0.357093 -5.257161 4.525691
v 0.360220 -5.176623 4.484288
v 5.908380 -6.035728 -3.605210
v -2.117363 -6.005457 4.831932
v -0.501068 -3.327483 -2.466489
v 6.292569 -0.481055 -3.222183
v 3.980466 -3.222059 4.380601
v 6.088072 -0.336548 -3.536524
v 5.648659 -5.872114 -3.562819
v -1.253044 -5.939370 5.586041
v 6.086036 -6.306626 -3.596400
v 6.183294 -6.274905 -3.844569
v 4.155524 -3.244651 4.414183
v -1.598401 -6.041484 5.209380
v -1.842729 -6.595621 -4.311025
v -0.717574 -3.281366 -2.344494
v -0.738867 -3.381748 -2.531098
v -1.997384 -6.557631 -3.771945
v -2.343120 -6.181803 -3.865968
v 0.454411 -5.415664 4.602023
v 4.117171 -3.291692 4.417384
v -0.459351 -3.208305 -2.157469
v -1.973933 -6.134964 5.614202
v 0.390868 -5.330928 4.552074
v 5.527116 -6.009796 -3.905372
v -1.474602 -5.668097 5.967787
v -0.699848 -3.386667 -2.239943
v -1.370295 -6.313676 -2.991527
v -1.214512 -6.192375 -2.975039
v -1.040707 -5.719375 5.789820
v 5.759337 -0.552348 -3.398179
v -0.739780 -5.994080 -3.298017
v -1.164208 -5.921229 -3.136689
v -1.402700 -6.000300 -3.136300
v -1.793562 -5.189164 6.114749
v -3.469587 7.993126 -0.900734
v -0.157290 -5.293431 4.584938
v -1.416013 -6.687949 -3.053893
v 5.204481 -6.077160 -3.529543
v -1.679273 -5.930630 5.846223
v -1.244081 -6.737173 -2.944021
v -0.956704 -6.797970 -2.950880
v 5.126589 -6.231146 -3.591681
v 6.090952 -0.827446 -2.943419
v 0.544735 -5.351854 4.734823
v -0.501039 -3.396979 -2.575973
v 3.795842 -3.332019 4.589075
v -3.484001 7.733271 -1.048552
v -1.597668 -6.121627 -3.390213
v 3.548635 -3.190735 4.671503
v 5.404113 -0.570770 -3.308642
v -0.718435 -3.722026 -2.738428
v 4.911065 -0.654177 -3.427369
v -1.873739 -6.250723 -3.420904
v -2.714855 -6.871676 4.486229
v 0.465488 -5.433559 4.674357
v 5.334055 -6.650971 -4.198297
v 5.342285 -0.818480 -2.838608
v 5.316202 -6.661824 -3.995111
v 5.122407 -0.755808 -3.111822
v 3.595368 -3.512032 4.727637
v -1.911315 -6.495881 -3.396029
v 4.938987 -0.740328 -3.204178
v -2.583555 -5.956966 4.676727
v 5.213096 -6.581582 -3.715109
v -2.880068 -5.484131 4.517366
v 3.983861 -4.141027 4.307925
v 5.127189 -0.871198 -2.921347
v -1.087828 -6.665147 -4.314315
v -0.766029 -3.445110 -2.406704
v 5.650326 -5.949407 -3.159023
v -1.465966 -6.759427 -3.780899
v -1.296376 -6.775939 -3.893330
v -1.503361 -6.740714 -3.864756
v -1.279926 -6.820310 -3.827426
v -1.194287 9.116796 0.302187
v 6.481848 0.274556 -2.508564
v 3.825739 -3.697984 4.854660
v -0.679780 -3.567033 -2.532320
v 0.558957 -5.446969 4.939219
v -0.658891 -3.366743 -2.262902
v -1.238035 8.882935 0.104752
v -1.670572 -6.817126 -3.879488
v -1.543457 -6.922122 -3.828464
v 5.526095 -6.194517 -3.044111
v 5.692370 -6.482938 -3.295931
v -1.559651 -6.888457 -3.825524
v -1.103627 9.054751 0.674746
v -1.126069 9.143176 0.648783
v 4.688749 -3.210055 5.506966
v 0.021716 -5.445683 4.728258
v 6.653221 0.087879 -2.684647
v -1.155756 9.030313 0.312516
v 6.646589 -0.034710 -2.471221
v -1.351323 -6.843872 -3.645658
v -2.698437 -6.398452 4.411905
v 0.063611 -5.596312 4.968534
v 5.037863 -3.716766 4.988593
v 5.396219 -6.072079 -3.115878
v 6.490923 -0.109211 -2.296555
v 4.331848 -3.648169 5.356497
v -2.823029 -6.289751 4.963627
v 4.875428 -3.407027 5.329449
v -1.405167 -7.389171 -3.757406
v -1.084270 8.899208 0.501750
v 6.686708 -0.140736 -2.299423
v 4.369226 -3.520252 5.487313
v 5.495146 -5.894055 -3.431551
v 6.658149 -0.382213 -2.563075
v -1.812295 -6.739784 -3.992279
v -2.205644 -6.770448 -4.315069
v 5.531093 -5.983299 -3.098456
v -3.584201 -6.516597 4.476406
v 3.813024 -3.672220 5.711752
v -0.713440 -3.671573 -2.477211
v -2.161322 -6.728489 -4.127677
v 3.990259 -3.702890 5.499250
v 5.386742 -6.406864 -3.112894
v -3.624867 -6.325566 4.748395
v 5.308504 -6.530547 -3.302605
v 6.613196 -0.423140 -2.448064
v -2.625728 -6.339953 5.487569
v 3.462046 -2.925277 6.050514
v -1.409546 8.532977 0.211849
v -3.002964 -6.400030 5.734138
v -3.624402 -6.587981 5.479367
v 0.291754 -5.290312 5.653410
v -3.363465 -6.439860 5.009799
v -3.475751 -5.447690 6.356227
v -2.604382 -5.627756 6.206463
v 0.596100 -5.401599 5.453300
v 0.596000 -5.395500 5.458301
v 3.477357 -3.286657 6.077022
v 0.595600 -5.373199 5.476300
v -1.445921 8.518881 0.220575
v 5.685297 -6.761171 -3.554587
v 0.595900 -5.389999 5.462700
v 5.947625 -6.883258 -4.007858
v 6.002253 0.400590 -2.227562
v 0.554657 -5.486944 5.374979
v 0.537779 -5.406194 5.479439
v 4.195810 -3.302556 5.739998
v 4.137918 -3.079059 5.734541
v 5.778288 -6.938614 -4.043221
v -1.900385 -6.594985 -3.601727
v -1.830043 -6.661906 -3.812790
v -0.455350 -3.222676 -1.951267
v -2.648770 -6.040697 6.032341
v 5.839190 0.349092 -2.273471
v 5.909421 -6.804295 -4.443526
v 5.777703 0.158308 -2.258422
v 5.439728 -6.843153 -4.108568
v 0.596300 -5.412799 5.444301
v 5.290831 -6.748407 -4.442517
v -1.677763 -6.846600 -3.818424
v -3.624157 -6.511430 5.790563
v 0.561500 -5.402800 5.440600
v 5.428225 -6.767275 -3.673252
v 6.079060 0.142841 -2.319793
v -3.438029 -6.974158 4.540708
v -1.282116 8.683814 0.374567
v -1.234180 8.519211 0.778627
v 3.527128 -3.663463 5.940532
v -0.448800 -3.206400 -1.899300
v -0.446900 -3.185400 -1.862700
v -4.996672 -2.763771 2.641057
v -4.694691 -2.189302 2.761577
v -0.449187 -3.213773 -1.856500
v -0.460700 -3.192600 -1.896200
v -5.047481 -2.587097 2.564842
v -4.586877 -3.167194 2.850970
v 4.766354 0.451129 -2.386996
v 5.286490 0.226524 -2.239392
v 5.864805 -5.430038 -2.834374
v -5.126327 -2.562069 2.154602
v -1.599054 9.047628 0.029371
v -5.005455 -3.338312 2.695223
v 4.137260 -2.668751 -5.018547
v -1.579493 -6.901313 -3.833557
v -1.579699 -6.910310 -3.856637
v -5.073248 -3.260265 2.457849
v 4.860337 -2.776039 -5.098367
v -0.576171 -3.085156 -2.056386
v 4.577869 -2.973036 -5.246203
v -0.149999 -5.572855 5.574420
v 5.237300 0.588300 -2.363400
v -4.935498 -3.705737 2.813139
v -0.317328 -5.727859 5.303482
v -5.114820 -3.634452 2.238461
v 4.828512 -2.363244 -4.538273
v -1.639248 -6.904480 -3.827076
v -5.235732 -2.604295 2.018032
v -5.751091 -2.167321 1.833975
v 4.618714 -2.544150 -4.928221
v 3.305602 -2.551162 4.630480
v 3.191463 -2.464403 4.497373
v -0.575513 -5.425550 5.835589
v 4.119044 -2.451786 -4.737713
v -1.923599 9.149897 0.330495
v 3.025654 -2.479457 4.463307
v -1.975831 1.213658 -4.304224
v 5.296361 -0.142208 -2.172193
v -5.616384 -2.872161 1.999559
v 5.698223 -0.123577 -2.145558
v -5.870223 -2.698747 1.824526
v -2.129400 1.145747 -4.742113
v -1.832969 0.797387 -4.876288
v -1.645857 0.737853 -4.591161
v 3.226010 -2.533475 5.020074
v -0.530409 -3.240126 -2.124376
v -5.936589 -2.349312 1.554235
v -1.092386 9.093869 0.759422
v -1.917540 0.656732 -4.957131
v 5.661726 -0.398621 -2.126858
v 3.515219 -2.990354 -4.531188
v 6.242384 -0.297094 -2.271909
v 2.926755 -2.499378 4.990355
v -5.745919 -3.256448 2.015504
v -5.161511 -3.014076 2.120157
v -5.913514 -3.798989 1.997637
v 3.333003 -2.892503 4.593081
v -6.059927 -3.394091 1.649095
v -0.484200 -3.234700 -1.949300
v -0.478700 -3.171600 -1.891600
v 4.641782 -2.978725 -5.282823
v 4.962374 -3.256662 -5.562291
v 4.715896 -3.370281 -5.550405
v 3.182763 -2.958910 4.393938
v 5.796163 -0.822846 -2.518989
v -2.168555 -6.980538 -4.040565
v 2.827195 -2.973000 4.342795
v -5.201216 -3.890609 2.214248
v -1.014580 8.909800 0.912714
v -2.430060 1.467088 -4.423033
v -3.368121 1.256519 -4.708701
v -2.993662 1.425756 -4.617523
v 4.024875 -3.943097 -5.093402
v -0.716492 -3.250465 -1.680982
v -1.819635 -6.972061 -3.943211
v -0.435308 -3.550542 -1.523175
v -2.523554 0.530277 -5.303185
v -3.128986 0.627600 -5.237067
v -1.026546 9.121130 1.302628
v 6.119047 -0.843479 -2.755178
v 6.349841 -0.584151 -2.597854
v -0.943437 9.003633 1.277893
v -2.614292 1.095666 -4.988832
v -0.455470 -3.518439 -2.087426
v 4.311677 -3.286823 -5.169626
v -3.696442 0.638145 -4.831430
v -4.760715 -2.420092 3.609063
v -4.703657 -2.910479 3.316164
v 3.585814 -3.638536 -4.802680
v -0.864314 8.879957 1.323382
v -3.984361 0.684399 -4.547345
v -2.001011 -7.552580 -3.994555
v -4.606246 -2.696702 2.917169
v 3.336217 -2.825082 4.768133
v -2.120441 0.407114 -5.219521
v 2.966770 -3.929505 -4.398410
v -1.356685 9.181931 1.293962
v 6.006742 -0.639787 -2.439884
v 4.745691 -3.847456 -5.556130
v 3.305695 -2.921561 4.741576
v -1.408932 9.164845 1.314139
v -1.472431 0.240782 -4.409148
v -1.128284 -6.786127 -3.246477
v -1.430897 0.319379 -4.824461
v -0.981139 -6.869861 -3.416748
v -0.512548 -3.539460 -2.125227
v 2.452941 -2.591877 4.678753
v -4.381616 -2.759595 3.953349
v 4.521419 -4.409563 -5.156132
v -1.286250 -0.003443 -4.737273
v 2.606413 -2.622246 4.476124
v -4.408678 -2.717595 3.822983
v -1.606928 -6.799408 -3.547651
v 2.126781 -2.742094 4.858124
v -1.186478 -0.246835 -4.911876
v 2.147019 -2.954275 4.481265
v -1.526449 0.314927 -4.924845
v -0.496568 -3.681636 -2.106622
v -0.911124 8.824374 1.485110
v 5.056497 -0.470249 -2.203629
v -0.965853 8.530350 1.438325
v -1.074822 8.699236 1.140879
v 5.392797 -0.777735 -2.579668
v 4.095786 -4.476873 -5.035888
v -4.533998 -2.824200 4.163146
v -4.580633 -3.075667 3.670644
v -0.816105 -6.780347 -2.958287
v 2.879874 -2.568862 5.607270
v 5.255590 -0.591751 -2.222519
v -1.576072 0.635291 -4.186433
v 1.869988 -3.104735 5.475847
v -1.192221 8.285795 0.382437
v 2.390980 -2.682886 5.387755
v -0.502107 -3.620800 -1.819505
v -1.882200 -0.824500 -5.405200
v -2.176492 -0.672989 -5.596340
v 3.518370 -3.846069 -4.768103
v 2.933468 -3.161344 4.516007
v 3.653718 -4.183342 -4.999507
v -1.076186 8.287314 1.428482
v -0.411655 -3.697174 -1.822281
v -1.127736 8.396708 1.133289
v 3.724272 -4.466994 -4.953586
v 2.993922 -3.556898 4.590172
v -1.117333 -0.401315 -4.788041
v -1.572136 -6.694289 -3.291689
v 2.530174 -3.129411 4.373171
v -1.194687 -0.422150 -4.967426
v 4.468941 -4.806672 -5.370622
v 6.504628 -2.269376 -3.773778
v 6.712323 -1.998476 -3.070764
v 6.861705 -2.096144 -3.230591
v 6.882555 -2.200048 -3.344047
v -0.857100 8.060301 1.162399
v -0.457090 -3.606022 -1.563077
v -0.809168 -7.005125 -3.422655
v 4.898034 -4.959805 -5.571988
v -4.482285 -3.724102 2.977536
v -0.967071 -7.041108 -3.481113
v 2.012774 -3.726217 4.285529
v -1.402412 -0.219499 -4.388009
v -4.635921 -3.366507 3.366813
v -0.944170 -0.884082 -4.802465
v -3.345853 9.109463 0.655120
v -0.825593 -6.986231 -3.311452
v -1.043801 -0.620437 -4.908438
v -3.912595 8.660808 0.072488
v 6.494555 -2.066296 -2.716707
v -4.075770 -3.793926 3.762464
v -1.022829 -0.941417 -5.009267
v -0.387520 -3.575591 -1.461512
v -1.179109 -0.858622 -4.488482
v -1.319431 -0.642955 -4.375842
v -4.335245 -3.370082 4.089231
v -1.558745 -0.624658 -5.001144
v 3.487993 -4.771548 -5.086461
v 3.817395 -4.642915 -5.018362
v -2.098577 7.577699 -1.045596
v 2.849028 -3.001226 5.922934
v 6.113808 -1.383757 -2.859844
v 6.166124 -1.018566 -2.845741
v -0.952403 -7.258576 -3.429348
v 3.362223 -2.673818 5.863968
v 2.842953 -2.684022 5.778197
v -3.575515 -0.007935 -5.363125
v -3.348065 0.379425 -5.303515
v -0.399740 -3.761675 -1.618702
v 5.903468 -0.905163 -2.905515
v -1.526135 7.444904 -0.673217
v -2.966460 0.271877 -5.377515
v -2.187647 7.043915 -1.182076
v -1.097900 7.670400 -0.273201
v 3.480245 -4.937026 -5.157758
v 4.976059 -0.978012 -3.158666
v 3.306798 -3.689142 5.994441
v 3.454243 -5.062038 -5.153032
v -1.682404 -6.756809 -3.382889
v 4.926196 -1.002375 -3.060906
v 2.197702 -4.901816 -4.031581
v 1.083792 -5.234914 -4.355856
v -4.973259 -3.824799 2.759521
v -1.904905 -6.736267 -3.303793
v 1.687128 -4.888355 -4.368399
v -3.540333 -0.178826 -5.452445
v -3.526403 -0.586331 -5.461197
v -4.955878 -4.449962 2.822558
v -1.114490 6.263565 -0.971161
v -1.711092 6.523486 -1.058527
v -3.681037 -0.595243 -5.439414
v -5.084834 -4.400014 2.361804
v 2.283098 -3.643539 5.830526
v -0.378396 -3.893263 -4.012130
v 6.188061 -2.252352 -3.660768
v -0.631678 -3.900011 -4.251197
v -2.000819 -1.775058 -5.790165
v -2.167836 -2.508025 -6.008084
v -1.973541 -6.739684 -3.401979
v -2.592702 7.651422 -1.234806
v -5.107841 -4.740329 2.402896
v -0.237380 -4.614028 -3.688028
v -1.449877 -1.173801 -5.043882
v 3.138884 -4.386518 -4.943000
v 3.333646 -4.449777 -4.856404
v 7.704643 -1.488692 -2.390258
v -0.398996 -4.478558 -3.949980
v 7.525434 -1.637493 -2.704852
v 3.007770 -4.250650 -4.784297
v 7.399242 -1.917062 -2.718847
v -0.522649 -4.172260 -4.131026
v 2.966079 -4.205010 -4.669370
v -1.556394 -1.294438 -5.136753
v 3.082426 -4.337607 -4.878169
v -4.969471 -4.871926 2.760451
v 4.569622 -3.790474 4.612228
v 4.818576 -3.742624 4.356139
v 7.245625 -1.807264 -2.696077
v 3.054853 -4.335573 -4.936234
v 3.085400 -4.325601 -4.872000
v 3.076600 -4.325901 -4.872000
v 3.080100 -4.325800 -4.872000
v -3.414087 7.573686 -1.133778
v 7.567296 -1.644137 -2.151560
v 7.178874 -1.758957 -2.432058
v 2.706065 -4.317983 -4.819726
v 4.393269 -3.958438 4.434999
v 3.075500 -4.320200 -4.872000
v 3.059287 -4.302104 -4.872749
v 3.053091 -4.282540 -4.852656
v -5.853700 -4.392090 2.154785
v -5.723943 -3.800263 2.112466
v -6.206369 -4.557813 1.683704
v 3.040700 -4.326200 -4.849199
v 7.634293 -2.011594 -2.610246
v 4.748244 -3.773059 4.699235
v -2.567648 6.332039 -1.327100
v 7.096374 -2.242003 -2.664207
v -6.158707 -5.183189 1.950838
v -2.481614 -7.545056 -3.364600
v 7.068935 -2.077302 -2.747925
v -5.266648 -4.757058 2.322850
v -1.081478 -1.068503 -4.612844
v 4.601626 -3.759166 4.868364
v -2.892971 6.335789 -1.289858
v -2.348420 -6.262317 -4.010413
v -2.320957 -6.563774 -4.177064
v -5.765291 -5.293928 2.314504
v -1.101876 -1.434932 -4.261522
v -3.766402 6.182632 -1.088966
v -3.312572 6.641477 -1.230621
v 3.073443 -4.325927 -4.865947
v 3.073900 -4.324400 -4.867499
v 3.075100 -4.325800 -4.869100
v -0.430626 -4.121819 -3.026418
v 7.443784 -2.193044 -2.409632
v -3.786263 8.052809 -0.789525
v -4.602642 -3.855072 2.921732
v 4.145840 -3.842962 4.676267
v -3.825172 7.770798 -0.973055
v 4.264897 -4.147410 4.415204
v 6.850913 -1.968743 -2.359052
v 6.933574 -1.913869 -2.657733
v 4.203938 -4.332669 4.443085
v -0.805210 -1.493866 -5.017920
v -4.453207 8.196245 -0.171509
v -4.477486 -4.081536 3.436071
v -1.156522 -1.550388 -4.612256
v 3.851250 -3.745663 4.926034
v -1.743560 -2.412480 -5.809344
v -4.414460 7.931841 -0.466048
v 3.703242 -3.861051 4.820698
v 6.347965 -1.943923 -2.580446
v -4.434772 -4.199599 3.077474
v -4.471144 -4.483145 3.117413
v 6.381419 -2.225072 -2.613233
v 2.846467 -4.343913 -4.759393
v -4.832932 -4.203622 2.972213
v -3.955515 8.931680 1.183807
v 3.220096 -4.125068 -4.620139
v -1.022293 -2.069679 -5.076411
v -4.767538 8.260597 0.507983
v -1.141902 -1.620587 -4.493154
v -1.148830 -1.770601 -4.664513
v 6.856810 -2.192224 -2.208278
v -5.113379 7.808992 0.257569
v 6.675224 -2.069072 -2.406314
v 3.000840 -4.077044 -4.521987
v 2.975145 -4.148879 -4.587269
v -4.003640 -4.037228 3.700708
v 3.025945 -4.140493 -4.481625
v -4.007288 -3.928789 3.839855
v -4.782730 8.337011 1.102495
v 2.952737 -4.215103 -4.566559
v -4.912687 8.159916 1.518094
v 6.618505 -2.282490 -2.404796
v -4.364383 -4.265975 3.560890
v -5.195333 7.786654 0.514393
v 3.553274 -4.469146 4.698369
v 6.379982 -2.246470 -2.475261
v -3.815712 -4.443824 3.678548
v 3.557061 -4.150823 4.741838
v -3.889225 -4.645807 3.952622
v -0.463931 -4.124031 -3.248763
v 4.545637 -3.997827 5.488194
v 2.832968 -4.146105 -4.481694
v -4.280202 -4.862411 3.253947
v 7.690052 -1.824565 -2.003078
v 4.699906 -3.846777 5.091332
v -5.191608 7.770788 0.920282
v -3.277568 -1.911422 -5.798586
v -2.484260 -1.543933 -5.786914
v -4.042910 7.401837 -0.960843
v -0.766421 -4.604359 -3.958000
v -3.825810 7.697000 -0.981416
v 7.383260 -2.136063 -2.145391
v 7.377047 -1.968941 -2.053113
v 7.079472 -2.022448 -2.127839
v -3.248889 -1.113492 -5.626495
v -4.243258 -4.693186 3.497476
v -3.764858 -4.495660 3.620424
v 4.559616 -4.143839 5.607576
v -0.463162 -4.756195 -3.866544
v -3.968429 7.352400 -1.027862
v -4.423793 -4.581358 3.368607
v 4.130029 -3.737351 5.270231
v -4.267960 7.029153 -0.893659
v -0.226698 -5.130373 -3.568338
v -4.022969 -5.078364 3.173037
v 2.913428 -4.278713 -4.671387
v -0.172639 -4.915643 -3.417740
v -4.850600 7.683200 -0.237301
v 2.438476 -4.336824 -4.429195
v -4.570642 7.309123 -0.699796
v 2.596535 -4.355120 -4.509728
v 4.229147 -4.522100 4.403983
v -4.166194 -4.896548 3.280108
v 4.294640 -4.809626 4.490866
v -0.471487 -3.998183 -2.693311
v 4.276258 -4.687360 4.354292
v -3.454494 -1.448716 -5.585951
v -0.502406 -3.899895 -2.796866
v -3.639641 -1.228753 -5.361186
v -2.288948 -6.698483 -4.245210
v 2.408551 -4.467595 -4.392676
v -4.840967 7.062699 -0.517405
v 5.969945 -0.918514 -2.704814
v -4.451875 -4.975715 3.215577
v -3.518742 -1.605839 -5.309042
v -5.095857 7.365317 -0.045631
v -2.481584 -6.776154 -4.283509
v -4.769323 -4.438934 3.146381
v -4.407022 -4.752762 3.102100
v 3.392423 -4.647229 -5.021993
v -4.740724 -4.795167 3.095142
v -4.903150 7.285449 -0.346760
v -3.462691 -1.879549 -5.632488
v -2.662358 -7.050162 -4.164423
v 6.150341 -1.095084 -2.675617
v 4.630301 -4.884474 4.460494
v -4.596265 -5.099411 3.169247
v -3.049729 -7.078229 -4.167160
v 5.876575 -0.944136 -2.809889
v -0.460482 -4.115363 -2.653574
v -4.939636 -4.963404 2.923854
v -5.139561 6.630271 -0.215202
v -3.069983 -7.771241 -4.014042
v -2.624941 -7.686584 -4.050119
v 6.105366 -1.499577 -2.555130
v 2.848183 -4.726702 -5.139600
v -0.625931 -3.814149 -2.504111
v -3.231357 -6.796868 -4.075508
v 4.352283 -4.830903 4.320220
v -3.444609 -6.637008 -4.137059
v 4.519454 -4.843758 4.324618
v -3.459368 -2.401359 -5.511653
v -3.469134 -2.044571 -5.264289
v 2.839125 -4.766041 -5.120403
v 6.009597 -1.313088 -2.844230
v -3.496283 -6.854472 -4.052712
v -4.737447 6.623796 -0.642734
v 6.277349 -1.506895 -2.671762
v 3.408917 -4.895858 -5.035020
v 6.264642 -1.577380 -2.757790
v -3.921686 -5.039658 4.127319
v -3.173160 -7.002080 -4.137090
v 4.496064 -4.850516 4.460957
v -0.445839 -4.216720 -2.367580
v -5.010798 -2.559987 4.848150
v -3.402748 -2.187358 -5.764987
v -4.991994 -2.471530 4.621152
v 4.480308 -4.830454 4.443329
v -4.996037 -3.149412 4.613698
v -4.852018 -2.438854 4.400344
v -0.462807 -4.160813 -2.521832
v 3.247637 -5.175897 -5.249873
v -4.661720 -1.832191 5.137470
v -4.966806 6.577981 -0.390904
v -4.935453 -2.122887 4.896781
v -3.903265 -2.362622 5.754199
v 4.384279 -4.824237 4.346311
v 3.017200 -4.923000 -5.228799
v -5.090091 -3.351403 4.938521
v -3.901269 -0.387399 -4.842671
v -0.360921 -4.423851 -2.391859
v 6.289247 -1.756514 -2.526770
v -4.462258 0.059338 -4.094882
v 6.016574 -1.604579 -2.658121
v -5.014544 -3.202873 5.203351
v -0.447820 -4.033671 -2.151155
v 4.492373 -4.865495 4.433606
v -4.184236 -2.163251 5.739715
v -4.331970 -2.632959 5.908206
v 2.825708 -5.053529 -5.305760
v -3.669430 -7.329212 -3.945550
v -5.092629 6.388683 -0.194032
v -0.430325 -4.008023 -2.150007
v -3.711664 -7.852133 -3.855938
v -4.107904 -0.591536 -4.489842
v -5.176401 7.508490 0.227769
v -4.410966 -3.018220 6.054420
v -4.030055 -2.891860 6.043255
v -2.815316 -7.573539 -2.885464
v 2.833022 -5.144475 -5.380549
v -2.959763 -7.650791 -3.039714
v -0.430818 -3.966798 -2.108107
v -4.163569 -3.339402 6.288324
v -3.912337 -3.403245 6.175498
v -3.883334 -1.572305 -5.067568
v -5.269393 7.481325 0.526364
v 6.112171 -1.912656 -2.707947
v 6.278719 -2.007476 -2.706830
v -3.781784 -1.703887 -5.198807
v 4.216792 -4.851699 4.401436
v -0.412273 -4.005061 -2.115776
v -4.461062 -3.680671 6.319026
v 4.352674 -4.808280 4.514914
v -5.088516 -4.052745 4.796750
v -5.289205 7.220855 0.224313
v -3.007789 -7.640110 -2.728304
v -2.858881 -7.665065 -2.860487
v -0.418051 -3.993896 -2.101457
v -4.769700 -4.039899 4.476000
v 4.452949 -4.874110 4.611592
v -5.092975 -5.054529 4.847173
v -4.603598 -5.014953 4.471575
v -4.250337 -5.385764 4.367287
v -5.105545 -4.627667 5.635207
v 6.239728 -1.937602 -2.461567
v -4.243395 -4.000509 6.595649
v -4.593954 -4.228343 6.405896
v -5.363841 7.172829 0.529089
v -3.125078 -7.656803 -2.880371
v -3.753974 -4.961625 6.261029
v -2.944027 -7.466851 -2.019854
v 4.158155 -4.888872 4.590024
v -4.364100 -4.605700 6.811000
v -4.162976 -4.917059 6.978524
v -3.895735 -4.837456 6.746944
v -4.000100 -4.435800 6.710001
v -2.568424 2.060633 -2.506300
v 6.113361 -2.180701 -2.579310
v -2.850033 2.120799 -2.653978
v -3.009577 2.197777 -2.707673
v 4.249700 -4.868400 4.804801
v 4.412200 -4.869100 4.763501
v 4.478106 -4.876914 4.825478
v 2.843243 -5.157254 -5.341909
v -4.433411 -5.144612 6.956775
v -4.321379 -5.050698 7.008463
v 4.466441 -4.893258 4.812528
v -2.739669 2.122801 -2.652716
v -4.951104 -2.035899 -3.551651
v 2.522824 -4.703610 -5.113859
v -4.551138 -2.990252 -4.145727
v 6.193501 -2.287696 -2.888566
v -4.686322 -3.593216 -3.920925
v -5.201910 7.727751 0.885014
v -4.504040 -5.176886 6.913422
v 6.205933 -2.302652 -2.409639
v 3.141859 -4.517934 -5.022956
v -5.350631 7.476395 1.061210
v -4.424504 -3.935089 -4.087122
v -5.375332 7.450306 0.954188
v -5.181392 -4.779389 5.202707
v -5.095313 -3.064464 -3.352530
v -5.341142 -3.176855 -3.014820
v -4.943857 -5.361469 2.760296
v -0.703137 -1.557423 -4.930536
v -0.188704 -4.878283 -1.418349
v -0.051866 -5.377712 -2.064787
v 3.177157 -4.501978 -4.881608
v -0.250297 -4.763128 -2.687728
v -4.936327 -7.448793 2.164330
v -5.336167 -2.325777 -2.915254
v -5.334927 7.533962 1.185189
v -5.424026 7.486750 1.158072
v -0.781542 -1.671042 -4.696273
v -6.228306 -5.822029 1.941005
v -0.616179 -1.762044 -4.857143
v -6.399026 -5.985520 1.626810
v -2.824013 2.286718 -2.018890
v 3.998415 -4.862902 4.328307
v -3.203764 2.073309 -2.616073
v 4.089494 -4.723493 4.618264
v -5.227388 -5.463135 2.492462
v 3.406520 -4.712110 -4.869381
v -5.261463 -2.906532 -2.363446
v -3.386488 2.248538 -2.703838
v -5.968970 -5.776042 2.205957
v 3.315356 -4.687074 -4.949794
v 3.569754 -4.705803 4.792911
v -5.652164 -5.941978 2.341764
v -0.460956 -2.371653 -4.747261
v -5.228187 -2.879614 -1.392783
v 1.026987 -5.679654 -4.153851
v -0.458276 -2.349892 -4.974134
v 3.195939 -4.623137 -5.009238
v -5.295756 -5.692555 2.468965
v -5.399104 7.165865 0.867351
v -3.646630 2.233300 -2.571520
v 3.986170 -4.965190 4.405721
v -3.430524 2.098051 -2.564395
v -4.722112 -4.259642 -3.845389
v -5.187554 -5.654960 2.748769
v 0.459475 -6.490180 -4.262115
v -5.355530 7.126498 1.522789
v -5.382559 7.400701 1.155050
v 1.295669 -5.923494 -4.117914
v 3.883595 -5.019030 4.534587
v -5.414999 6.722561 0.535032
v -4.977626 -4.318472 -3.529974
v -5.869741 -6.206885 2.172186
v 1.289044 -6.305277 -4.270517
v 2.953086 -4.573021 -4.978739
v 4.128016 -4.855854 4.818364
v 3.958130 -4.817890 4.825150
v 4.893646 1.029652 -3.023534
v -5.355046 6.257495 0.371894
v -6.243161 -6.257134 1.789777
v -4.203086 -4.976309 -4.120654
v 4.150329 -4.868805 4.804809
v 4.760314 0.720676 -3.330241
v -6.496885 -6.454112 1.307647
v 4.075500 -4.831100 4.911000
v -2.462904 2.542358 -1.409426
v 4.019300 -4.831200 4.958400
v 0.313170 -5.712942 -4.314939
v 4.169556 -4.859683 5.000474
v -0.475211 -5.272321 -3.650331
v -2.972142 2.518350 -1.580535
v 4.567393 0.778229 -2.956365
v -5.408001 6.763232 1.388906
v -2.417700 2.136700 -1.769100
v -5.503982 6.770683 1.130142
v 3.988900 -4.831299 4.984001
v -3.277437 2.491908 -1.439042
v -5.470515 6.697072 1.123100
v -3.639400 2.230300 -1.862300
v -0.107592 -5.573437 -3.145438
v 4.393182 0.542363 -3.119570
v -0.361657 -5.962847 -3.332344
v 4.663868 0.676537 -3.251047
v 3.714009 -4.824678 4.889203
v -2.210217 1.399324 -2.901618
v -2.135654 1.296278 -3.645962
v -4.630364 -5.055451 -3.778416
v 3.499820 -4.792295 4.843022
v -0.041399 -6.350775 -4.232271
v 2.372743 -4.519822 -4.684273
v -5.353873 -4.370131 -3.054569
v -5.466590 6.341033 1.004461
v 3.532287 -4.954479 4.695576
v 4.470474 0.651832 -2.770959
v -1.731040 0.472639 -3.532182
v 2.393536 -4.526699 -4.545312
v -5.266253 -4.097565 -3.236242
v -0.405595 -6.229026 -4.271258
v -0.192910 -6.295425 -3.035143
v 2.456034 -4.495998 -4.431159
v -0.318622 -6.354398 -3.181120
v -5.316776 -5.246857 -3.215905
v -5.254502 -4.753962 -3.303196
v -5.445407 6.448991 1.267379
v 3.892327 -4.729701 5.614753
v 4.518535 -4.794853 5.122228
v -0.337586 -6.639766 -3.054286
v -0.495703 -6.612902 -3.126016
v -5.261697 -4.068628 -1.912186
v -5.313721 -4.770620 -2.707339
v -1.996694 1.039008 -3.000456
v -0.434718 -6.818413 -4.333511
v 0.343603 3.323163 -0.004420
v -2.083005 5.126042 -1.415890
v -2.179489 5.038542 -1.664206
v -5.306491 -5.625216 -2.099070
v -4.059966 -5.682590 -4.147172
v -2.147453 4.841368 -1.603738
v 4.347600 -4.912499 5.209600
v 4.597088 -5.096928 5.375801
v -2.724651 1.630066 -3.610640
v -0.710272 -6.733472 -3.057196
v 2.456808 -4.595111 -4.523176
v 0.192114 2.923728 -0.208059
v -3.293237 1.753477 -3.684893
v -3.122076 1.620593 -4.202259
v 0.093308 2.753078 -0.090076
v 2.465011 -4.691392 -4.331276
v -0.685256 -6.791348 -3.090124
v -0.508740 2.659993 -0.317118
v -0.403407 2.852154 -0.380669
v 4.325651 -5.042574 5.695589
v -2.692903 6.067215 -1.392374
v -2.723253 6.257406 -1.453914
v -4.457564 -5.078470 -3.974782
v -0.890403 2.245933 -0.412181
v -2.799402 1.786803 -3.151547
v -2.916480 6.251972 -1.547627
v 3.960449 -4.777956 5.469256
v 4.027543 -4.816273 5.307273
v 4.165200 -4.831600 4.988901
v -2.785371 5.789323 -1.495064
v 2.394854 -4.478773 -4.468953
v -4.343400 -6.224558 -3.885776
v -6.251610 -6.471247 1.847302
v -6.054515 -6.437893 2.145979
v -0.524256 -6.801963 -2.977659
v -4.497959 -6.188077 -3.755968
v -5.123077 -5.730381 -3.455721
v -2.960566 5.872151 -1.525090
v 3.874000 -4.831399 5.080801
v -3.709660 1.906783 -3.043884
v -0.672990 2.525147 -0.378630
v -0.380406 2.658019 -0.030577
v -3.181479 5.972695 -1.627037
v -3.063916 6.176252 -1.567417
v -3.113755 5.886848 -1.675167
v -5.577850 -6.062402 2.402627
v -3.121233 1.882904 -3.259527
v 4.293170 -5.410484 -5.446413
v 4.404228 -4.276375 5.799278
v -1.984622 1.774893 -1.982166
v -3.971724 -6.312150 -3.965923
v -3.772554 -6.290937 -4.141329
v 0.407593 3.403701 0.310027
v -5.284576 -5.885391 2.618648
v -5.348648 -5.933097 2.871826
v 4.730637 -5.390378 -5.535928
v 3.807811 -4.117533 6.292753
v 3.980475 -3.911664 5.922803
v 4.308090 -5.762400 -5.608299
v -5.512846 -6.107725 2.627643
v -5.560792 -5.979050 2.818818
v -3.824658 -6.557019 -4.017427
v -5.691440 -6.021501 2.627758
v -3.230667 5.845790 -1.600852
v -4.971953 -6.366446 -3.536429
v 0.246764 3.110565 0.551390
v -2.958702 5.537219 -1.624487
v 3.604500 -5.304600 -5.291100
v -5.584444 -6.167269 2.581717
v -3.946566 -7.336725 -3.773061
v -2.084220 1.710293 -1.884018
v 3.815880 -5.593476 -5.334711
v -5.671384 -6.212218 2.496731
v -3.125632 5.631132 -1.681647
v -4.401610 -7.934636 -3.514281
v 0.121139 2.935860 0.744991
v 0.091174 2.752631 0.580245
v 0.269611 2.767301 0.298774
v -2.370471 5.219268 -1.475781
v -2.486479 5.302816 -1.539608
v -4.390519 -7.394526 -3.541467
v -5.605740 -6.138741 2.850921
v -5.820657 -6.074517 2.700162
v 4.078727 -4.283526 6.126041
v -1.959758 1.679541 -1.718748
v -4.697758 -6.693844 -3.619837
v 4.627694 -6.304484 -5.629721
v -2.693514 5.572746 -1.543604
v 3.602156 -4.488972 6.207910
v 3.654794 -4.192110 6.352041
v -0.116670 3.280139 1.228117
v -5.052420 -6.916093 -3.290828
v -2.738191 5.335066 -1.600834
v 4.586267 -6.507998 -5.508032
v -2.763494 5.216908 -1.655004
v -0.179869 2.919056 0.876533
v 3.530617 -6.079576 -5.416486
v -1.742481 1.438527 -1.809757
v -5.805804 -6.344742 2.328352
v -4.595723 -7.450550 -3.499845
v 3.670167 -6.035173 -5.381099
v 3.908446 -5.987737 -5.552910
v 3.769033 -4.631732 5.885404
v -1.699753 1.619144 -1.434285
v -1.786238 1.614000 -1.420753
v -5.864123 -6.420353 2.229752
v 0.106763 2.687111 0.333373
v 3.536190 -5.902595 -5.320295
v -5.449478 -6.397672 2.692698
v -1.875489 1.642950 -1.585307
v -5.912354 -6.243385 2.598140
v -0.444231 -7.117110 -2.901901
v -0.744252 2.386070 0.329437
v -5.629881 -6.315153 2.601802
v 3.559170 -5.967473 -5.366277
v -0.325822 2.634394 0.424071
v -4.826481 -7.966900 -3.183103
v 3.533954 -4.505613 6.272382
v -5.637477 -6.545392 2.873170
v 3.641583 -6.147470 -5.314872
v 3.739145 -4.814823 6.418402
v 3.489665 -4.650898 6.336198
v -5.114116 -7.428854 -2.891761
v -1.688930 0.677680 -2.122859
v 4.580242 0.236282 -3.314819
v 3.402283 -6.103541 -5.121290
v -0.054140 -5.596164 -2.461265
v 4.087000 -4.904399 5.893500
v 4.325235 0.405696 -3.052423
v -6.000037 -6.213013 2.317372
v -5.893571 -6.051638 2.505844
v -5.310839 -5.923864 -3.196399
v 3.879326 -5.070710 6.412105
v 4.071691 -5.029612 6.209204
v 4.171666 -6.589068 -5.266577
v -0.106491 -5.527725 -1.613393
v 3.521918 -5.153646 6.391271
v 4.024703 -6.258141 -5.524879
v -2.810067 1.973338 -2.618093
v 3.265458 -4.456105 4.616276
v -2.397278 4.891392 -1.529678
v 3.526288 -6.067647 -4.408544
v -6.095409 -6.310320 2.407701
v -0.226273 -5.648673 -1.567639
v 4.137391 -6.538973 -4.609736
v -2.901761 5.194931 -1.549170
v -5.258840 -6.573565 -3.190360
v 4.338038 -0.102036 -3.185349
v 4.307761 0.113059 -3.186443
v 3.476194 -6.165688 -5.088845
v 4.076653 -6.588824 -4.917181
v 3.367743 -4.827340 4.699066
v 4.678101 -6.796120 -5.088769
v -2.327534 1.964296 -2.319924
v 4.954916 -6.811914 -5.090361
v 4.202076 -6.676977 -5.257020
v 4.188012 -6.613210 -5.218113
v 4.421309 -6.656893 -5.281362
v -5.320279 -7.478521 -2.791790
v -4.209341 -7.713456 -1.929403
v -3.116815 5.396476 -1.578390
v -6.119468 -6.430419 2.249127
v 2.990172 -5.033397 4.603033
v 4.239385 0.094547 -3.084671
v 2.245848 -5.045211 4.543402
v -2.572827 1.883525 -2.414998
v 2.819634 -3.788146 5.895640
v -0.117696 -6.561394 -2.441198
v -6.122242 -6.497191 2.338517
v -5.826568 -6.440580 2.502944
v -1.993504 4.853559 -1.483860
v -0.207414 -5.966246 -2.197188
v -5.374296 -6.644350 -2.657610
v 2.907573 -4.263481 5.999150
v -5.421861 -5.634924 -1.627687
v -5.452651 -6.998354 -2.358152
v -1.319063 6.011162 -1.121150
v -0.403377 -6.615073 -2.750221
v 4.354938 -0.285439 -2.871305
v -2.320314 1.788081 -2.152211
v -0.484084 -6.484753 -2.367377
v -2.409827 1.817479 -2.247470
v 4.782210 -0.590746 -3.388292
v -5.267270 -7.968744 -2.654631
v -6.461682 -6.671835 1.750780
v -6.358991 -6.876074 2.150516
v 4.840171 -0.808195 -2.936936
v 4.553262 -6.792602 -4.849494
v 4.477815 -0.699171 -2.934866
v 5.093454 -6.895276 -4.958459
v -6.456968 -7.178323 1.729990
v -0.462093 -6.551584 -2.201642
v 2.281711 -3.933073 5.761233
v -5.668310 -7.436853 -2.061044
v -1.772519 5.193810 -1.324691
v -2.214404 5.905500 -1.282651
v 0.266011 -6.413319 -1.769106
v 2.769327 -5.296925 -5.436636
v -6.327971 -7.160718 2.022294
v -2.154299 5.548209 -1.351867
v 2.764953 -5.349578 -5.446096
v -5.775232 -7.547136 -2.243763
v 2.805001 -5.431781 -5.431390
v -2.048790 5.292416 -1.333442
v -2.178598 5.288560 -1.150732
v -5.784895 -7.641473 -2.225599
v -6.421309 -7.706162 1.794641
v -5.881598 -7.556263 -2.313138
v -3.716798 2.070693 -2.425355
v 4.558598 -0.065457 -2.464728
v -5.808870 -6.678879 2.834873
v 4.324894 0.145366 -2.641708
v -0.369756 -6.318841 -1.145655
v -4.029099 2.140085 -2.359349
v -0.412200 -6.283900 -1.860399
v -5.645386 -7.984058 -2.260175
v -5.959905 -7.522018 -2.238888
v 4.828483 -0.319717 -2.287017
v -1.914600 4.995702 -1.372154
v 4.528565 -0.611701 -2.522488
v -3.885829 2.029284 -2.317808
v 0.080758 -6.962189 -2.251106
v -5.954204 -7.633914 -2.236801
v 4.611799 -0.756815 -2.764388
v -5.947250 -6.622617 2.393156
v -0.427236 -6.697463 -2.842460
v -2.235447 5.106674 -1.328642
v 3.381883 -5.411866 -5.252403
v -6.159281 -6.603486 2.368463
v -5.688562 -6.994577 -1.774293
v 4.740427 -0.638632 -2.475049
v 3.063016 -4.902480 5.912851
v 3.121326 -4.663486 5.991663
v -5.874100 -7.555374 -2.113305
v -0.804918 -1.767312 -3.943406
v 3.216062 -5.057201 6.216376
v -0.724117 -1.653282 -0.650987
v -3.984509 1.486934 -3.871559
v -5.951444 -7.554276 -2.147140
v -0.636642 -1.931569 -0.875581
v 3.741700 -5.265299 3.495100
v -0.758237 -1.905033 -0.420953
v -3.922000 1.333091 -4.136205
v -4.428990 1.654634 -2.847018
v -4.119066 1.752880 -3.138980
v 4.600054 -5.475411 4.059010
v 4.239837 -5.417382 3.798628
v -4.381774 1.318143 -3.646650
v -4.606905 0.543849 -3.852877
v 4.410721 -5.871571 4.119327
v 6.591664 -3.531368 -4.210382
v 6.253109 -3.658716 -4.623209
v 2.868873 -5.235115 -5.352264
v -5.938143 -7.986495 -1.829849
v 5.843726 -2.478355 -4.366439
v -5.977754 -7.529934 -1.506973
v 3.612887 -5.453121 3.678073
v 6.262537 -2.596165 -4.319427
v -0.529474 -6.633911 -2.630498
v -6.008544 -6.681508 2.575906
v 5.674527 -2.700300 -4.566162
v -4.751060 1.148677 -3.200026
v -5.064884 0.642955 -2.939322
v -4.178145 1.840748 -2.555368
v 5.758356 -2.966830 -4.572246
v 2.830900 -5.264201 -5.388899
v -0.674990 -2.607342 -0.231820
v -1.144388 -2.805845 0.018628
v -4.060056 1.966648 -2.158524
v -6.192202 -6.686105 2.532589
v 2.743636 -5.269626 -5.397588
v 5.339808 -2.436175 -4.439487
v 2.833800 -5.225501 -5.352399
v -4.795652 1.318896 -2.526024
v -4.529394 1.700641 -2.125222
v -0.594957 -6.687556 -2.644023
v -0.586636 -6.699411 -2.535322
v -5.968047 -6.595790 2.769473
v -5.960055 -6.672128 2.682775
v -4.463912 1.950256 -1.841062
v 2.901231 -5.495498 -5.508437
v 2.963582 -5.405790 -5.364695
v -4.227040 1.888748 -1.936063
v -6.036437 -6.638093 2.742468
v 3.905003 -5.646360 3.978177
v -0.164126 -7.036653 -2.561158
v 3.576425 -5.534775 3.930202
v 2.970006 -5.407316 -5.389019
v 3.747708 -5.580465 3.938420
v -0.530854 -6.639382 -2.408089
v 2.837144 -5.361686 -5.380256
v 3.616734 -5.704856 3.672024
v -4.368874 1.779150 -1.501614
v -2.441105 5.563571 -1.326982
v -1.355833 -2.653342 0.562267
v -1.089898 -3.777894 0.258356
v -2.670761 5.650470 -1.346469
v 3.391483 -5.888295 -5.492029
v -4.587312 1.908392 -1.555998
v 4.062541 -5.680601 4.085757
v 5.995031 -3.600045 -4.854596
v 5.576600 -3.509001 -5.121200
v -1.026093 -3.466989 0.108539
v -6.083747 -6.872289 2.693358
v 3.326989 -5.797887 -5.404407
v -1.161924 -3.457398 0.260746
v -4.655825 1.604844 -1.832207
v -4.853467 1.221086 -1.512895
v -4.973361 0.746047 -2.014054
v 3.048004 -5.542591 -5.386892
v 5.624563 -3.719894 -5.379848
v 5.316918 -3.625571 -5.672484
v -1.149332 -3.996862 0.747340
v 2.830238 -5.686924 -5.445535
v -3.076446 6.075780 -1.263007
v 0.236913 -6.909621 -1.955446
v 5.601597 -3.233892 -4.675820
v 5.993999 -3.196831 -4.342961
v -3.062749 5.622254 -1.212126
v -1.430189 3.404962 -1.005582
v -1.608399 2.790378 -1.045045
v 3.514508 -5.514771 4.089060
v -6.009903 -6.786790 2.642135
v -6.012767 -6.861764 2.653384
v -0.573087 -2.267199 -1.347127
v -1.765858 3.695878 -1.114353
v -2.273570 2.795916 -1.175654
v 5.489010 -3.365255 -4.638292
v -0.533365 -2.479900 -1.271535
v 3.688159 -5.610482 4.205645
v -2.011320 3.252604 -1.056568
v -1.946562 2.644427 -1.169525
v 6.294415 -3.434557 -4.233552
v -2.683142 5.580287 -1.162360
v -6.057021 -6.800765 2.719774
v -5.989461 -6.818278 2.806979
v 3.782767 -5.648946 4.265903
v 3.216111 -5.573299 -5.360782
v -1.730656 2.217744 -1.162472
v -5.981948 -6.825181 2.783608
v -2.430714 5.239340 -1.347099
v 3.244867 -5.630564 -5.327567
v -0.895334 -4.184819 -1.058892
v -0.820409 -4.017473 -1.112690
v -5.979634 -6.881995 2.716248
v -2.067204 2.193779 -1.414500
v 5.657417 -3.446042 -4.337940
v -5.943530 -6.905508 2.762850
v -5.993319 -6.863575 2.796994
v -6.000106 -6.853836 2.774266
v -2.424109 5.374167 -1.198454
v 4.510499 -6.222307 4.243929
v -2.808536 3.332677 -0.681102
v -2.457394 3.166732 -0.977360
v -2.952609 3.033792 -0.694035
v -0.996852 -4.369985 -1.092583
v -2.737926 2.863129 -1.116790
v -0.363482 -2.887768 -1.299529
v -0.431795 -2.753410 -1.358238
v 4.097878 -5.897501 3.897541
v 5.344150 -3.294151 -4.896610
v -3.049453 3.145512 -0.173692
v -0.886940 -4.737011 -0.795454
v -2.731614 5.484214 -1.219858
v -0.952600 -4.548500 -0.859100
v 3.807613 -6.429709 3.991909
v 3.553987 -6.405073 3.855493
v -3.055049 3.493906 -0.180820
v 3.278986 -5.833569 -5.354289
v 3.372646 -5.800576 -5.273899
v 4.090212 -6.862770 4.248131
v 3.440153 -6.805866 4.268945
v -1.021871 -4.723960 -0.964942
v 3.605191 -6.707865 4.044583
v -3.249366 2.612743 -0.952361
v 3.126641 -5.889825 3.547285
v 3.150128 -5.260517 3.336508
v -2.871308 5.357478 -1.236235
v -3.492513 2.462017 0.402243
v 6.498952 -4.693439 -4.593971
v -3.278030 2.684094 -0.267176
v 2.923098 -5.244432 3.583431
v -1.536703 3.066229 1.290694
v 3.111208 -5.393053 3.753394
v -0.866711 3.172573 1.321499
v -0.728312 2.564963 0.543966
v -0.471669 -2.789739 -1.198474
v 3.241641 -5.862455 -5.410274
v 5.704715 -4.353600 -5.333903
v -2.040371 2.875989 1.126277
v 3.214180 -5.997195 -5.073745
v -0.814359 -2.404995 -1.424643
v -0.677509 -3.099123 -1.216485
v 5.373844 -3.811031 -5.615463
v 2.784066 -5.700182 -5.403385
v -1.262571 1.996796 0.422216
v 3.340521 -5.484130 3.899691
v 3.094457 -5.637751 -5.255511
v 5.092645 -3.862667 -5.636503
v 3.452166 -5.502316 3.902454
v 3.342333 -5.460386 3.863657
v -1.985543 2.555156 1.058924
v 5.366006 -4.200395 -5.188632
v -6.031220 -6.855684 2.728757
v -0.469967 -2.998461 -1.156615
v 5.230545 -4.253582 -5.263247
v 4.999403 -4.335423 -5.300164
v 3.233015 -5.431319 3.807425
v -2.571089 5.082413 -1.216755
v -1.656835 2.589653 0.999225
v 3.284730 -5.441500 3.937502
v 6.074840 -4.051653 -4.622670
v -3.016836 3.307047 0.564450
v -0.628168 -3.013020 -1.001722
v -1.015950 -4.161754 0.373543
v -0.367123 -3.067336 -0.624245
v -1.015831 -4.522151 0.700027
v 5.782127 -4.169972 -4.725124
v 5.865609 -4.283432 -4.910930
v 2.947025 -5.208579 3.824236
v -3.324789 5.250591 -1.046455
v -3.116057 3.497582 0.414445
v -3.049006 3.189836 0.197939
v -2.986625 2.856827 0.689379
v 3.018149 -5.542740 3.570085
v -0.418747 -2.680548 -0.371311
v -3.135481 2.829437 0.453516
v -1.375610 4.410843 -1.310352
v -0.270973 -3.342861 -0.088415
v -6.348246 -7.191860 2.174764
v 6.176758 -4.723825 -5.064579
v 2.914384 -5.412151 3.863368
v -6.217365 -7.124505 2.242448
v -1.963186 4.751231 -1.295998
v 3.058925 -5.353083 3.818918
v -2.855633 3.127408 0.730977
v 5.714817 -4.547052 -5.465931
v -2.075784 4.726558 -1.276407
v 5.744929 -4.783413 -5.484271
v -2.532700 2.962000 0.963600
v 5.607595 -5.266865 -5.379204
v -6.170502 -7.104468 2.611166
v 5.091041 -4.525198 -5.471148
v -0.977283 -4.295839 1.017004
v -1.090001 -4.305918 0.749330
v -6.071166 -7.567625 2.748996
v 5.375458 -4.990841 -5.621137
v -6.153613 -7.609161 2.544758
v -2.612118 2.487510 1.035703
v -2.662071 1.954906 1.223694
v -2.968312 2.129037 1.395759
v 3.404835 -5.396933 4.102157
v 6.217340 -4.851868 -4.748215
v 2.963556 -5.958423 -5.185464
v -2.915604 2.068877 1.293494
v -0.378656 -3.343621 -1.251351
v 2.514781 -5.384026 -5.424228
v 6.043904 -5.074255 -4.467001
v 5.948073 -5.117885 -4.549806
v -3.137667 2.430103 0.956148
v -3.428500 2.312400 0.969500
v -3.474052 2.188600 1.365412
v 2.312056 -5.208173 -5.384513
v 3.334700 -5.447100 3.950600
v 3.387500 -5.471200 3.967201
v -3.590900 -7.343400 0.452901
v -1.351300 -6.982700 -0.068599
v 6.547333 -5.268579 -5.273472
v -3.437581 2.134765 1.294648
v 6.793705 -5.571512 -5.339533
v 6.702087 -5.437305 -5.396934
v 6.537203 -5.517700 -5.566192
v 3.411500 -5.482100 3.974801
v 2.535714 -5.564414 -5.432107
v -1.528213 1.515172 -0.890237
v 3.374800 -5.473499 3.930300
v -6.141031 -3.625274 1.272786
v -0.437502 -3.315280 -1.092175
v -5.983108 -3.078479 0.816954
v -5.495300 -3.436900 -0.599200
v -0.430776 -3.401391 -1.281056
v -4.133308 -5.317857 3.390483
v -6.305615 -5.070621 1.036975
v -6.157177 -4.804912 0.544295
v 3.140346 -5.360231 3.919510
v -2.945095 4.471774 -0.805723
v 3.272230 -5.430980 3.929166
v 2.453888 -5.878250 -5.447296
v -2.295227 4.675109 -1.091586
v 6.678835 -5.701273 -5.573619
v -5.867300 -5.685800 -0.652600
v -6.159231 -7.047886 -0.980784
v 6.358953 -5.755347 -5.665475
v -3.539003 4.657938 -0.702073
v 2.589922 -5.596456 -5.412626
v 6.825838 -5.343085 -4.773943
v -6.191474 -7.970496 -1.205407
v -3.741508 -5.577754 3.583720
v -4.047276 -5.586888 3.454295
v -1.556909 1.464821 -1.236699
v -1.659629 1.569834 -1.198465
v -2.619517 3.867293 -0.750217
v -3.324710 4.021125 -0.326995
v -4.540820 -5.807280 3.328673
v -3.201120 3.775356 -0.175169
v -4.012938 -5.723713 3.365612
v -6.366467 -7.539438 -0.877573
v -6.333019 -7.492771 -0.754468
v -0.465020 -3.457053 -1.256020
v -3.006456 3.675437 -0.407148
v 6.491220 -6.221389 -5.312415
v 6.597097 -6.088362 -5.522412
v 3.314574 -6.143606 -5.446777
v -1.279400 1.765948 -0.459825
v -1.293720 1.826081 -0.613159
v 3.296468 -5.561048 3.593416
v -0.917939 4.053782 0.351162
v -1.436021 1.409814 -0.575256
v 3.286976 -6.187160 -5.413894
v -6.465439 -7.904242 -0.204499
v 6.774961 -6.058458 -5.363833
v -1.573854 1.389521 -0.306445
v -6.555532 -7.484178 0.136960
v 6.690666 -6.175382 -5.297119
v -1.657853 1.538139 0.019097
v -1.520605 1.386638 -0.112165
v -4.867020 -5.411606 3.201072
v 2.842566 -5.960803 -5.476311
v 6.705967 -6.076507 -4.901056
v -0.503076 -3.503082 -1.352013
v 2.878997 -6.205106 -5.432080
v -0.352642 -3.603360 -1.107586
v 2.831642 -5.609826 3.879512
v -4.996463 -5.453311 2.996837
v 2.870300 -5.659045 3.662420
v 5.986387 -5.450155 -5.538398
v 2.703938 -6.122807 -5.473665
v -6.385576 -6.037352 0.647196
v -1.665215 1.309101 -0.035945
v -0.496927 -3.370218 -1.151784
v -1.626404 1.341286 -0.184818
v -0.862591 4.045090 0.541245
v 2.845514 -6.016816 -5.553445
v -3.588684 3.885262 0.639721
v -6.547428 -7.200359 0.514108
v -4.488903 -5.472373 3.335665
v -1.339725 0.618791 -0.639734
v -6.565128 -7.820940 0.731714
v 3.240368 -5.567384 4.161013
v 5.748324 -5.177847 -5.217751
v -4.694619 -5.740536 3.208296
v -3.389007 3.791883 0.330995
v -5.069515 -5.781394 3.010904
v -0.719885 -3.380762 -1.102450
v -0.643587 -3.573833 -1.098895
v -1.468906 1.289278 -0.025345
v -1.422249 0.887570 -0.467576
v -3.623833 3.979847 0.219961
v -6.562993 -7.072529 1.298926
v -1.635103 1.801351 0.598050
v 2.903241 -5.795471 4.172657
v -1.528600 1.701800 0.393800
v -0.228604 -3.664273 -0.916203
v -1.791400 3.372600 1.518300
v -0.283728 -3.569512 -0.980684
v -3.237295 2.025589 1.588971
v 5.282608 -5.531884 -5.634021
v -1.576801 1.381220 0.178230
v -1.948695 1.384884 1.270610
v 3.370034 -6.176731 -5.234693
v -2.023739 1.355885 1.359233
v -2.015553 1.249412 1.576431
v -1.955103 1.149327 1.771946
v -3.051720 3.596178 0.924090
v 3.326871 -6.117741 -5.240245
v 2.791861 -6.004587 3.883321
v 2.942317 -6.172302 3.649701
v -2.117624 1.049973 1.431712
v 5.228093 -5.360482 -5.535120
v 5.316319 -5.813665 -5.642918
v -2.092732 1.186058 1.876762
v 5.839950 -5.176253 -4.724589
v 2.814743 -6.040415 4.276927
v -1.762457 1.465669 0.562778
v -2.214577 1.126203 1.930102
v -4.142833 -5.926557 3.465436
v -0.183600 -3.507732 -0.132832
v -4.182589 -6.224322 3.507025
v -3.839970 -6.152025 3.505416
v -3.966490 -6.040250 3.545067
v -0.125174 -3.935518 -0.090141
v -1.717549 1.412734 0.431164
v 3.153913 -6.357704 3.691541
v -2.220999 1.059224 2.096480
v -4.904941 5.696434 -0.234032
v -3.848786 -6.213312 3.570351
v -0.328209 -3.498740 0.078968
v 6.144613 -5.163993 -4.937568
v -0.767459 -3.635304 0.125479
v 3.243814 -6.098537 -5.184997
v -1.906099 0.845089 1.691499
v -4.770968 5.906568 -0.471438
v -1.706104 1.439328 0.597242
v 2.884821 -6.378123 3.845866
v -2.087918 0.945201 1.626785
v -4.514557 -6.004567 3.352871
v -2.154700 0.859700 1.892300
v 2.835982 -6.277783 4.075771
v -4.273189 -6.041597 3.341830
v -2.173102 0.850042 2.066058
v 2.977119 -6.346344 4.201924
v -4.399976 4.993002 -0.321274
v -4.313617 -6.230313 3.383841
v 3.016252 -6.633552 4.142099
v -4.140300 5.465692 -0.798439
v -2.133314 1.639320 0.913304
v 3.016342 -6.481667 3.967365
v -1.890542 0.605664 1.882815
v 5.845704 -5.193500 -4.531632
v -0.363445 -3.974123 -1.467509
v -2.535449 1.903175 1.379160
v -3.047006 1.842691 1.624425
v 5.938726 -5.147051 -4.591400
v -4.927915 5.268076 0.224238
v -4.590270 4.811406 0.114994
v -2.594523 1.480927 1.368463
v 3.118500 -6.644412 4.020143
v -4.006867 -6.291281 3.359305
v -2.757151 1.256562 2.065313
v -4.884521 5.016927 1.035494
v -5.095583 5.383247 1.148083
v -2.160509 1.716935 1.158023
v -3.198312 1.743070 1.783952
v -0.326423 -3.972497 -1.144864
v -2.291248 1.718385 1.030090
v 2.981958 -6.047830 -5.230637
v 2.853601 -5.988165 -5.271271
v -3.565799 1.829755 1.863055
v -3.112996 1.552235 2.056588
v 5.816193 -5.224601 -4.436195
v -1.792199 1.311234 0.955408
v 5.750085 -5.292077 -4.389909
v 4.746399 -5.775302 4.536127
v -3.102815 1.442239 2.472739
v -1.914572 1.559535 0.919240
v 4.513563 -5.744226 4.398491
v -5.133026 5.406747 0.873506
v -3.722274 1.682932 2.488286
v -2.409285 1.222235 1.404851
v 3.080388 -6.009166 -5.098589
v -3.798285 -6.466393 3.462336
v -3.943696 -6.513186 3.356772
v -2.317495 1.044454 2.099081
v 2.977473 -6.042778 -5.040650
v -1.978746 1.571050 0.802352
v -4.108665 -6.511574 3.542308
v -5.373131 6.165190 0.800876
v 2.816497 -6.111114 -5.263426
v -4.294810 -6.356577 3.281126
v -2.753438 1.005169 2.609904
v 5.696512 -5.413488 -4.413316
v -2.267258 0.502754 1.611053
v -0.253093 -3.784958 -0.929556
v 3.775175 -5.439574 4.448517
v -0.314799 -3.880211 -1.092319
v -2.185499 1.654062 1.306967
v -4.453707 -6.451098 3.418834
v 2.773921 -6.111568 -5.163284
v -3.148776 1.291964 3.406196
v 3.843944 -5.653142 4.451986
v 5.737278 -5.915752 -4.553555
v -4.020969 4.596825 -0.345781
v 3.153258 -6.392415 -5.398707
v -3.495095 1.548485 3.067156
v -2.802694 0.810081 3.598518
v -2.558724 0.504627 3.335505
v -2.778442 0.890435 3.102679
v -4.401663 4.715452 -0.040657
v 5.869122 -6.184271 -5.476051
v -1.559104 1.183271 0.403105
v 3.070745 -6.330749 -5.467918
v -4.429714 -6.097467 3.259804
v -1.698113 1.286845 0.093064
v 3.314309 -6.371339 -5.369387
v 3.350537 -6.275422 -5.355612
v -4.808533 -6.201892 2.997368
v -1.737307 1.295658 0.243129
v -3.546627 1.014158 4.128334
v -5.215803 -6.025838 3.088150
v 5.716066 -6.076107 -5.590778
v -4.992023 -6.132136 3.141147
v -3.490677 1.285513 3.736224
v -3.061529 1.012117 3.752490
v 5.971208 -6.213707 -5.109320
v -3.231571 0.701806 4.253207
v 5.818441 -6.417007 -5.429594
v 5.639116 -6.424084 -5.617734
v -4.783205 -5.997707 3.294360
v -0.789498 -4.104123 -1.025861
v 2.463088 -6.016442 -5.405429
v 3.476317 -5.710965 4.483405
v 5.241910 -6.334542 -5.682968
v 4.378010 -5.174144 5.718904
v -4.051313 4.429449 -0.027086
v 4.956367 -6.444577 -5.610679
v 5.179073 -6.481979 -5.613966
v -0.617573 -3.890774 -0.897423
v 4.897035 -5.225810 5.132978
v -3.947005 1.898726 1.722917
v -0.322060 -4.128748 -1.258817
v 2.729471 -6.096044 -5.417624
v -4.331938 1.749577 1.952373
v -1.612492 0.830423 0.220267
v -4.512487 4.604300 0.615637
v -4.579377 -6.344270 3.111482
v 6.072863 -6.050041 -4.459848
v 4.497650 -5.520216 5.440348
v -1.987870 1.129164 1.310564
v -2.166712 1.110604 1.284505
v 4.652236 -5.778065 5.051804
v -4.373667 1.873516 1.412049
v -4.877484 1.385302 2.267886
v -4.993072 1.381253 1.592517
v 2.517926 -6.071934 -5.420371
v 6.076594 -6.197381 -4.510296
v 4.297623 -5.710615 5.294332
v -5.116167 -6.289324 2.904776
v 2.484948 -6.042241 -5.385119
v -2.075029 0.962740 1.219606
v 2.459262 -6.124653 -5.169069
v -4.673097 -6.419862 3.180133
v -5.195747 -6.450638 2.995272
v -1.774376 0.803905 0.852328
v 2.711030 -6.133927 -5.360421
v -4.795305 -6.341388 3.409106
v -4.604377 -6.274493 3.439146
v -2.193743 0.734297 1.260387
v -4.223528 4.367025 1.157872
v 5.522646 -5.996714 -4.421144
v 4.106076 -5.809089 5.502105
v -4.199511 4.412840 1.238211
v -3.919271 4.161417 1.196052
v 2.726405 -6.100597 -5.298837
v 4.052973 -5.505653 5.751079
v -4.562922 -6.470557 3.307636
v 4.128487 -5.659296 5.449012
v -0.308904 -4.270322 -1.233528
v -2.249087 0.934095 1.319150
v -0.174374 -4.439693 -0.777397
v -0.407522 -4.263020 -0.697575
v 4.833102 -5.937606 4.990797
v 2.616500 -6.176777 -5.051625
v -3.929979 1.527755 3.290843
v 4.877800 -5.948999 4.473200
v 5.335699 -6.405729 -4.346394
v -2.544943 1.868765 1.154474
v 4.883732 -6.371176 4.553142
v -4.807430 1.250662 2.845124
v -4.988162 0.635247 3.214822
v 4.755492 -6.489307 4.566680
v -5.133259 1.097384 2.109123
v -2.627586 1.996136 1.316655
v -4.628249 -6.455795 3.483926
v 2.460802 -6.105312 -5.309630
v -2.434884 1.799080 1.106931
v 5.619220 -6.798775 -5.195048
v 4.782019 -6.485857 4.920301
v -5.325674 0.687189 1.547099
v 4.956370 -6.767890 -5.284335
v -1.938447 9.302402 1.473370
v -5.142930 0.817461 2.431569
v -4.897559 -6.219919 3.374544
v -4.909863 -6.289160 3.334840
v -5.304983 0.951959 1.399148
v -2.654967 9.324368 1.782978
v -4.855628 -6.267640 3.513530
v 2.430618 -6.147141 -5.232194
v -4.293672 1.418261 3.338637
v 5.781210 -6.946216 -4.466826
v 4.598198 -6.415486 5.033135
v -2.156747 9.154521 1.977446
v 5.630257 -6.907500 -4.800829
v -4.963307 -6.533782 3.379122
v 3.923926 -6.280121 5.538548
v -2.989570 9.263469 1.981354
v -2.952273 9.247377 1.940168
v -0.666649 -4.217329 -0.826589
v -4.022552 -6.196464 3.830152
v 5.385002 -6.871222 -4.644979
v -4.335962 -6.141698 3.855822
v -4.138911 -6.235796 3.762469
v -0.780899 -4.426200 -0.900341
v -4.920462 0.543686 3.660834
v -0.780508 -4.297016 -0.941962
v -4.190312 0.716205 4.261495
v -4.068149 1.153103 3.914153
v -4.535159 0.940993 3.862392
v 2.598797 -6.146498 -5.040708
v -3.171593 9.231528 1.624022
v 6.562983 -2.795112 -4.035854
v 6.590630 -2.412534 -3.935843
v -4.749003 0.601913 4.019308
v 6.481802 -2.572526 -4.199278
v 3.534993 -5.583087 6.129472
v 3.770300 -5.475742 6.117089
v 6.356759 -2.476535 -4.227265
v -4.146781 -6.379654 3.773865
v 2.385365 -6.153483 -5.170215
v -2.637098 9.238689 2.213053
v -0.720734 -4.286773 -0.786398
v -2.696596 9.214866 2.156832
v -4.739887 0.728003 3.794734
v -2.576911 9.177238 2.193383
v -1.202847 8.919775 1.701008
v 2.229425 -5.994093 -5.382010
v -4.048221 -6.367499 3.603346
v 2.368968 -6.254449 -5.032430
v 6.654260 -2.649841 -3.587505
v 3.200085 -6.105575 -4.964662
v 3.334918 -6.089900 -4.730812
v -4.396004 2.078614 0.520718
v 3.613422 -6.199452 5.915476
v 6.986799 -2.326300 -3.002100
v -3.871394 2.110000 1.055590
v 2.166211 -6.331849 -4.846375
v -2.202689 0.251127 1.724910
v 4.835206 -7.102774 4.538473
v -1.009730 8.872966 1.567149
v 6.726460 -2.915114 -2.958263
v -4.149570 -6.326769 3.817975
v -2.135294 0.250299 1.481466
v -0.448600 -3.739400 -0.527300
v -1.335888 9.132936 1.564809
v -1.886984 0.303751 1.865850
v 2.714711 -6.140188 -4.457422
v -1.301212 9.084826 1.588092
v 4.647446 -7.127841 4.468419
v -3.960592 2.168059 1.202409
v -0.709098 -4.412231 -0.719470
v 6.445297 -3.214665 -3.728903
v -2.113213 0.399723 1.848497
v -0.576417 -4.455173 -0.382851
v 4.741442 -7.114313 5.011059
v -1.059981 -2.624609 -5.212707
v 4.751344 -7.203269 4.887819
v 4.565307 -7.218544 4.691010
v -4.168565 1.988755 0.475596
v -4.302271 2.071691 0.880341
v -1.260786 9.173517 1.623453
v -2.144158 0.219687 1.796784
v -4.321262 -6.276599 3.908268
v -0.382442 -2.466133 -4.863144
v 6.782072 -3.396716 -3.638930
v 6.700082 -3.361028 -3.828168
v 6.761094 -3.337679 -2.943275
v 6.554281 -3.127151 -3.204032
v -2.100955 0.120839 2.045484
v -1.972782 0.171473 2.048041
v 6.712487 -3.252738 -3.191746
v -1.316135 9.069235 1.633113
v 3.673037 -6.885005 4.601583
v -2.103715 0.175877 1.795195
v -4.031656 -6.225405 4.013799
v -3.854582 -6.258434 4.049709
v -0.740500 -2.578300 -4.624500
v 3.494393 -6.706678 4.690910
v -0.461100 -2.836800 -4.670000
v -0.266128 -2.842894 -4.849607
v 3.438873 -7.018932 5.088368
v 4.159300 -7.147900 4.925001
v 3.701800 -7.012100 4.772300
v 3.914129 -6.957994 4.452919
v -0.272770 -3.700284 -5.050642
v -4.641959 1.908780 -0.640135
v -4.683232 1.831594 -1.032613
v 6.090152 -2.321870 -4.086847
v 4.614123 -6.810052 5.163189
v -1.961457 0.040420 1.944646
v -1.514902 9.013288 1.746612
v -0.373962 -3.571817 -5.173826
v -4.712695 1.564487 -1.231148
v 3.773478 -6.777442 5.625003
v -2.038995 0.005291 1.944354
v -3.808106 -6.471706 4.005148
v -0.270604 -3.089181 -4.791523
v -0.288915 -3.269166 -5.029349
v -0.401407 -3.456180 -4.771285
v -1.243703 8.839682 1.763635
v -0.240903 -3.387572 -4.924017
v 5.462896 -2.443959 -3.861174
v 3.804096 -6.968912 5.417290
v -4.344168 1.763156 -0.614956
v -0.920856 -3.583189 -4.554265
v -0.232233 -4.709889 -0.579619
v -2.219462 -0.565289 2.251681
v -1.667960 -0.818928 0.961679
v 3.387099 -6.791494 5.800653
v -2.154115 -0.807539 2.528451
v -4.681849 1.717579 -0.270361
v 3.442511 -5.492178 4.674201
v -0.380186 -4.695940 -0.375145
v -0.421249 -4.658029 -0.519420
v -4.596398 1.952960 -0.330484
v -2.428163 -0.049335 2.680127
v 3.434088 -5.710187 4.315167
v -4.701810 -6.178104 3.610722
v 4.994607 -2.348801 -4.313513
v 0.936510 -5.050732 -5.141046
v 5.502037 -2.370268 -4.124961
v -0.936886 8.744278 1.552425
v 3.247238 -5.879078 4.352925
v -4.958699 1.239786 -0.219679
v 3.080309 -5.735655 4.278797
v 5.290543 -2.694097 -3.573376
v -0.836926 8.498318 1.668328
v -0.874242 8.609546 1.656255
v -2.114563 -0.591981 3.478008
v -2.234626 -0.275134 3.466241
v -2.132478 -0.331456 3.222580
v 1.473849 -4.857909 -5.008100
v 3.251659 -5.710476 4.502593
v 1.895932 -4.785581 -5.042872
v -4.447539 -6.413182 3.617195
v 5.633767 -2.639663 -3.443066
v -1.948420 -0.797599 3.039925
v 6.052980 -2.318223 -3.191001
v 1.254144 -5.051894 -5.308336
v -0.872188 8.500076 2.011073
v -1.077536 8.616429 1.952016
v 5.710416 -2.460891 -3.547648
v -0.398308 -4.803363 -0.487276
v -2.359210 0.065681 3.388012
v 1.899290 -4.685512 -4.709794
v 5.815512 -2.729944 -3.153390
v -1.658776 9.161922 1.572903
v -5.123237 -6.662248 3.463338
v -2.738129 -0.102967 4.238124
v -2.857129 0.451431 3.946469
v 1.294481 -4.936919 -4.657712
v -0.720204 -4.572696 -0.768132
v 3.320565 -5.890679 4.467177
v 6.190603 -2.635877 -2.898656
v 3.075932 -5.721693 4.564992
v -4.529068 2.007941 0.165278
v -4.655372 1.747128 0.324545
v 5.614872 -2.787529 -3.414487
v -0.676586 -4.628750 -0.609029
v -0.437658 -4.692530 -5.931172
v -2.714448 0.037685 3.861865
v 6.039938 -2.663346 -3.035320
v -4.360984 -6.658514 4.248355
v -1.660850 8.865273 2.005919
v 6.090276 -2.723578 -2.911461
v 5.978901 -2.775816 -2.983090
v -0.465086 -5.038458 -6.235246
v 2.400409 -6.018414 4.593644
v -0.377741 -5.151519 -6.054796
v -0.372201 -4.878319 -5.788272
v -4.522928 -6.643316 3.735585
v -0.375600 -4.934168 -6.020694
v -3.984862 -7.075652 4.440584
v -4.418803 -7.165718 4.292668
v -0.590240 -4.719862 -0.570748
v -4.946894 1.420069 0.443496
v -0.369242 -4.185544 -5.162571
v 2.880942 -6.056295 4.578109
v -0.315032 -4.095658 -5.391249
v 5.802763 -2.739006 -2.978923
v 3.105757 -6.144511 4.617133
v -0.782187 -4.717335 -0.619743
v -5.092422 -6.741486 3.725270
v -4.935225 -6.671453 3.631167
v -2.539918 -0.559225 4.194262
v -0.395225 -4.214273 -5.549056
v 5.705572 -2.754999 -2.901254
v 3.210132 -6.324805 4.631421
v -2.581553 -0.515475 3.773821
v -5.102599 -6.799773 3.848309
v 3.407639 -6.308302 4.637931
v -5.099488 -7.314621 3.902982
v -1.146424 -4.461776 -6.092985
v 5.081561 -2.669061 -3.346571
v 3.288620 -6.390100 4.434892
v -4.779456 -7.240964 4.108541
v 3.149702 -6.463394 4.342389
v -2.573480 -0.639147 3.987043
v -0.320558 -4.371609 -5.500147
v 5.324884 -2.395098 -2.987396
v 5.419638 -2.496454 -3.066907
v 4.790967 -2.590285 -3.126825
v -5.192062 0.865851 0.631929
v -2.193230 9.115615 1.994470
v -0.517065 -4.731309 -0.480045
v -1.561224 0.257224 -3.769643
v -1.371404 0.164550 -4.075513
v 4.958400 -2.566700 -3.271886
v -2.043424 -1.179137 2.412591
v 2.890514 -6.301346 4.386154
v -1.599153 -1.812624 1.213512
v -1.638808 -2.073485 1.760718
v -0.454467 -4.448076 -5.254860
v -0.702000 -4.989300 -5.397299
v -5.508991 -6.001888 2.926121
v -1.631022 8.814928 1.958596
v 3.068073 -6.318506 4.497985
v 2.954179 -6.264248 4.598664
v 5.077186 -3.035267 -3.311670
v -2.225766 8.920225 2.261403
v -1.594728 -1.540712 2.976149
v -0.732073 -4.751194 -0.534122
v -1.403650 -1.961295 2.944801
v -1.724475 -1.879775 2.186067
v -1.509129 -2.279517 2.339670
v -1.094970 -0.627767 -3.965107
v -1.954449 -1.114679 3.477836
v 5.502266 -2.793948 -2.950211
v 3.438418 -6.283953 4.710389
v -1.819405 -1.117967 3.309362
v 6.204804 -3.336943 -4.049816
v 3.138788 -6.385602 4.684251
v -1.028064 8.238160 1.627494
v -5.759724 -6.546746 3.039487
v -1.545550 -0.262995 -3.254691
v -2.130390 -1.256318 3.562147
v -1.616107 -1.815947 3.369539
v 2.944224 -6.707671 4.707536
v -5.588373 -6.554819 3.094787
v -0.845441 8.379330 1.907076
v 2.565495 -6.508526 4.702753
v -0.923895 8.106132 2.033419
v -1.242249 -0.827800 -1.674006
v -1.281554 -1.141434 -2.127824
v 1.048967 -5.572282 -5.725482
v -5.354597 -6.538538 3.452882
v -1.437252 -1.924791 3.146551
v -5.260973 -6.571930 3.417651
v -0.945878 -1.177282 -3.975448
v -1.169320 -1.056653 -3.585691
v 0.850034 -6.127530 -5.819526
v 6.018449 -3.409763 -4.141894
v 0.554735 -5.823737 -5.876155
v 2.350230 -6.520708 5.652431
v 2.328608 -6.636911 5.153182
v -1.162794 -1.369370 -3.643069
v -1.199829 -1.025868 -4.254020
v 3.053006 -5.312355 5.945506
v 2.946264 -5.298089 5.849914
v -5.744937 -6.678020 2.909902
v 5.890110 -3.448359 -4.176218
v -0.928638 -1.382859 -3.848475
v 1.326295 -5.233655 -5.514121
v -0.375033 -4.871100 -0.253631
v 3.327642 -5.619742 6.082034
v 1.465442 -5.743239 -5.696621
v -2.388205 -2.153806 3.568608
v -1.815680 -2.028448 3.495552
v -5.803905 -6.756534 2.865179
v -0.443710 -5.112941 -0.218445
v -0.881293 -1.732533 -4.127278
v 2.978997 -5.840161 5.962348
v 5.940347 -3.528375 -3.784918
v 5.734216 -3.403521 -3.587039
v -0.384738 -5.076417 -0.314948
v -1.055121 -1.894904 -4.295787
v -1.086773 7.859196 2.021692
v -1.054246 -1.899517 -3.636963
v -5.676032 -6.719084 2.998241
v -2.229136 -2.043087 4.188548
v 5.733543 -3.551114 -3.893641
v 2.403559 -5.799787 5.919721
v 2.570064 -5.399764 5.790376
v -2.519045 -0.965766 3.711515
v -1.007571 8.308173 2.479712
v -0.618069 -4.898314 -0.339516
v -2.549338 -1.014585 3.864007
v -0.865225 8.339986 2.168386
v -5.862266 -6.671253 3.037972
v -0.564367 -4.992380 -0.244720
v -1.198828 8.338334 2.368311
v -2.395181 -1.149475 4.102921
v 5.858898 -3.634472 -3.648446
v 0.585533 -5.148418 -4.892343
v 1.753982 -6.472160 -5.059699
v 3.238534 -6.612873 6.002859
v 3.328976 -6.254243 5.993278
v -1.179132 -1.562706 -2.793772
v 1.394494 -6.417222 -5.507669
v -1.444463 8.470362 2.133316
v -0.510452 -5.139103 -0.157509
v -5.754332 -6.795521 2.950877
v 4.997765 -3.277572 -3.648693
v -5.817591 -6.829414 3.000068
v 5.201086 -3.635573 -3.959844
v -1.127116 -1.472802 -1.642415
v -0.997555 8.193393 2.544291
v 5.291113 -3.574847 -4.006861
v -0.059892 -4.085581 0.078321
v 2.804215 -6.627601 5.968670
v 5.178310 -3.488303 -3.784462
v 2.517433 -6.413791 5.911206
v -2.639699 -1.792462 3.743794
v 2.141280 -6.023726 5.815234
v -4.952643 -0.038813 -3.385077
v 1.651421 -6.495449 -4.614198
v 0.020381 -4.531554 0.291423
v -5.685556 -6.786933 3.029786
v -2.667451 -1.915876 3.823159
v -0.155442 -4.082122 0.316445
v -0.161691 -3.834080 0.145459
v -5.866517 -6.904742 2.866802
v -5.230725 -0.362232 -2.784882
v -5.102503 -0.270362 -2.134061
v 1.239138 -6.747667 -5.032917
v -5.164797 0.320462 -2.776900
v 3.291951 -6.732022 4.444964
v 0.977814 -6.773191 -5.376796
v 0.689166 -6.596841 -5.698103
v 1.129638 -6.687397 -4.643561
v 4.758838 -3.356269 -3.533264
v -4.945934 -1.202544 -3.493656
v -1.329778 8.156753 2.830618
v 3.334163 -6.836613 4.793909
v -2.445862 -1.536756 4.018729
v 0.598531 -6.862604 -4.639310
v 0.037318 -4.516246 0.482502
v -4.369029 -1.680830 -4.216279
v -0.888928 7.822334 2.338262
v 0.282627 -4.943589 0.738058
v 3.130855 -6.914167 4.897018
v -1.125320 7.745803 2.149310
v 6.003528 -3.329958 -3.470157
v -0.469749 -4.613652 0.660392
v 5.647102 -3.168539 -3.447525
v -1.129260 7.957608 2.806910
v -2.694094 -2.138373 3.754020
v -5.298788 -1.404072 -2.855628
v 0.012656 -5.588806 -5.756270
v 2.637117 -6.859411 5.001886
v -5.617193 -6.771385 3.179641
v -5.165686 -1.267518 -2.127952
v -0.318814 -5.729331 -6.675428
v 0.339040 -5.035089 0.984021
v -0.311959 -5.856990 -6.750076
v 0.419633 -5.130781 0.812471
v 2.977265 -6.870550 5.781643
v -2.678842 -2.128552 3.908791
v -0.397220 -5.693574 -6.785263
v -1.117994 7.871635 2.699630
v -5.587413 -6.935985 3.184070
v -1.088974 7.795010 2.682167
v 6.128799 -3.057801 -2.913304
v 6.021670 -3.149311 -3.122435
v -2.935519 -0.151971 4.382482
v -3.013865 0.297095 4.291208
v -3.680451 -0.086182 4.672057
v -1.125415 -0.177618 -0.660271
v 2.741420 -6.803165 5.746901
v 6.000800 -3.163900 -2.910900
v -0.394430 -5.385775 -6.358017
v -3.255023 0.048955 4.358022
v -1.204774 0.124071 -0.854048
v -0.762402 -4.968191 1.276766
v -0.820848 -4.839874 1.116780
v -3.634367 0.621188 4.361168
v -1.836929 8.300568 2.575754
v -2.674913 -0.442068 4.352565
v -1.064583 -0.650741 -0.522025
v -2.604457 -0.933275 4.467318
v -5.665488 -6.769177 3.200214
v 5.918554 -3.045607 -3.100402
v -0.711604 -5.653978 -6.181260
v -0.771905 -3.126198 2.652837
v -0.850003 -3.139658 2.873433
v -0.963618 -0.783341 -0.851808
v -0.786150 -3.487979 2.878320
v -0.418363 -5.805226 -6.477046
v -5.318544 -6.707433 3.337733
v -2.971893 -1.228986 4.504646
v -0.635687 -3.388178 2.531842
v -0.140401 -5.035316 1.234620
v -5.385802 -6.735043 3.307474
v -3.308684 9.194710 1.931963
v -1.708617 0.205726 0.725227
v -3.808383 -0.919722 5.076620
v -1.478483 -0.879771 0.183793
v -1.821775 0.249228 0.928125
v -0.779469 -5.672433 -5.726369
v -3.238763 -1.145532 4.608690
v -0.602317 -3.510396 2.270721
v -2.255245 -1.760892 4.310509
v -0.268019 -4.332871 2.238526
v -0.478476 -3.827176 2.003672
v -0.321948 -4.143146 2.213729
v -2.364811 -1.231528 4.306334
v -0.697450 -5.762709 -5.850980
v -0.717121 -5.173680 1.354401
v -2.505463 -1.250579 4.505954
v -0.376207 -3.812392 2.387625
v -2.663877 9.157470 2.215633
v -0.135585 -5.577860 -1.087606
v -1.004323 -1.560406 -0.304944
v -3.454139 -1.769446 4.941099
v -5.444965 -6.760216 3.296365
v 0.008324 -5.932906 -5.987582
v -0.391845 -3.891421 2.195988
v 5.035212 -3.114780 -2.955932
v -2.321128 -1.778620 4.506582
v -0.232342 -5.743892 -1.319302
v -0.155726 -5.728292 -1.391600
v -3.001930 8.844268 2.750949
v -2.638578 8.555439 2.800532
v 6.809276 -2.403605 -2.571466
v 7.032761 -2.352348 -2.544473
v -0.858368 -1.334180 -1.046374
v 0.213700 -6.270300 -5.962900
v -3.083629 9.148098 2.264984
v -3.165798 9.202717 2.274837
v 6.841979 -2.561630 -2.754164
v -0.520490 -3.901265 2.271350
v -0.494063 -3.835929 2.359489
v -0.088059 -5.201191 -0.462920
v -1.175111 -2.105077 -0.079408
v -0.180888 -5.377952 -0.333790
v -0.127647 -5.502164 -0.659542
v -3.179142 9.121825 2.304097
v -3.206159 9.156736 2.208680
v -0.367707 -3.891696 2.537518
v -1.381157 -1.452402 0.088166
v -0.468742 -5.932522 -6.851625
v -0.291294 -5.471115 -0.229598
v -1.484507 -1.582945 0.461264
v -5.437144 -6.607970 3.432481
v -0.573943 -6.089578 -6.799442
v -0.396181 -5.936996 -0.419325
v -0.440313 -4.111424 2.300750
v -0.274235 -5.624884 -0.524326
v -5.026467 0.315117 -0.857058
v -5.196280 -0.486460 -0.122457
v -0.419126 -4.393171 2.435021
v -0.601366 -5.960919 -6.057066
v -0.669374 -6.069276 -6.115129
v -5.551131 -0.013468 1.417733
v -0.415597 -4.108334 2.524262
v -5.666226 -0.537764 1.212749
v 6.325921 -2.415315 -2.159643
v 6.300928 -2.320420 -2.270829
v 6.532543 -2.572235 -2.325177
v -5.151969 -1.659278 -1.246528
v -5.424053 -6.793388 3.392515
v 0.479971 -6.242134 -0.995988
v -5.328355 -1.565650 -0.261766
v -5.109165 -0.241384 2.409880
v -0.568200 -5.093400 1.687500
v -5.879601 -1.856106 1.147077
v -0.147330 -4.851586 2.387032
v 6.740084 -2.760310 -2.603485
v -3.005307 8.831012 2.789030
v -0.247818 -4.790801 2.470814
v -0.289541 -6.176885 -0.690989
v -5.016100 -0.085668 2.813632
v -0.287052 -6.235313 -0.890349
v 6.790048 -2.730641 -2.810873
v -1.730778 -3.513328 -6.110459
v -5.524917 -0.275461 1.601060
v 6.596522 -2.847146 -2.517919
v -2.269742 -3.378032 -6.227574
v 6.579697 -2.890511 -2.282942
v -5.285170 0.226000 1.656558
v -0.808072 -6.236841 -6.218137
v -3.924987 8.782188 2.372693
v -1.204600 -2.478600 -4.600900
v -1.289332 -3.007877 -4.451248
v 6.572072 -3.067198 -2.269160
v -1.167879 -3.281572 -4.614968
v -3.658643 8.344969 2.845119
v -1.359699 8.196813 2.920388
v -5.815623 -6.970192 2.986478
v -1.246525 -2.482282 -4.376110
v -1.433856 8.141674 2.862747
v -5.248950 -0.380428 1.715423
v 1.547927 -3.062129 4.775214
v 1.718668 -3.050281 4.580204
v -5.579570 -6.930048 3.441760
v -5.911852 -7.028780 3.040037
v 6.394802 -2.877433 -2.122632
v 6.389298 -2.618763 -2.151632
v -0.172085 -5.401497 -5.396246
v 1.069283 -3.495954 4.624784
v 0.527870 -6.140699 -0.297918
v -5.737820 -1.098370 1.542911
v -5.725628 -7.471079 3.308693
v -1.396222 8.023839 2.950365
v 6.817124 -3.015261 -2.628830
v 6.682593 -3.431192 -2.646626
v -0.361494 -6.113403 -0.371891
v 1.825066 -3.328631 4.357736
v -5.126940 -0.986301 2.247010
v 1.468364 -3.653055 4.316730
v 6.559323 -3.144683 -2.551490
v 6.618074 -3.137431 -2.802252
v 0.528776 -5.301020 -5.517131
v -1.200101 -3.350131 -4.532482
v -1.496307 7.979857 2.917270
v 6.714919 -3.008805 -2.473672
v -1.104659 -3.775964 -4.458907
v -4.816801 -0.076432 3.843474
v -0.309633 -5.451169 -5.002644
v -1.416983 7.960147 2.991731
v -4.727969 0.346285 3.987745
v 0.562719 -6.729890 -0.932453
v -5.059988 -0.030536 3.658018
v -1.470180 7.936486 2.928192
v -5.914334 -6.860665 2.901717
v 6.407448 -3.151248 -2.331943
v -1.500033 8.011676 2.985936
v -5.938974 -6.843707 2.851012
v 0.448187 -5.381865 -4.528738
v -3.456498 -2.728607 -5.690434
v 1.254055 -3.237724 4.933765
v -5.956259 -6.828921 2.859971
v -0.411615 -5.630537 -4.693847
v -3.306652 -3.008034 -5.982116
v -0.673959 -6.006566 -4.409598
v 0.339189 -5.267253 0.574739
v 0.043413 -5.514201 0.139721
v -1.212151 7.773224 2.996922
v -3.173120 -2.648274 -5.980606
v -0.301375 -7.012637 -5.849433
v 1.047014 -3.676279 4.388086
v -4.762421 -0.092192 4.037126
v -1.511174 7.860904 3.117096
v 0.372939 -5.922571 0.655767
v -2.584467 -3.999406 -6.387569
v -3.449953 -3.370946 -5.744009
v 6.304208 -2.297863 -2.679691
v -0.279862 -6.669618 -6.034856
v 0.417993 -5.587852 0.620419
v -1.876878 7.838861 3.223269
v -5.938144 -6.872878 2.858099
v -5.017838 -0.921806 3.600562
v -5.046121 -0.331932 3.296064
v -1.872627 7.884955 3.205331
v 0.069719 -5.876320 0.334814
v -4.870202 -0.957764 2.720895
v -3.412320 -3.936307 -5.978212
v -5.065019 -0.323813 3.647844
v 1.073151 -3.562177 4.532934
v 5.922944 -2.566236 -2.723210
v 0.205886 -7.129977 -5.029051
v -0.358806 -7.309534 -5.258974
v 1.011042 -3.621819 4.578217
v 0.422917 -7.032823 -5.389400
v 0.440188 -5.354859 0.875845
v -0.028262 -7.151373 -5.481908
v 6.112731 -2.607990 -2.568634
v 6.227533 -2.581440 -2.745877
v 0.961520 -3.711001 4.501091
v -4.820599 -0.252487 4.263857
v 0.202232 -5.581842 1.317847
v -0.218696 -5.325373 1.343222
v 0.279770 -5.380052 1.237074
v -3.454218 -2.370009 -5.166824
v 5.989216 -2.590757 -2.839978
v -4.819664 -0.921043 3.783361
v 0.839860 -3.751132 4.573248
v -3.373533 -2.851699 -5.218391
v -0.026000 -6.835500 -4.422599
v 5.846854 -2.511027 -2.511748
v 5.706908 -2.432276 -2.450461
v 0.799670 -3.545126 4.863688
v -3.396091 -3.039565 -5.009456
v 1.107494 -3.449263 4.942244
v -4.727533 -0.862184 4.006427
v 0.183084 -5.690408 1.071024
v -5.950020 -7.531435 2.978556
v 6.134695 -2.412560 -2.407036
v -5.013591 -1.320672 2.474423
v 0.283060 -5.914381 1.236093
v -5.166137 -6.619438 3.609716
v 4.425100 -2.309325 -4.329725
v -4.801706 -1.299004 2.776407
v -1.969913 -4.131030 -6.359022
v 4.349560 -2.473779 -3.936599
v 6.083651 -2.469861 -2.187991
v 6.028265 -2.441624 -2.330445
v -5.271120 -7.352919 3.774064
v 4.703563 -2.683938 -3.737238
v -1.800106 -4.999289 -6.580371
v -2.874870 8.228547 3.011960
v 1.434378 -3.158142 5.186103
v -4.689021 -2.004786 2.857524
v -3.931752 -5.781597 4.559601
v -1.184467 -4.278321 -4.519757
v -2.324651 7.793671 3.259459
v -5.067996 -2.009920 2.468296
v 1.786114 -3.719822 5.714566
v 1.335863 -3.844959 5.618920
v 4.738113 -2.851011 -3.682418
v 4.584660 -2.664950 -3.747518
v -2.703527 7.811723 3.263280
v 0.425870 -5.994035 0.580382
v -2.664479 7.827797 3.284626
v 5.857814 -2.432600 -2.214731
v 0.639026 -3.576533 5.247988
v -1.380095 -4.873503 -4.562167
v -4.971722 -6.050031 4.817080
v 1.219959 -3.592037 5.379235
v -5.508717 -0.872261 1.722446
v -3.354701 8.261386 2.998144
v -3.695179 7.992865 2.990769
v -0.112335 -6.033050 0.048359
v -4.258634 -6.072212 4.639316
v -5.196142 -1.519535 1.908473
v -5.652985 -1.397124 1.745264
v 5.760831 -2.716579 -2.211776
v 1.153550 -3.481478 5.151403
v 5.562581 -2.500597 -2.412864
v 4.090109 -2.407162 -4.250097
v 3.902000 -2.580368 -3.831064
v -4.186501 -6.451343 4.829045
v -1.007854 7.703569 2.450910
v -4.526480 -6.119561 4.654019
v 3.576988 -2.793782 -3.714525
v 3.408449 -2.946207 -4.268420
v 4.632905 -2.589842 -3.620596
v -4.677582 -6.541799 5.079380
v 0.613897 -6.661758 -0.400565
v 6.128721 -2.655269 -2.677016
v -5.183963 -2.181708 1.989016
v -4.904107 -6.304110 4.885503
v -1.304110 7.576026 2.414635
v 4.989461 -0.037334 3.592988
v 4.902369 0.355793 3.639238
v 5.008285 -0.055918 3.424852
v -4.769409 -6.277244 4.779532
v 4.345665 -2.608339 -3.240200
v -4.889679 -1.862156 3.404679
v 4.987227 -0.579434 3.656266
v 5.715586 -2.701853 -2.713550
v 4.995866 -0.706259 3.453672
v -1.245679 7.625365 2.605515
v -1.470099 7.522985 2.588727
v -4.698382 -1.185945 4.076854
v 5.771632 -2.642427 -2.685172
v 4.843945 -1.132034 3.763847
v 4.280007 0.634064 3.611012
v 4.150405 -3.010350 -2.991503
v -5.037784 -6.069142 5.342162
v 4.645508 -2.794595 -2.893314
v 4.672347 0.665066 4.032067
v 4.625087 0.650139 4.276470
v 5.716191 -2.874795 -2.852023
v 4.017717 -2.732314 -3.247311
v 5.793305 -2.713893 -2.627840
v 5.911530 -2.818393 -2.608528
v 4.050069 -2.613288 -3.459957
v 1.111563 -3.730954 4.370787
v -1.267381 6.835622 2.606789
v 3.709903 -2.881058 -3.330931
v -4.881846 -1.672087 3.632049
v 4.046549 0.676353 3.900506
v 4.818286 -3.167960 -3.602447
v -1.389878 7.599408 3.173054
v 1.142266 -3.867792 4.334168
v 3.938289 0.795167 4.011555
v 1.054991 -3.850775 4.400628
v -5.089435 -6.273270 5.033843
v -1.323456 7.614325 2.962285
v 4.254606 -3.202967 -2.917926
v 4.417257 -3.304461 -2.963189
v 5.627153 -2.780325 -2.621617
v 3.956125 0.713489 3.970410
v -4.659318 -6.559511 5.570814
v -4.546201 -1.987694 3.902902
v -1.753938 7.561333 3.235039
v -4.594920 -2.034073 4.116220
v 3.790597 0.771900 4.315160
v 4.582036 -3.539293 -3.523488
v -1.777780 7.396873 2.896125
v 4.441276 0.740568 4.656332
v 4.563664 0.793813 4.365142
v -3.996033 -5.224864 6.349817
v 0.973405 -3.858013 4.444276
v -2.125170 7.485762 3.364950
v -2.071261 7.658408 3.345241
v -3.853484 -0.130181 4.756263
v 4.299404 -3.633626 -3.256747
v 4.229216 0.699852 4.767741
v -4.161366 -0.081219 4.709544
v -4.002881 -6.137832 6.348883
v -4.772181 0.211990 4.196925
v 5.964385 -2.927843 -2.678028
v 4.038791 0.806428 4.569480
v 3.694539 0.632890 4.414642
v -2.326017 7.293239 3.185944
v 3.811227 -3.420271 -3.021579
v -1.965623 7.319738 3.014431
v 1.054034 -4.018187 4.305457
v -4.741322 -5.437262 6.403014
v -4.415359 -0.851363 4.916542
v 3.833988 -3.627692 -3.073268
v 4.383615 0.376137 3.353814
v 5.926009 -2.754644 -2.273441
v -5.064446 -5.707892 6.192853
v 3.502200 -3.370500 -3.226500
v 6.029006 -2.991923 -2.486849
v -4.079764 -0.576059 4.980440
v 4.458695 0.163099 3.210298
v -5.049475 -5.803341 5.971437
v 0.847152 -3.777023 4.542178
v 4.518445 -0.294428 3.100333
v 0.896802 -3.847255 4.487102
v -4.761101 -0.324117 4.382650
v 2.912147 -3.667454 -4.036880
v 5.914111 -2.755260 -2.514327
v 4.350002 -0.438532 3.244851
v -4.840825 -0.757829 4.489503
v -4.859361 -0.579343 4.332542
v -2.587181 7.480319 3.402490
v 5.891189 -2.781173 -2.433307
v 2.915719 -3.710563 -3.632705
v -4.722187 -6.072456 6.362072
v 0.885700 -3.786000 4.541800
v 0.883800 -3.788800 4.538800
v 4.726813 -3.055644 -2.799505
v 4.846408 0.430323 3.903428
v -4.954977 -5.642786 6.227109
v -4.910861 -1.354597 4.555853
v -4.879891 -5.562472 6.325965
v -4.204713 -1.330563 5.322002
v -3.883944 -1.592240 5.413397
v -2.429396 7.282419 3.248606
v 5.972778 -2.657866 -2.175182
v -2.956077 7.397977 3.287217
v -2.712630 7.272307 3.277427
v 0.861600 -3.820500 4.505200
v 0.881900 -3.791400 4.536000
v 3.779673 0.294940 4.264105
v 5.696165 -2.796843 -2.340490
v 4.051142 0.124231 3.788676
v 4.280707 -4.432341 -3.655445
v 3.767207 -4.231538 -3.292562
v -4.876296 -1.319205 4.325658
v 0.666757 -4.402479 4.444822
v 1.134938 -4.320219 4.281590
v -2.777529 6.952118 3.214365
v 5.524421 -2.439445 -2.589581
v 5.225765 -2.397297 -2.763265
v 1.804487 -4.087547 5.655758
v 4.729430 -4.829051 -3.870858
v -4.330911 -1.806504 5.490991
v 5.597587 -2.514316 -2.795393
v -4.963113 -5.580420 6.363437
v -3.801265 8.991300 2.075623
v 4.853586 -4.613152 -3.881403
v -4.021585 8.907222 1.598972
v 4.778109 -4.861107 -3.852950
v 4.502296 -0.633416 3.153847
v -3.946746 -1.981212 5.619645
v 4.967589 -2.561117 -2.747114
v 5.464003 -2.629922 -2.403504
v 5.216967 -2.553034 -2.488246
v 4.727242 -4.890921 -3.914585
v 1.104582 -3.790874 5.552210
v 4.402222 -1.120612 3.431116
v 4.459902 -0.970266 3.317737
v 1.297130 -3.867241 5.606021
v -5.013521 -5.737694 6.103712
v 4.688630 -4.916608 -3.775893
v -1.377353 -2.984343 1.825199
v 4.270811 -0.939410 3.429307
v -1.036300 -2.695522 2.749495
v -4.088349 8.742759 2.144659
v -4.089144 8.562902 2.488942
v 4.800803 -1.063574 3.996948
v 4.802536 -0.935612 3.973220
v 5.003610 -2.745423 -2.588604
v 4.744232 -4.992753 -3.739567
v -4.037738 8.573958 2.510673
v -3.934028 8.517536 2.665190
v 0.753766 -3.746948 5.648694
v -4.693572 -5.339694 6.709039
v -3.865297 8.557649 2.619674
v -1.440009 -2.422256 3.349323
v -1.376240 -2.968414 3.334390
v -1.110422 -2.551578 2.985816
v -4.780133 -5.409307 6.603716
v 4.744482 -0.980006 4.078670
v 5.449160 -2.783494 -2.462570
v -1.811235 -2.958431 3.505344
v -4.578636 -5.245467 6.845251
v -4.898984 8.080588 1.834973
v -2.230060 -2.551672 4.143290
v 0.712408 -3.791628 5.510314
v 3.540390 -4.724513 -3.500990
v 6.222942 -2.638420 -2.086018
v -4.894363 -5.485709 6.468326
v 6.187862 -2.855364 -2.057366
v 4.364200 -1.271100 3.727300
v 0.688676 -3.814569 5.572730
v -4.872169 -5.515195 6.456767
v 4.648102 -1.287912 4.188352
v 2.847964 -4.244806 -3.661879
v -3.917609 8.429715 2.684350
v 5.907286 -3.121242 -2.582506
v 6.179788 -3.036339 -2.780467
v -4.436139 8.061704 2.541159
v 2.783739 -4.141934 -4.029145
v 4.165158 -1.359668 4.094979
v 0.645544 -3.840255 5.630916
v -2.624093 -2.819691 3.613868
v 4.453615 -1.363056 4.310282
v 2.597272 -4.336199 -4.161603
v 2.464045 -4.388824 -4.134365
v 3.759015 -1.278886 4.355304
v 3.969324 -1.318065 4.027819
v -4.670257 7.930859 2.444608
v -2.740562 -2.503863 3.942449
v 2.565450 -4.396375 -3.990756
v -4.021729 7.876677 2.898359
v -4.699956 -6.263263 6.186215
v -2.847157 -2.848883 3.960334
v 2.492867 -4.309230 -4.100652
v -2.819287 -2.688046 3.804537
v 4.545291 0.189809 4.592378
v -2.309744 -3.013445 4.135399
v 4.262006 0.539502 4.797040
v 4.165970 0.308767 4.985897
v 4.298850 0.137336 4.945196
v 0.678256 -3.915965 5.665502
v 3.439000 -3.967600 -3.216500
v 2.991115 -3.908819 -3.411424
v -2.978638 -3.141334 3.836729
v 3.248359 -4.604403 -3.422351
v 4.614680 0.069377 4.438645
v -3.001500 -3.389456 3.837408
v -4.922308 7.251298 2.487515
v -4.151153 -6.660184 5.179774
v -4.485085 -6.637886 5.208521
v 1.151602 -4.000729 5.563979
v -4.683740 7.201000 2.745695
v 4.483623 0.057076 4.639996
v 1.274738 -4.588903 4.313767
v -5.164404 -5.914034 5.058055
v -5.200475 -6.158472 5.363447
v 3.778165 0.514148 4.543505
v 3.678427 0.322651 4.495457
v 2.441611 -4.515433 -4.179057
v 0.979702 -4.997101 4.453471
v -5.176945 -5.889219 5.916480
v 3.768231 0.371969 4.739697
v -4.988340 6.982981 2.387709
v -4.813508 6.578257 2.569543
v 3.576439 0.013620 4.849733
v 2.479612 -4.488202 -4.057581
v -4.878545 6.572652 2.460307
v 3.906366 0.044268 5.051797
v 4.046955 -0.196743 5.195403
v 2.364679 -4.515375 -4.213598
v 2.309888 -4.699478 -4.138214
v 2.247516 -4.638163 -4.316629
v 2.377899 -4.682947 -4.118086
v 2.525863 -4.743352 -3.763555
v 2.393252 -4.613897 -3.931440
v 4.249482 -0.244686 5.000813
v -5.197071 7.554884 1.829010
v 0.896082 -5.058533 4.502410
v 4.287669 -0.662424 4.908432
v 0.671014 -5.020147 4.529138
v 4.201684 -0.663725 5.046770
v 3.547281 -0.470039 4.914630
v 3.690000 -0.962579 4.489261
v 3.208368 -4.691323 -3.463859
v 1.586545 -4.924272 5.677031
v 1.077891 -4.940070 5.668039
v 4.080678 -0.746004 5.127011
v 0.826751 -5.068996 5.694428
v 4.516756 -1.343153 4.492306
v 4.343669 -1.299645 4.652253
v 4.290278 -1.463648 4.464168
v 4.259309 -1.485527 4.321485
v 3.750209 -1.098694 4.499885
v 4.156546 -1.046826 4.948207
v 3.610137 -0.861932 4.779657
v 3.770289 -1.200169 4.449625
v 4.112583 -1.444735 4.477959
v 4.151632 -1.466205 4.317501
v 4.276412 -1.644905 4.467561
v 4.144063 -1.773433 4.511970
v 4.109204 -2.010560 4.380142
v 5.007297 -2.848394 3.897417
v 5.226100 -2.937400 3.940100
v 5.189666 -3.294837 3.542856
v 5.132638 -3.087375 3.404879
v 5.454823 -3.278774 3.917779
v 5.293153 -3.142872 3.617702
v 5.617407 -3.296985 4.307560
v 5.527429 -3.184665 4.111350
v 5.058774 -3.592596 3.849639
v 5.221340 -4.059432 4.047791
v 5.139887 -3.884616 4.067977
v 5.170159 -2.835564 4.440318
v 5.107621 -2.922069 5.100420
v 5.712712 -3.251611 4.931707
v 5.737119 -3.350903 4.794850
v 5.697616 -3.212046 4.535808
v 5.407449 -3.632767 4.875701
v 4.946047 -3.177146 5.396051
v 5.507556 -3.233872 5.138091
vn 0.4612 0.8794 -0.1181
vn 0.7866 0.5901 0.1817
vn 0.9686 0.2237 -0.1086
vn 0.8203 0.2714 -0.5034
vn 0.5958 0.3179 -0.7375
vn 0.7108 0.4454 -0.5444
vn 0.4654 0.2966 -0.8339
vn 0.2651 -0.3117 -0.9125
vn 0.9166 0.3859 0.1047
vn 0.9720 -0.1586 0.1735
vn 0.8354 0.2306 -0.4988
vn -0.9647 -0.0892 0.2477
vn -0.8566 -0.0435 0.5141
vn -0.8755 0.0726 0.4778
vn 0.1618 0.0349 0.9862
vn -0.4016 -0.7314 0.5512
vn -0.9520 0.0819 0.2951
vn -0.5801 0.0484 0.8131
vn -0.3562 -0.1265 0.9258
vn -0.4316 -0.0794 0.8986
vn 0.6078 0.4374 -0.6628
vn 0.0360 0.3820 0.9234
vn 0.3610 0.0824 0.9289
vn 0.6931 0.1080 0.7127
vn 0.9033 -0.1154 0.4132
vn 0.8092 0.5237 -0.2663
vn 0.4367 -0.1829 0.8808
vn 0.6966 0.6353 -0.3334
vn 0.7817 0.5962 0.1827
vn 0.9378 0.3225 -0.1284
vn 0.3912 0.4332 0.8120
vn 0.2392 -0.0383 0.9702
vn 0.3863 0.2443 0.8894
vn 0.9133 0.3415 0.2221
vn 0.9471 0.2412 -0.2119
vn -0.9973 -0.0726 0.0055
vn -0.9961 0.0287 -0.0835
vn -0.9923 0.0405 -0.1167
vn -0.9820 0.1628 0.0954
vn 0.2716 -0.0661 0.9601
vn -0.9923 -0.0595 0.1083
vn -0.4097 0.6964 0.5892
vn -0.3073 0.0545 0.9501
vn 0.8828 0.3098 -0.3531
vn 0.9322 0.3076 -0.1909
vn -0.5442 -0.8333 0.0970
vn -0.6605 0.0772 -0.7469
vn 0.9610 0.0643 0.2692
vn 0.8910 0.3759 0.2547
vn 0.9806 0.0645 0.1852
vn 0.8431 0.1277 -0.5224
vn 0.9650 0.1988 0.1712
vn -0.0491 -0.3505 -0.9353
vn -0.1005 0.0636 -0.9929
vn 0.1664 0.5682 0.8059
vn 0.1903 0.6536 0.7325
vn 0.4206 0.8974 0.1330
vn 0.5030 0.8062 0.3116
vn -0.8543 0.0680 -0.5152
vn -0.6982 -0.2568 -0.6683
vn -0.6151 0.7782 -0.1266
vn -0.7465 0.6591 -0.0913
vn 0.0255 0.6833 0.7297
vn -0.5761 0.8173 -0.0117
vn -0.9401 0.3009 -0.1604
vn -0.9914 -0.0839 -0.1001
vn 0.8783 0.4216 -0.2256
vn 0.8386 0.4243 -0.3415
vn 0.5929 0.5006 -0.6307
vn -0.9598 0.2808 -0.0063
vn 0.2121 -0.1064 -0.9714
vn -0.4327 0.1502 0.8889
vn 0.6724 0.4723 -0.5700
vn -0.5248 0.8467 0.0876
vn 0.3852 -0.1826 -0.9046
vn -0.8391 -0.2305 0.4928
vn -0.2904 0.2924 0.9111
vn -0.5376 0.3648 0.7602
vn -0.3816 0.0714 0.9216
vn -0.9597 0.2808 -0.0064
vn 0.2001 -0.1323 -0.9708
vn -0.4787 0.8654 0.1482
vn -0.4887 0.8618 0.1359
vn -0.7242 -0.4268 -0.5416
vn -0.2301 -0.1873 -0.9550
vn -0.5490 0.6541 -0.5204
vn 0.6241 -0.2654 -0.7349
vn -0.2074 0.1195 0.9709
vn -0.3284 0.6350 0.6993
vn -0.1834 -0.2248 0.9570
vn 0.5470 0.6727 0.4982
vn -0.9352 0.2058 -0.2881
vn 0.2724 -0.1298 0.9534
vn 0.1167 -0.2213 0.9682
vn -0.4518 -0.0546 -0.8905
vn -0.1293 -0.2501 -0.9595
vn -0.5005 -0.2015 -0.8419
vn 0.3378 -0.1699 0.9258
vn -0.4071 -0.8999 0.1561
vn 0.8811 -0.4625 0.0991
vn 0.4673 -0.1878 0.8639
vn 0.4439 -0.0162 0.8959
vn -0.3148 -0.5426 0.7787
vn 0.6644 -0.4050 0.6282
vn 0.1858 -0.5374 0.8226
vn -0.5128 0.3101 0.8005
vn 0.1718 0.0574 -0.9835
vn -0.4786 0.8654 0.1483
vn -0.4318 0.3026 0.8497
vn -0.6746 0.7200 -0.1627
vn -0.6683 0.7239 -0.1714
vn -0.5391 0.8395 0.0682
vn -0.4681 0.8593 0.2060
vn -0.6606 0.7447 -0.0951
vn -0.5278 0.8407 0.1210
vn 0.2348 -0.8166 0.5273
vn -0.8247 0.2264 0.5183
vn -0.6627 0.0234 0.7485
vn 0.2983 -0.9029 0.3093
vn -0.1196 -0.6491 0.7513
vn 0.4311 -0.8675 0.2481
vn -0.2164 -0.2335 -0.9480
vn 0.3488 0.4268 -0.8344
vn 0.4333 -0.2650 0.8614
vn 0.6657 0.7404 0.0931
vn 0.5622 -0.7523 0.3436
vn 0.2170 0.9290 0.2998
vn -0.9323 0.2937 -0.2111
vn -0.9915 0.1292 -0.0169
vn 0.6163 0.1238 -0.7777
vn 0.2632 0.1586 -0.9516
vn 0.4743 -0.4956 -0.7276
vn 0.5559 -0.5114 -0.6553
vn 0.7370 -0.3898 -0.5522
vn 0.8393 -0.4482 -0.3078
vn 0.2645 -0.1733 -0.9487
vn 0.9203 0.3860 -0.0641
vn 0.1199 0.2566 -0.9591
vn 0.6224 0.7674 0.1539
vn 0.9361 0.0388 -0.3497
vn 0.0253 0.9192 0.3929
vn 0.6753 0.2547 0.6922
vn 0.8412 -0.3838 -0.3809
vn -0.7326 -0.1114 0.6715
vn 0.9898 -0.0946 0.1067
vn -0.5817 0.0134 -0.8133
vn 0.4914 0.8704 0.0319
vn 0.9995 -0.0303 -0.0065
vn 0.9885 0.0541 -0.1411
vn -0.4316 -0.7943 -0.4276
vn -0.2365 -0.1606 0.9583
vn 0.2758 -0.1529 0.9490
vn 0.0735 -0.2706 0.9599
vn -0.3065 -0.2074 0.9290
vn 0.7284 -0.6392 0.2466
vn 0.0425 0.2741 0.9608
vn 0.8585 0.4864 0.1624
vn 0.8594 0.1367 -0.4928
vn 0.8809 0.4273 0.2035
vn 0.5876 0.7535 -0.2948
vn 0.5232 0.7427 0.4180
vn 0.8721 -0.0170 -0.4890
vn 0.3723 0.4699 -0.8004
vn -0.8399 0.1700 -0.5155
vn -0.5722 -0.2204 0.7899
vn -0.2382 -0.2485 0.9389
vn 0.0501 0.2682 -0.9620
vn -0.2250 0.2227 -0.9486
vn 0.1948 0.2930 -0.9360
vn -0.5881 -0.3107 0.7468
vn -0.1741 0.9516 0.2532
vn -0.7339 0.1657 0.6588
vn 0.4621 -0.0241 -0.8865
vn -0.6542 -0.0266 0.7558
vn 0.1182 0.4868 -0.8655
vn 0.0971 -0.2100 -0.9729
vn 0.9561 -0.2317 0.1794
vn 0.2924 -0.2822 -0.9137
vn 0.1696 -0.9760 -0.1368
vn 0.7338 -0.5574 0.3883
vn 0.7373 -0.6279 -0.2493
vn 0.0264 -0.9994 -0.0231
vn 0.2307 -0.9085 -0.3485
vn 0.8239 -0.2054 0.5282
vn 0.0077 -0.2881 0.9576
vn 0.5924 -0.5959 -0.5422
vn -0.0359 0.3619 0.9315
vn 0.0595 -0.0294 0.9978
vn 0.7458 -0.4864 0.4552
vn 0.6825 0.1049 0.7233
vn 0.7057 -0.6920 -0.1522
vn 0.7171 -0.3544 -0.6001
vn 0.6373 0.1859 0.7479
vn 0.5033 -0.4075 0.7620
vn -0.6821 -0.1040 0.7238
vn -0.6340 -0.1010 0.7667
vn 0.2859 0.2887 0.9137
vn -0.7319 -0.1486 0.6650
vn -0.0825 0.2808 0.9562
vn 0.0621 -0.4770 0.8767
vn 0.7415 0.1052 -0.6626
vn 0.4667 -0.7379 -0.4876
vn 0.6580 0.5237 -0.5410
vn 0.2285 -0.7971 -0.5589
vn -0.5987 0.2117 0.7725
vn -0.9031 -0.3408 -0.2613
vn -0.9753 -0.0561 0.2137
vn -0.6938 0.1510 0.7042
vn 0.3751 -0.0377 0.9262
vn 0.5639 0.1307 0.8155
vn 0.5381 0.0720 0.8398
vn 0.8195 0.1695 -0.5474
vn -0.8269 -0.5623 -0.0092
vn 0.3313 -0.1387 0.9333
vn 0.0799 0.5957 0.7992
vn 0.7064 -0.2328 0.6684
vn -0.1989 -0.1560 0.9675
vn 0.1172 -0.1816 0.9764
vn -0.8152 -0.5505 0.1800
vn 0.3268 -0.1738 0.9290
vn 0.3548 0.0524 -0.9335
vn 0.2685 -0.2940 -0.9173
vn 0.4402 -0.4322 0.7870
vn -0.0516 -0.6722 -0.7386
vn 0.3062 -0.6076 0.7329
vn -0.0566 -0.2807 0.9581
vn 0.6301 -0.7581 0.1678
vn 0.2048 -0.9715 0.1189
vn 0.2978 -0.7447 0.5973
vn -0.8716 -0.3446 -0.3486
vn -0.9370 -0.3445 -0.0582
vn -0.6913 0.4148 -0.5916
vn -0.5589 0.2610 0.7871
vn 0.2443 0.6726 -0.6985
vn 0.6244 0.7585 -0.1865
vn 0.2210 -0.7152 0.6630
vn 0.8599 -0.3529 0.3689
vn -0.1613 -0.6826 -0.7128
vn -0.1094 -0.9100 0.4000
vn 0.4372 -0.5353 -0.7227
vn 0.6844 -0.6504 -0.3297
vn 0.7586 0.2754 0.5905
vn 0.8176 0.3764 0.4357
vn 0.4509 -0.4581 0.7661
vn 0.6275 0.6102 0.4836
vn 0.3515 -0.5906 -0.7264
vn 0.7820 -0.4523 -0.4288
vn 0.8038 0.3843 0.4541
vn 0.9788 0.0568 -0.1966
vn 0.7309 0.6821 0.0221
vn 0.7358 0.2011 0.6467
vn 0.8884 -0.4573 0.0408
vn -0.2413 0.3378 0.9098
vn -0.4876 0.8368 0.2491
vn 0.5018 0.4526 0.7371
vn -0.4198 0.8612 -0.2864
vn -0.4261 0.6698 -0.6081
vn -0.2992 0.3454 -0.8895
vn -0.2643 0.7016 -0.6618
vn -0.3672 0.9296 -0.0323
vn 0.7973 0.4315 0.4221
vn -0.6532 -0.6644 0.3632
vn -0.7713 -0.2498 0.5854
vn -0.0597 -0.6574 0.7512
vn -0.7784 0.0261 -0.6273
vn -0.2558 0.8527 0.4555
vn 0.5835 0.0167 -0.8119
vn 0.8578 0.1308 -0.4970
vn 0.9243 0.1318 -0.3582
vn -0.0558 0.1128 -0.9921
vn -0.2000 0.4555 -0.8675
vn 0.9686 0.2170 0.1218
vn 0.7832 0.1765 0.5962
vn 0.7920 0.3917 0.4683
vn 0.6946 0.5559 -0.4566
vn -0.9312 -0.2724 0.2420
vn 0.4456 0.2178 0.8683
vn 0.8936 0.1994 0.4021
vn 0.8871 0.0828 -0.4541
vn 0.6124 -0.4296 0.6637
vn -0.2967 -0.3519 0.8878
vn 0.6124 -0.3587 -0.7045
vn 0.7645 -0.2417 0.5976
vn 0.9272 -0.1431 -0.3461
vn -0.2361 0.8552 -0.4614
vn -0.2739 -0.4757 0.8359
vn -0.1438 -0.4846 0.8628
vn -0.1175 -0.4206 0.8996
vn -0.0496 0.0032 -0.9988
vn -0.1651 0.4322 -0.8866
vn -0.3699 -0.8699 0.3263
vn 0.7899 0.2172 0.5735
vn 0.6986 -0.1957 0.6882
vn 0.8142 -0.5787 0.0456
vn 0.9466 0.1081 0.3038
vn 0.9332 0.1092 -0.3423
vn 0.9660 0.1340 -0.2211
vn 0.4607 -0.1251 -0.8787
vn -0.5404 0.8015 0.2561
vn -0.8907 0.1622 0.4246
vn -0.8929 0.3263 0.3101
vn 0.3417 0.1817 0.9221
vn 0.3523 0.1570 0.9226
vn 0.2410 0.1581 0.9576
vn 0.6606 0.2564 0.7056
vn 0.5239 0.3224 0.7884
vn -0.2639 -0.4176 0.8694
vn 0.4959 0.2210 0.8398
vn -0.1423 -0.3014 0.9428
vn 0.8744 -0.4695 0.1228
vn 0.9177 0.0093 -0.3972
vn 0.9274 0.3595 -0.1030
vn 0.7576 -0.5303 -0.3805
vn 0.9038 -0.4231 0.0641
vn 0.9141 0.3138 -0.2569
vn 0.9104 0.0444 0.4113
vn 0.1559 0.1370 0.9782
vn 0.3593 -0.0515 0.9318
vn -0.8053 -0.4264 0.4118
vn 0.4590 0.2384 0.8558
vn -0.5713 -0.5277 0.6286
vn 0.6117 0.2940 0.7344
vn 0.6793 -0.6225 -0.3886
vn 0.3016 -0.1317 -0.9443
vn 0.3473 0.0405 0.9369
vn 0.8639 -0.2882 -0.4131
vn 0.3086 0.7100 -0.6330
vn 0.8648 0.3005 0.4023
vn 0.8717 0.1185 -0.4754
vn 0.1871 -0.3476 -0.9188
vn 0.0546 0.9941 0.0932
vn 0.1379 -0.6719 -0.7276
vn 0.1369 -0.4174 0.8983
vn 0.2475 -0.1740 0.9532
vn 0.1180 -0.4387 0.8909
vn 0.4468 0.5468 0.7081
vn -0.1513 0.5592 0.8151
vn 0.2174 -0.6437 0.7337
vn 0.3378 -0.9391 -0.0627
vn 0.6587 0.0132 0.7523
vn 0.9708 -0.0666 -0.2303
vn -0.6050 -0.4765 0.6380
vn 0.7085 -0.5683 0.4184
vn -0.0757 -0.8062 0.5868
vn 0.1904 -0.9311 0.3111
vn 0.1140 -0.7617 -0.6378
vn 0.7455 -0.0247 -0.6660
vn 0.9669 0.0641 -0.2472
vn 0.9338 0.0340 0.3562
vn -0.6923 0.7153 0.0953
vn -0.4515 0.8549 -0.2558
vn 0.0010 0.9884 -0.1520
vn 0.5942 -0.6691 0.4463
vn 0.2624 -0.6146 -0.7439
vn 0.5919 0.3017 0.7474
vn -0.1393 -0.5918 -0.7940
vn -0.1374 0.1608 -0.9774
vn -0.6755 -0.6073 0.4182
vn 0.0818 -0.9062 0.4149
vn 0.5955 -0.7979 0.0940
vn -0.1968 0.7170 -0.6687
vn -0.2276 0.9322 -0.2813
vn 0.3235 -0.9313 0.1673
vn 0.4071 -0.8786 -0.2497
vn -0.1675 0.3014 -0.9387
vn 0.1055 -0.4461 -0.8887
vn 0.8972 -0.4153 -0.1504
vn 0.1465 -0.3182 -0.9366
vn 0.9314 -0.3386 0.1333
vn 0.8741 -0.1792 0.4514
vn 0.6625 0.0109 0.7490
vn 0.8369 -0.2022 -0.5086
vn 0.8748 -0.4783 0.0771
vn 0.5140 -0.6080 -0.6051
vn 0.8235 -0.0042 0.5673
vn 0.5975 -0.2054 0.7751
vn 0.7693 -0.6310 0.1004
vn 0.7165 -0.5572 0.4197
vn 0.7809 -0.2977 0.5492
vn 0.3910 -0.8893 0.2373
vn 0.1513 -0.4131 -0.8980
vn 0.1633 0.9642 -0.2090
vn -0.2998 0.5403 0.7863
vn -0.1779 0.8801 -0.4403
vn 0.1091 0.3308 0.9374
vn -0.2180 0.9722 0.0858
vn -0.0202 0.6868 0.7266
vn -0.1988 0.3813 -0.9028
vn 0.8908 -0.0504 -0.4515
vn 0.8449 0.1428 -0.5155
vn 0.7411 0.1199 -0.6606
vn 0.4719 0.8812 0.0274
vn 0.9020 -0.2025 0.3814
vn 0.9036 -0.2281 0.3625
vn 0.7101 0.1176 0.6942
vn 0.3069 0.8224 0.4791
vn -0.1999 -0.5238 -0.8280
vn 0.0343 -0.1756 0.9839
vn -0.1032 -0.2221 0.9695
vn 0.1479 -0.9528 -0.2650
vn 0.9482 0.1015 -0.3011
vn 0.7513 -0.6599 0.0026
vn 0.1101 0.7389 0.6647
vn 0.8824 0.4702 -0.0174
vn -0.0330 0.0296 0.9990
vn -0.1506 0.0189 -0.9884
vn -0.0992 0.8630 0.4954
vn 0.0489 0.9968 0.0627
vn 0.5790 0.7950 -0.1810
vn 0.6426 -0.0498 0.7646
vn 0.2417 -0.9184 0.3132
vn 0.0324 -0.9472 -0.3190
vn 0.9383 -0.0344 0.3440
vn -0.2011 0.7487 0.6317
vn 0.5992 -0.1698 -0.7824
vn 0.9245 -0.1789 -0.3366
vn 0.4945 0.1887 0.8484
vn 0.1201 0.5659 0.8157
vn 0.0565 0.4291 -0.9015
vn 0.8665 0.3216 -0.3817
vn 0.9458 0.1826 -0.2686
vn 0.4852 -0.2793 -0.8286
vn -0.4441 0.1752 0.8787
vn -0.4178 0.4083 0.8116
vn 0.3720 0.8650 -0.3367
vn 0.3496 -0.2852 0.8924
vn 0.9771 -0.1276 -0.1704
vn -0.1560 0.9561 -0.2480
vn 0.3442 -0.6966 0.6295
vn 0.5654 0.4825 -0.6690
vn -0.2002 0.9650 -0.1692
vn -0.0373 0.9966 -0.0737
vn -0.1706 0.2324 -0.9576
vn -0.9505 -0.2844 -0.1249
vn -0.9741 -0.2072 0.0907
vn 0.1567 -0.2128 -0.9645
vn -0.5599 -0.8250 0.0771
vn 0.8417 0.5349 -0.0731
vn 0.6118 -0.3610 -0.7038
vn 0.9454 0.1815 0.2708
vn 0.9457 0.1809 0.2702
vn -0.1134 -0.2140 -0.9702
vn 0.6638 -0.6404 0.3863
vn -0.0091 -0.7966 -0.6045
vn -0.7960 0.5411 -0.2713
vn -0.8564 0.4867 0.1723
vn 0.8815 -0.0782 0.4656
vn 0.8247 -0.4622 -0.3259
vn -0.1145 0.1126 -0.9870
vn 0.9652 0.1842 0.1857
vn 0.9650 0.1848 0.1862
vn 0.9498 0.1815 0.2549
vn 0.9495 0.1821 0.2555
vn 0.7913 -0.5899 0.1608
vn -0.9365 -0.1631 -0.3104
vn 0.9340 0.1803 0.3084
vn 0.9447 0.1821 0.2727
vn 0.9644 0.1854 0.1885
vn 0.9485 0.1827 0.2588
vn 0.7101 -0.6966 0.1025
vn 0.2978 -0.9150 0.2722
vn 0.8060 -0.3558 -0.4731
vn 0.3074 -0.3093 0.8999
vn -0.1305 -0.0624 0.9895
vn -0.0768 0.3688 -0.9263
vn -0.0045 -0.2895 -0.9572
vn 0.7619 0.6098 -0.2185
vn -0.2368 0.2356 0.9426
vn -0.8042 -0.4095 -0.4308
vn 0.7890 -0.3323 0.5167
vn 0.7233 -0.6891 -0.0443
vn -0.0700 0.4060 -0.9112
vn 0.7409 -0.1341 0.6581
vn -0.1790 -0.6953 -0.6961
vn 0.0101 0.0500 -0.9987
vn 0.7897 -0.4808 0.3811
vn 0.0342 -0.6025 -0.7974
vn 0.5153 0.2782 0.8106
vn 0.0418 -0.2099 -0.9768
vn 0.0023 0.5872 0.8095
vn 0.0426 0.3779 0.9248
vn 0.3630 0.0816 0.9282
vn 0.1357 -0.2886 0.9478
vn 0.9346 0.1789 0.3073
vn -0.9041 0.1329 0.4061
vn 0.2896 -0.2678 0.9189
vn -0.1902 0.4756 0.8588
vn -0.0825 0.4158 0.9057
vn 0.9344 0.1795 0.3077
vn 0.3108 -0.2798 0.9083
vn 0.7625 -0.2055 0.6135
vn 0.1073 0.9176 0.3826
vn 0.1670 -0.1143 0.9793
vn -0.1459 0.7240 -0.6742
vn 0.4234 -0.4944 0.7591
vn 0.1072 -0.9005 0.4215
vn 0.4755 -0.5572 0.6807
vn 0.7039 0.4086 -0.5809
vn 0.1376 0.0461 0.9894
vn -0.0231 -0.3969 0.9176
vn -0.0381 0.2064 0.9777
vn 0.5852 -0.0035 0.8109
vn -0.2035 -0.7042 0.6802
vn 0.7851 -0.4029 0.4703
vn -0.9767 0.0883 0.1958
vn -0.2935 -0.1833 0.9382
vn -0.9479 -0.1951 -0.2517
vn 0.1663 -0.3420 0.9249
vn 0.6321 -0.7378 -0.2368
vn -0.6745 -0.7298 -0.1114
vn -0.8030 -0.4469 0.3943
vn 0.0613 -0.4513 -0.8903
vn 0.5019 -0.8336 0.2307
vn 0.9373 -0.2353 0.2570
vn 0.8872 -0.1062 -0.4490
vn 0.1853 -0.8000 -0.5707
vn -0.0707 -0.8422 0.5345
vn 0.3649 -0.8531 -0.3729
vn 0.6728 -0.4903 -0.5540
vn 0.1261 0.2007 0.9715
vn 0.6239 -0.2233 0.7489
vn 0.3897 -0.7556 -0.5266
vn 0.0544 -0.9605 -0.2730
vn 0.3175 -0.7597 -0.5675
vn 0.5938 0.5455 0.5915
vn 0.2180 0.9544 -0.2039
vn 0.0554 0.9981 0.0268
vn -0.1725 0.8133 0.5557
vn 0.3250 0.5316 -0.7821
vn 0.7336 0.6761 0.0687
vn 0.4528 0.3268 -0.8296
vn 0.0120 -0.3097 -0.9508
vn 0.4776 -0.2625 0.8384
vn 0.1621 -0.3634 0.9174
vn 0.0534 0.9829 -0.1760
vn 0.2101 -0.5153 0.8309
vn 0.0365 -0.2706 0.9620
vn 0.3297 -0.2683 0.9052
vn 0.2856 -0.9223 -0.2603
vn 0.8688 0.4921 0.0549
vn -0.9513 0.0643 -0.3015
vn 0.4696 0.3483 0.8113
vn 0.3142 0.6397 0.7015
vn 0.8145 0.3933 0.4265
vn 0.7250 0.6589 0.2006
vn 0.4786 0.8538 0.2047
vn 0.1953 -0.9684 0.1553
vn 0.0582 -0.9974 0.0422
vn 0.0107 -0.4974 0.8674
vn 0.1328 0.9911 0.0110
vn 0.5630 0.4851 -0.6691
vn -0.3717 -0.3873 0.8437
vn -0.0567 0.9132 -0.4036
vn -0.3558 0.8739 -0.3313
vn 0.3876 0.5746 0.7208
vn 0.7837 0.5170 0.3443
vn 0.8437 0.5365 0.0187
vn 0.7275 -0.0559 0.6838
vn 0.1873 -0.3150 0.9304
vn 0.5497 -0.1829 0.8151
vn 0.4888 -0.2835 -0.8250
vn 0.4236 -0.6058 0.6735
vn -0.7067 -0.6158 -0.3483
vn -0.4629 -0.0383 -0.8856
vn 0.6776 -0.4822 0.5553
vn 0.9382 0.1148 0.3264
vn 0.1070 -0.2412 0.9646
vn 0.0795 -0.4140 0.9068
vn 0.0508 0.1151 0.9921
vn 0.0392 0.9437 -0.3285
vn -0.5933 0.7772 0.2096
vn -0.4046 0.8372 -0.3680
vn -0.9274 0.2832 0.2444
vn -0.3034 -0.9138 -0.2701
vn 0.3884 0.9190 -0.0681
vn 0.8933 0.2741 0.3561
vn -0.0789 -0.0510 0.9956
vn 0.0627 -0.4350 0.8982
vn 0.5072 0.3521 0.7867
vn -0.2306 -0.6223 0.7480
vn 0.6175 0.7032 0.3526
vn 0.7622 0.6077 0.2232
vn 0.6794 0.1814 0.7110
vn 0.8700 -0.0563 0.4899
vn 0.5148 0.8473 0.1307
vn 0.2218 0.9748 0.0239
vn 0.9957 0.0809 0.0455
vn 0.8529 0.3635 0.3747
vn 0.2930 -0.8327 0.4699
vn 0.2205 -0.9035 0.3675
vn -0.2899 -0.6879 0.6653
vn 0.5787 0.3369 0.7427
vn -0.4517 0.2409 0.8590
vn 0.3094 0.0812 0.9475
vn 0.8256 -0.0396 0.5628
vn 0.8830 0.4142 -0.2206
vn 0.3297 0.5821 0.7433
vn 0.5608 0.5379 0.6294
vn 0.5577 0.5497 0.6219
vn 0.7058 0.2654 0.6568
vn 0.1781 -0.9089 0.3770
vn -0.2779 -0.5192 0.8082
vn 0.6415 0.7653 0.0531
vn 0.2564 -0.7789 0.5724
vn 0.1487 -0.7890 0.5961
vn 0.2222 0.0562 0.9734
vn 0.5075 -0.2074 0.8363
vn 0.7094 0.3718 0.5987
vn 0.7977 -0.5442 0.2598
vn 0.1701 -0.7659 0.6201
vn -0.2155 0.5242 0.8239
vn 0.6089 0.4346 -0.6636
vn -0.2096 0.9079 0.3630
vn -0.0412 0.0911 0.9950
vn 0.1079 0.9655 0.2369
vn 0.5665 0.3909 0.7254
vn -0.0795 -0.6242 0.7772
vn 0.8293 0.3761 0.4133
vn 0.8614 0.4903 0.1331
vn -0.0755 -0.7234 0.6862
vn -0.0749 -0.2901 0.9541
vn 0.6077 -0.5430 -0.5795
vn 0.2756 0.1452 -0.9502
vn 0.3630 0.3490 0.8640
vn 0.8815 0.3309 0.3367
vn 0.9977 0.0571 -0.0362
vn 0.7675 -0.3451 -0.5402
vn 0.0102 -0.9273 0.3742
vn 0.8401 0.2087 -0.5006
vn -0.9121 0.0182 0.4095
vn -0.4512 0.5001 -0.7391
vn -0.3430 0.8428 -0.4148
vn 0.9135 -0.3786 -0.1489
vn 0.0730 0.9925 -0.0979
vn -0.2363 -0.3928 -0.8888
vn 0.7476 -0.1025 0.6562
vn 0.9762 -0.0538 0.2103
vn 0.5002 0.1404 0.8545
vn 0.5439 0.0011 -0.8392
vn 0.4569 -0.3823 -0.8032
vn 0.8443 -0.1597 0.5115
vn -0.5770 -0.7893 0.2099
vn -0.2208 -0.7005 0.6786
vn -0.1751 -0.8547 0.4886
vn -0.7028 -0.6861 0.1881
vn -0.3156 -0.9449 -0.0871
vn 0.8953 -0.4451 0.0192
vn 0.5317 0.2470 0.8101
vn 0.6510 -0.0861 0.7541
vn 0.2744 -0.9566 -0.0982
vn -0.1259 0.3757 -0.9181
vn 0.8223 0.1608 0.5459
vn -0.5324 0.1427 -0.8344
vn -0.3580 0.2277 -0.9055
vn 0.7772 0.1350 0.6146
vn 0.7513 0.4349 0.4964
vn -0.4170 -0.1025 0.9031
vn -0.0858 -0.9859 -0.1434
vn 0.9813 -0.0140 0.1921
vn 0.9799 0.1883 0.0657
vn -0.7170 0.6032 0.3493
vn -0.3581 0.2018 0.9116
vn -0.7991 0.0733 0.5967
vn 0.8289 0.2667 0.4918
vn 0.2418 0.0997 0.9652
vn 0.4849 0.1538 0.8610
vn 0.0833 -0.8902 -0.4478
vn -0.6586 0.7522 -0.0207
vn -0.7830 -0.2050 -0.5872
vn -0.1665 -0.3880 0.9065
vn 0.7889 -0.5458 0.2824
vn 0.0772 -0.2209 0.9722
vn -0.4246 -0.0812 0.9017
vn -0.5015 0.4623 0.7312
vn 0.7182 0.5672 0.4031
vn -0.6239 -0.6837 -0.3786
vn -0.8280 0.0725 -0.5561
vn -0.9657 0.0550 -0.2537
vn -0.6010 0.1420 -0.7865
vn -0.6654 0.1010 -0.7396
vn 0.7610 0.4910 0.4241
vn 0.4356 -0.8616 -0.2607
vn 0.6865 -0.5360 0.4914
vn -0.6243 -0.0037 -0.7812
vn -0.6936 -0.0168 -0.7201
vn 0.3916 -0.3073 -0.8673
vn 0.1213 0.6519 0.7486
vn 0.5495 -0.7430 0.3821
vn 0.2636 -0.1919 -0.9454
vn -0.0717 0.6951 0.7153
vn -0.0535 -0.7686 0.6374
vn -0.0683 -0.5750 0.8153
vn -0.8997 0.0078 0.4363
vn -0.8558 -0.5173 0.0034
vn -0.2957 -0.8551 -0.4259
vn -0.7085 -0.7037 0.0535
vn 0.7348 0.4010 0.5471
vn 0.5092 -0.3241 0.7973
vn -0.7628 0.6171 -0.1932
vn 0.4380 -0.8941 0.0942
vn 0.1395 -0.9054 -0.4011
vn -0.9934 -0.0022 -0.1149
vn 0.4966 -0.5425 -0.6775
vn -0.8955 0.3837 0.2254
vn 0.1380 -0.6710 -0.7285
vn -0.0743 -0.4589 -0.8854
vn 0.7097 -0.5408 -0.4515
vn -0.9056 0.3837 -0.1808
vn -0.0212 -0.6062 -0.7950
vn 0.8714 -0.0636 0.4864
vn 0.2374 -0.8026 -0.5472
vn 0.7892 0.5924 0.1617
vn 0.1046 -0.7552 -0.6471
vn 0.7841 0.3332 0.5236
vn 0.0686 -0.6552 0.7523
vn 0.3388 -0.4079 0.8478
vn -0.7990 0.0147 -0.6011
vn -0.0623 -0.7978 -0.5996
vn -0.9750 0.1779 0.1331
vn -0.9967 0.0551 -0.0589
vn -0.8039 0.0215 -0.5944
vn -0.3058 0.3271 -0.8941
vn -0.9643 -0.0514 -0.2596
vn 0.7222 -0.3349 0.6052
vn 0.9229 -0.1708 0.3450
vn 0.7320 -0.5344 0.4226
vn 0.5957 0.6895 -0.4120
vn -0.4660 -0.8633 -0.1936
vn 0.8135 -0.5752 -0.0856
vn 0.4828 0.3291 0.8116
vn -0.9607 -0.0517 -0.2727
vn -0.2238 0.9632 0.1487
vn -0.9168 -0.3700 0.1503
vn -0.8303 -0.1116 0.5460
vn -0.6958 -0.6693 0.2606
vn -0.8957 0.2950 -0.3327
vn 0.1530 -0.5205 -0.8400
vn 0.6245 -0.1831 -0.7593
vn 0.9379 -0.1299 -0.3218
vn 0.0769 0.3099 0.9477
vn -0.8187 0.4221 0.3894
vn -0.0142 -0.7836 0.6210
vn -0.1954 -0.7878 0.5841
vn -0.4835 0.1779 0.8571
vn -0.0824 0.9963 0.0234
vn -0.2026 -0.8484 -0.4890
vn -0.1422 -0.3080 -0.9407
vn -0.5769 -0.5282 -0.6230
vn 0.9658 -0.1263 -0.2266
vn 0.1174 -0.0773 -0.9901
vn 0.4342 0.0108 -0.9008
vn -0.5146 -0.3234 -0.7941
vn -0.7723 0.1556 -0.6159
vn -0.5332 0.2431 0.8103
vn 0.9344 -0.3294 0.1356
vn 0.9723 -0.2323 -0.0274
vn 0.2940 0.9540 0.0593
vn 0.1254 -0.7825 -0.6099
vn -0.3647 -0.2875 -0.8856
vn 0.5805 -0.0882 0.8095
vn 0.0652 0.6816 0.7288
vn 0.2082 -0.1894 0.9596
vn 0.1887 -0.4389 -0.8785
vn -0.0784 -0.6404 -0.7640
vn -0.4316 -0.7100 -0.5565
vn 0.3321 0.0541 -0.9417
vn 0.8502 0.5243 -0.0477
vn 0.7636 0.0559 0.6432
vn 0.8476 0.2308 0.4779
vn -0.2291 -0.6221 0.7487
vn 0.3545 0.5201 0.7770
vn -0.3393 -0.5559 0.7588
vn -0.4004 -0.5073 0.7631
vn -0.4535 -0.6986 0.5535
vn 0.2549 0.9553 -0.1499
vn -0.2524 -0.6100 0.7511
vn -0.3885 -0.6517 0.6515
vn -0.5670 -0.1929 -0.8008
vn -0.2672 -0.6062 0.7491
vn -0.0201 -0.8270 0.5618
vn -0.9471 -0.2666 -0.1786
vn 0.7156 0.1937 -0.6711
vn 0.9995 -0.0207 0.0224
vn 0.9436 0.1886 0.2719
vn -0.2971 -0.3633 0.8831
vn 0.8076 -0.2690 0.5248
vn 0.7434 0.0640 -0.6658
vn 0.3304 -0.2250 -0.9166
vn 0.2869 -0.4903 -0.8230
vn 0.7334 0.0603 -0.6772
vn -0.4350 -0.7982 0.4167
vn -0.1257 -0.8703 -0.4763
vn -0.8152 0.0860 0.5727
vn -0.8442 -0.1110 0.5244
vn 0.1413 -0.3197 0.9369
vn -0.5452 0.4021 0.7356
vn -0.3347 0.4900 0.8050
vn 0.8979 0.3169 -0.3055
vn -0.3756 0.8597 -0.3462
vn -0.0917 0.9876 -0.1275
vn -0.5389 0.4038 0.7393
vn -0.9555 -0.1390 -0.2603
vn 0.2761 0.8679 0.4129
vn -0.6625 -0.5021 0.5559
vn -0.9307 -0.1950 -0.3096
vn -0.8293 0.2906 -0.4772
vn -0.2198 -0.8848 -0.4107
vn 0.2556 -0.1678 0.9521
vn -0.1114 -0.7065 -0.6989
vn -0.3630 -0.7774 -0.5136
vn -0.5491 0.7283 -0.4100
vn 0.7898 0.0638 -0.6100
vn 0.3213 0.2161 -0.9220
vn 0.4289 0.8841 -0.1856
vn 0.3096 0.8646 -0.3956
vn 0.3994 -0.5478 -0.7351
vn 0.3640 -0.2025 -0.9091
vn 0.4421 -0.0061 0.8969
vn 0.6553 0.0228 0.7550
vn 0.7889 -0.1754 0.5890
vn 0.0372 0.4562 0.8891
vn -0.2187 -0.9565 -0.1929
vn -0.2746 -0.8342 -0.4781
vn 0.0474 -0.1783 -0.9828
vn 0.3993 -0.1898 -0.8970
vn 0.6072 0.7942 0.0221
vn -0.1287 -0.8917 0.4339
vn -0.0677 -0.9410 0.3317
vn -0.2838 -0.5371 0.7944
vn -0.4772 -0.4236 0.7700
vn -0.1718 -0.9583 -0.2282
vn 0.1171 -0.6698 0.7333
vn 0.2023 -0.9252 0.3211
vn -0.4430 -0.8392 -0.3154
vn 0.0672 0.3194 0.9452
vn 0.8315 0.2013 -0.5178
vn 0.6910 0.1305 -0.7110
vn 0.9381 0.3099 0.1550
vn 0.3003 -0.4916 -0.8174
vn 0.0639 -0.2347 -0.9700
vn 0.4920 0.3677 -0.7891
vn -0.7927 -0.4007 -0.4595
vn -0.8295 -0.1212 0.5452
vn -0.7551 -0.2736 0.5958
vn -0.7571 -0.1263 0.6409
vn 0.3462 0.4317 -0.8329
vn 0.4034 0.9145 -0.0298
vn -0.6986 -0.6951 -0.1698
vn -0.3452 0.4856 0.8031
vn -0.0369 -0.7266 -0.6861
vn -0.8835 -0.3880 0.2625
vn -0.9926 -0.0258 0.1189
vn 0.0829 -0.8872 -0.4538
vn 0.4018 -0.7063 -0.5829
vn -0.8343 -0.5494 0.0458
vn -0.6139 -0.3396 0.7126
vn -0.6074 -0.5384 0.5841
vn -0.2450 -0.9657 -0.0856
vn -0.8821 -0.3994 0.2496
vn -0.7259 -0.4844 0.4884
vn 0.1532 -0.4910 -0.8576
vn -0.4429 -0.6972 -0.5637
vn -0.8677 -0.1665 0.4683
vn 0.9552 -0.0685 0.2879
vn 0.9821 0.1878 -0.0115
vn 0.8761 0.4061 0.2598
vn 0.5672 0.8104 0.1468
vn 0.0495 0.0574 0.9971
vn 0.1070 0.4993 0.8598
vn 0.5628 -0.2182 -0.7972
vn 0.3916 -0.8334 -0.3899
vn -0.7910 -0.3533 0.4995
vn 0.8507 -0.3386 0.4022
vn -0.7443 -0.5841 0.3240
vn 0.9173 0.3981 -0.0035
vn -0.9454 -0.0899 0.3131
vn -0.8865 -0.4440 0.1304
vn 0.8601 0.2901 0.4196
vn 0.7286 0.3630 -0.5809
vn 0.6305 0.2413 -0.7377
vn 0.8264 -0.1751 -0.5351
vn 0.2071 0.5455 -0.8121
vn -0.3494 -0.8985 0.2659
vn -0.3551 -0.9204 -0.1636
vn 0.4578 -0.7501 0.4772
vn 0.3658 0.3451 0.8643
vn 0.8612 -0.1738 0.4777
vn 0.4238 0.8791 -0.2182
vn -0.3703 0.7188 -0.5884
vn -0.8320 0.5546 -0.0136
vn 0.9875 0.1416 0.0691
vn -0.5241 -0.2265 0.8210
vn 0.0106 -0.8006 0.5991
vn -0.9321 0.2564 -0.2559
vn 0.9528 0.2298 -0.1983
vn 0.7289 0.6806 -0.0746
vn 0.9798 0.1829 -0.0802
vn 0.6526 -0.1887 -0.7338
vn 0.3308 -0.8871 -0.3220
vn -0.7272 -0.5818 0.3643
vn -0.9218 -0.2938 -0.2530
vn 0.5221 -0.5673 0.6368
vn 0.5324 0.8356 -0.1354
vn -0.5658 -0.8182 -0.1023
vn 0.0572 -0.9957 0.0730
vn -0.4015 -0.3912 0.8281
vn -0.5436 -0.4744 0.6924
vn 0.3534 0.3136 0.8813
vn 0.1964 0.5375 0.8201
vn -0.4434 -0.8613 0.2480
vn -0.8617 -0.4838 0.1532
vn -0.6988 -0.4859 0.5249
vn 0.5299 0.3344 0.7794
vn -0.3368 0.3015 0.8920
vn 0.0923 -0.5846 -0.8060
vn -0.1066 -0.9668 0.2321
vn -0.5952 -0.5683 0.5682
vn 0.5337 -0.7558 0.3794
vn 0.8617 -0.4121 0.2960
vn 0.9104 -0.0442 0.4115
vn 0.6352 0.7723 0.0025
vn 0.2265 0.9554 -0.1897
vn 0.1106 0.9848 -0.1342
vn -0.3039 0.9524 0.0248
vn -0.5348 -0.1469 0.8321
vn -0.7302 0.0053 0.6832
vn 0.6219 -0.2787 -0.7318
vn 0.6563 -0.1877 -0.7308
vn 0.8106 0.0722 -0.5812
vn -0.1145 0.8458 0.5211
vn 0.7996 -0.0199 -0.6002
vn 0.7238 -0.1510 -0.6733
vn 0.7541 -0.0409 -0.6555
vn -0.2366 -0.9582 -0.1609
vn -0.5185 0.8414 0.1523
vn -0.5976 -0.7542 -0.2722
vn -0.2005 -0.9385 -0.2812
vn -0.8814 0.0005 0.4724
vn 0.7940 0.0352 -0.6069
vn 0.6410 0.7253 0.2510
vn 0.1675 0.9133 0.3712
vn -0.5394 -0.8327 0.1254
vn 0.5187 -0.8233 -0.2305
vn -0.5333 0.1070 0.8391
vn -0.4872 0.8624 0.1376
vn 0.7798 -0.0575 -0.6234
vn -0.1200 -0.9351 -0.3336
vn -0.4659 0.3536 -0.8111
vn 0.3328 0.3088 0.8910
vn -0.9066 0.1081 0.4079
vn -0.5292 0.1545 0.8343
vn -0.0268 -0.9996 0.0044
vn -0.4872 0.8624 0.1377
vn 0.7617 0.6022 0.2390
vn 0.5810 0.7804 0.2312
vn 0.1858 0.9721 0.1428
vn -0.5942 0.7697 0.2335
vn 0.4344 0.8909 0.1327
vn -0.0903 0.8143 0.5733
vn -0.5141 0.2409 0.8232
vn 0.4912 0.4462 0.7481
vn 0.1150 0.7113 0.6934
vn 0.2519 0.4319 0.8660
vn 0.3730 0.5654 0.7356
vn -0.9621 -0.0707 0.2635
vn -0.9286 -0.1473 0.3406
vn -0.9282 -0.1353 0.3466
vn -0.9592 -0.2385 0.1517
vn -0.5012 -0.8594 0.1007
vn -0.9743 -0.1259 0.1866
vn -0.7398 -0.6354 0.2215
vn 0.4081 -0.7458 0.5265
vn 0.6581 0.1883 0.7290
vn -0.4934 -0.8497 0.1857
vn 0.7014 -0.1414 0.6986
vn 0.9093 0.2840 0.3042
vn -0.7907 -0.1243 0.5994
vn -0.8693 -0.3367 0.3619
vn 0.8343 0.0960 -0.5428
vn 0.3497 0.0790 -0.9335
vn 0.6602 -0.1350 0.7388
vn -0.0430 0.7143 0.6985
vn 0.1508 0.6213 0.7690
vn -0.0763 0.6815 0.7278
vn 0.9690 0.2063 0.1361
vn 0.7123 0.5111 0.4811
vn 0.8193 0.2974 0.4903
vn -0.8321 -0.4519 0.3216
vn 0.4290 0.1888 0.8834
vn 0.5876 0.4876 0.6457
vn 0.3240 -0.0122 0.9460
vn 0.1086 -0.1320 0.9853
vn -0.7624 0.4071 -0.5030
vn 0.6699 0.2282 0.7065
vn -0.9723 -0.2082 0.1062
vn 0.8117 0.0729 0.5795
vn 0.9470 0.0866 0.3095
vn -0.9775 -0.1829 0.1050
vn 0.2523 0.9529 0.1681
vn -0.4817 0.8364 -0.2613
vn -0.8379 0.5271 0.1419
vn 0.8057 0.3774 0.4566
vn 0.5580 -0.5890 0.5845
vn 0.4557 -0.5935 0.6634
vn 0.5741 0.8108 0.1139
vn -0.9134 -0.3878 0.1239
vn -0.3524 -0.4605 0.8147
vn -0.8917 -0.3712 0.2589
vn 0.1784 -0.9798 0.0905
vn 0.1114 -0.4405 0.8908
vn 0.4396 -0.8971 0.0433
vn 0.6658 0.6249 -0.4077
vn -0.9680 0.2465 0.0474
vn -0.6829 0.3986 0.6122
vn -0.0970 -0.9475 0.3047
vn -0.3589 -0.6172 0.7002
vn -0.5925 0.6555 0.4682
vn -0.3077 0.9043 -0.2958
vn -0.5582 0.8195 0.1302
vn -0.4572 -0.8692 0.1882
vn 0.7895 0.3153 0.5266
vn -0.1654 -0.7267 0.6668
vn 0.7584 -0.2874 0.5850
vn 0.7807 0.0432 0.6234
vn -0.5444 -0.6670 0.5086
vn 0.2386 -0.7257 0.6454
vn -0.0874 -0.3313 0.9395
vn 0.8477 0.2579 0.4636
vn 0.6225 0.1944 0.7581
vn -0.6066 -0.7106 0.3565
vn 0.9843 0.0781 0.1581
vn -0.5517 -0.7158 0.4282
vn -0.9343 -0.1905 0.3014
vn -0.3415 -0.8236 0.4528
vn -0.0987 0.0674 0.9928
vn -0.3334 0.5289 0.7804
vn -0.1946 -0.8145 0.5465
vn 0.2107 -0.9460 0.2464
vn -0.3180 -0.8628 0.3930
vn -0.6360 -0.5850 0.5032
vn 0.9142 -0.1684 0.3687
vn 0.7091 -0.2095 0.6733
vn -0.7418 -0.6657 0.0810
vn -0.4002 -0.0953 -0.9115
vn -0.6585 0.3040 0.6885
vn -0.5237 0.2344 0.8190
vn 0.8427 0.1382 0.5204
vn 0.6302 0.0370 -0.7755
vn 0.4828 0.8740 -0.0559
vn 0.9362 0.3499 -0.0326
vn 0.4488 -0.5693 0.6888
vn 0.1418 0.5282 -0.8372
vn -0.6838 -0.6454 -0.3404
vn 0.5639 0.5030 0.6550
vn -0.5182 0.4027 0.7545
vn -0.0658 0.4026 0.9130
vn -0.0431 -0.1959 0.9797
vn 0.6993 0.5013 0.5097
vn 0.9989 0.0272 0.0382
vn -0.0584 0.8632 0.5014
vn 0.7673 -0.0885 -0.6352
vn 0.2338 -0.6592 -0.7147
vn -0.9044 -0.2722 0.3285
vn 0.4622 -0.6064 -0.6470
vn 0.6378 -0.2708 -0.7210
vn 0.6585 -0.4481 -0.6046
vn -0.7245 -0.5064 -0.4677
vn -0.8642 -0.4797 0.1515
vn -0.8096 -0.5770 -0.1081
vn 0.1434 0.2401 0.9601
vn 0.1700 0.8518 0.4956
vn -0.1218 -0.9901 -0.0704
vn -0.9174 -0.2405 0.3172
vn -0.0783 0.1485 0.9858
vn 0.8500 0.5181 0.0948
vn -0.1137 0.2597 0.9590
vn 0.0775 0.9918 -0.1018
vn 0.0988 0.9139 -0.3936
vn -0.0936 0.9653 -0.2439
vn -0.4734 -0.6151 -0.6305
vn -0.2414 0.9144 -0.3250
vn 0.0390 0.8939 0.4466
vn -0.0033 0.3124 -0.9499
vn -0.1079 -0.9730 -0.2038
vn -0.3413 -0.9389 0.0451
vn 0.5604 -0.0808 0.8243
vn -0.1939 0.9810 -0.0076
vn 0.5139 -0.3785 0.7698
vn 0.0146 0.7572 0.6530
vn 0.1152 0.9851 0.1276
vn 0.2102 0.9446 0.2522
vn 0.5886 0.8055 -0.0692
vn -0.2136 -0.1713 0.9618
vn 0.4457 -0.1888 0.8751
vn 0.4854 0.7609 0.4306
vn -0.8731 -0.4438 -0.2020
vn -0.8265 -0.2853 0.4852
vn 0.2765 0.8444 -0.4588
vn -0.1317 0.7577 0.6391
vn 0.3443 0.9288 -0.1371
vn -0.1188 -0.6132 0.7810
vn -0.3278 -0.9177 0.2246
vn -0.5026 -0.4786 0.7200
vn -0.0080 0.8829 -0.4695
vn -0.4840 -0.1611 -0.8601
vn -0.7867 -0.0187 -0.6170
vn -0.6041 -0.0886 -0.7920
vn -0.8667 -0.4250 -0.2610
vn -0.3724 -0.1984 -0.9066
vn 0.3679 0.0677 0.9274
vn -0.8626 -0.4664 -0.1960
vn -0.7734 -0.1954 0.6030
vn -0.2093 0.9117 -0.3536
vn 0.2934 0.2273 -0.9286
vn -0.7554 -0.1171 -0.6447
vn -0.4771 -0.0131 0.8787
vn -0.0352 0.6436 0.7645
vn -0.1492 -0.0353 -0.9882
vn -0.6553 -0.1960 -0.7294
vn -0.0411 0.8521 -0.5218
vn -0.4358 0.8274 0.3541
vn -0.2937 0.8077 0.5112
vn 0.1840 0.6842 -0.7057
vn -0.0842 0.5261 -0.8462
vn -0.0327 0.9988 -0.0360
vn -0.3639 0.9116 -0.1913
vn -0.1599 0.9368 0.3112
vn -0.1399 0.9893 -0.0403
vn -0.0516 0.6351 -0.7707
vn 0.9227 0.3295 -0.2000
vn -0.7920 0.5329 -0.2980
vn 0.0258 0.4269 -0.9039
vn -0.1120 0.3350 -0.9356
vn -0.3788 0.9074 -0.1819
vn 0.8490 -0.5218 0.0836
vn 0.9526 0.2681 -0.1436
vn -0.1662 0.0043 0.9861
vn -0.4959 -0.3067 -0.8124
vn 0.5567 -0.6415 0.5279
vn -0.2559 -0.7720 0.5818
vn 0.3052 -0.6563 0.6900
vn 0.8615 0.2003 0.4665
vn -0.5451 0.3647 0.7548
vn -0.2268 0.1369 0.9643
vn 0.6551 0.6643 0.3599
vn -0.3144 0.9476 -0.0566
vn -0.1505 0.6651 0.7314
vn -0.0553 0.6486 0.7591
vn 0.9053 -0.3816 0.1865
vn 0.1434 0.7413 0.6557
vn 0.1812 0.9211 0.3445
vn 0.5113 0.2156 0.8319
vn -0.5806 -0.8097 0.0856
vn -0.8044 0.1919 0.5622
vn -0.6668 0.2088 0.7154
vn -0.8695 -0.4935 0.0225
vn -0.0601 -0.5497 0.8332
vn -0.7046 -0.0181 -0.7093
vn -0.8031 -0.5359 -0.2603
vn -0.5552 -0.6263 -0.5473
vn 0.8158 -0.1067 -0.5684
vn 0.2862 0.6151 -0.7346
vn 0.2889 0.6855 -0.6683
vn 0.7079 0.6398 -0.2991
vn 0.8897 0.0784 -0.4498
vn -0.5734 -0.0045 -0.8193
vn 0.2779 0.2552 0.9261
vn -0.9092 -0.2251 0.3503
vn -0.2727 0.8098 0.5195
vn -0.6706 -0.0256 -0.7414
vn -0.0662 0.8782 -0.4737
vn 0.0033 0.4498 0.8931
vn -0.2213 0.2147 0.9513
vn 0.3332 -0.9428 0.0026
vn 0.5351 -0.8009 0.2687
vn -0.2582 0.9597 -0.1114
vn 0.8206 0.5703 -0.0361
vn 0.7891 0.0921 -0.6073
vn 0.2520 -0.9422 0.2208
vn -0.9230 -0.3747 -0.0879
vn 0.3233 0.7911 0.5193
vn -0.8991 -0.4165 0.1345
vn 0.9330 -0.0006 0.3600
vn 0.3926 -0.2869 0.8738
vn -0.7486 -0.5366 0.3895
vn 0.0330 -0.3982 0.9167
vn -0.0309 0.0017 0.9995
vn -0.9368 -0.1599 -0.3111
vn -0.9843 -0.1031 -0.1435
vn -0.9975 -0.0670 -0.0209
vn 0.2223 -0.9070 0.3576
vn -0.9968 0.0477 0.0635
vn -0.4125 0.8482 0.3324
vn 0.0480 0.7779 0.6266
vn 0.9869 0.1081 -0.1197
vn 0.0158 -0.8854 0.4645
vn 0.0562 0.7428 -0.6671
vn 0.1829 0.6920 -0.6984
vn -0.2649 -0.6184 -0.7398
vn -0.2394 -0.3246 0.9151
vn -0.8484 0.4394 0.2952
vn 0.6934 0.3011 -0.6546
vn 0.5116 0.1545 -0.8452
vn -0.0448 0.6355 -0.7708
vn -0.5999 -0.2559 -0.7581
vn -0.4474 0.0498 0.8930
vn 0.8402 0.2042 0.5023
vn 0.1009 -0.7511 0.6524
vn -0.7393 -0.6655 0.1028
vn -0.4712 -0.8782 0.0819
vn -0.2428 -0.0088 -0.9700
vn -0.3048 0.6813 0.6655
vn -0.9516 -0.2321 -0.2015
vn -0.8976 -0.4403 0.0215
vn 0.4415 -0.4020 0.8022
vn 0.9695 0.2308 0.0821
vn 0.4284 -0.2454 0.8696
vn 0.4339 0.0073 -0.9009
vn 0.4170 0.0081 -0.9089
vn 0.0029 0.9073 -0.4204
vn 0.3917 0.9162 0.0845
vn 0.5956 0.3851 -0.7050
vn 0.6087 0.0478 -0.7920
vn -0.2310 0.6167 -0.7526
vn 0.7711 -0.3830 -0.5087
vn 0.2811 -0.1178 -0.9524
vn 0.9464 0.2380 -0.2183
vn 0.9129 0.3970 -0.0944
vn 0.8541 0.0723 0.5150
vn 0.1161 0.7019 0.7028
vn 0.9756 0.1860 -0.1167
vn 0.8986 0.4164 -0.1382
vn 0.9493 0.2476 -0.1939
vn 0.7865 -0.6175 -0.0062
vn 0.9739 0.1677 -0.1530
vn -0.3947 -0.3584 0.8460
vn -0.8257 0.2683 0.4962
vn 0.4430 -0.7106 0.5466
vn -0.8251 -0.2703 0.4962
vn 0.9115 -0.0492 -0.4083
vn 0.3196 -0.0681 0.9451
vn 0.8197 -0.1233 0.5594
vn -0.5000 0.5033 0.7048
vn -0.9661 -0.1272 0.2248
vn -0.0597 0.9101 0.4101
vn -0.1999 0.0643 0.9777
vn 0.2985 0.9443 -0.1385
vn -0.1808 0.8629 -0.4719
vn 0.3145 0.9438 0.1015
vn 0.8536 -0.0221 0.5205
vn -0.4554 0.0174 0.8901
vn -0.8733 0.0256 0.4864
vn -0.0488 0.0571 0.9972
vn -0.2203 -0.5357 0.8152
vn 0.4630 -0.1372 0.8757
vn 0.4715 0.6486 0.5975
vn -0.9981 0.0548 -0.0278
vn -0.4876 0.1639 -0.8575
vn 0.9813 0.1858 -0.0499
vn 0.1588 0.7155 0.6803
vn 0.6168 0.2796 -0.7358
vn -0.3353 -0.1082 0.9359
vn -0.1896 0.0211 0.9816
vn 0.5052 -0.2587 0.8233
vn -0.1533 0.0158 0.9881
vn -0.2068 -0.3463 0.9150
vn -0.1537 0.9805 0.1226
vn -0.9515 0.3075 0.0013
vn -0.0018 0.3191 0.9477
vn -0.8446 0.0772 0.5297
vn 0.0829 0.9821 0.1693
vn 0.9808 -0.1747 -0.0861
vn 0.9849 0.1495 -0.0872
vn -0.9860 -0.1287 0.1059
vn 0.0521 0.9960 0.0724
vn 0.7342 -0.6395 -0.2280
vn 0.8521 0.3037 -0.4264
vn 0.3913 -0.5765 -0.7173
vn 0.8589 -0.4758 -0.1894
vn 0.7484 -0.3862 -0.5392
vn -0.1890 0.7685 0.6114
vn 0.4746 -0.0486 -0.8789
vn 0.7454 -0.6655 0.0386
vn -0.0413 0.7059 -0.7072
vn -0.1231 0.8185 -0.5612
vn -0.0968 0.8063 -0.5836
vn -0.2972 0.6666 0.6836
vn 0.6060 0.2478 -0.7559
vn 0.4435 0.5474 -0.7097
vn -0.1558 -0.9361 0.3155
vn 0.0963 -0.9484 0.3020
vn 0.3913 0.2252 -0.8923
vn 0.5431 0.1461 -0.8269
vn -0.8023 -0.5923 0.0742
vn -0.2223 -0.9580 0.1811
vn -0.4962 -0.5347 0.6840
vn 0.8428 -0.2666 -0.4676
vn 0.1151 -0.1607 0.9803
vn 0.9521 0.2939 -0.0842
vn 0.7884 0.1320 -0.6009
vn 0.8543 0.0891 -0.5122
vn 0.8634 -0.4810 -0.1520
vn -0.0987 -0.1547 0.9830
vn -0.7979 0.2500 0.5485
vn -0.7769 0.3175 0.5438
vn -0.2430 0.9488 -0.2018
vn 0.9673 0.1685 -0.1898
vn -0.5637 0.7914 0.2366
vn -0.3865 0.7060 -0.5934
vn 0.5736 0.5750 -0.5834
vn -0.9213 -0.2397 0.3061
vn -0.7551 0.1324 -0.6421
vn -0.3227 0.7661 -0.5559
vn -0.2404 0.7424 -0.6253
vn 0.7357 -0.1701 0.6556
vn 0.3990 -0.7173 -0.5713
vn -0.0273 -0.5476 -0.8363
vn 0.3464 0.6368 -0.6888
vn 0.0933 -0.8830 -0.4599
vn 0.5405 0.8195 0.1907
vn 0.0920 0.9439 0.3171
vn -0.0603 0.6255 -0.7779
vn -0.1828 0.5539 -0.8123
vn 0.0102 0.3766 -0.9263
vn -0.0046 0.8953 -0.4454
vn -0.0504 0.6970 -0.7153
vn 0.1645 0.9606 -0.2242
vn -0.1203 0.5488 -0.8273
vn 0.7712 -0.1981 0.6050
vn 0.7587 -0.6482 0.0656
vn -0.1389 0.8866 0.4411
vn -0.2622 0.9343 0.2415
vn -0.4812 0.3216 0.8155
vn 0.2205 0.9627 0.1565
vn 0.3644 0.6713 0.6455
vn -0.2767 0.7398 0.6134
vn 0.9763 -0.1098 -0.1863
vn 0.9418 0.3351 -0.0277
vn 0.8539 -0.4756 -0.2115
vn 0.4202 0.6768 0.6045
vn 0.2068 0.9420 0.2644
vn -0.3668 0.6793 0.6356
vn -0.2072 0.5769 0.7901
vn 0.1106 -0.4412 -0.8906
vn 0.1519 0.3067 -0.9396
vn 0.2446 0.1635 -0.9557
vn -0.0644 -0.9074 0.4152
vn -0.8520 -0.4775 0.2145
vn 0.0060 0.0230 -0.9997
vn -0.3417 0.4868 -0.8039
vn 0.1316 -0.6962 -0.7056
vn 0.1149 -0.4484 -0.8864
vn 0.1707 -0.7905 -0.5882
vn 0.0054 -0.4459 -0.8951
vn -0.2024 -0.4417 -0.8740
vn 0.0737 0.1511 -0.9858
vn 0.9228 -0.3831 0.0411
vn 0.9918 0.0092 -0.1277
vn -0.3447 -0.8044 -0.4838
vn -0.8212 -0.5423 0.1778
vn 0.7703 -0.4043 -0.4931
vn -0.9802 -0.0100 0.1977
vn 0.1948 -0.6139 -0.7649
vn 0.2959 -0.2472 -0.9227
vn 0.4150 -0.5191 -0.7472
vn -0.2229 -0.2108 -0.9518
vn -0.6405 -0.5219 -0.5634
vn -0.3317 0.6560 -0.6779
vn -0.3534 0.5003 -0.7904
vn -0.3114 0.0185 -0.9501
vn -0.8084 -0.4213 0.4111
vn -0.5386 -0.1777 0.8236
vn -0.8139 -0.5807 -0.0172
vn -0.6002 0.4180 -0.6819
vn 0.9955 0.0239 -0.0919
vn 0.4744 -0.1058 -0.8739
vn -0.3271 0.6172 -0.7156
vn -0.7615 0.6380 0.1142
vn -0.2123 0.1755 -0.9613
vn 0.5340 -0.0540 -0.8438
vn 0.5113 0.4234 -0.7478
vn 0.2533 0.0765 -0.9644
vn -0.8417 0.1250 0.5252
vn -0.5351 0.6762 0.5064
vn 0.0929 -0.5269 -0.8448
vn 0.8505 -0.0764 -0.5204
vn 0.4946 -0.0561 -0.8673
vn -0.9920 -0.1230 0.0288
vn -0.9695 -0.1919 0.1523
vn 0.2537 -0.5804 0.7738
vn -0.9463 -0.1988 -0.2548
vn 0.2133 -0.7715 -0.5994
vn 0.8196 -0.0806 0.5673
vn 0.6441 0.7429 0.1826
vn 0.4502 -0.8448 -0.2892
vn -0.1563 -0.8766 0.4550
vn -0.0586 0.9983 -0.0007
vn 0.1181 -0.4866 -0.8656
vn 0.1135 0.9909 -0.0726
vn -0.9486 -0.0066 0.3163
vn 0.9391 -0.0106 -0.3436
vn 0.2415 -0.9474 -0.2101
vn 0.1563 -0.1909 0.9691
vn 0.9820 0.0814 0.1703
vn -0.2628 0.3412 -0.9025
vn -0.7777 -0.6145 0.1324
vn 0.5432 0.0002 -0.8396
vn 0.7457 -0.1935 -0.6375
vn 0.6477 0.6072 -0.4602
vn 0.7023 0.7119 -0.0043
vn 0.2765 -0.8964 0.3463
vn 0.2586 -0.9237 0.2827
vn 0.2501 -0.9680 -0.0221
vn 0.5892 -0.5455 -0.5960
vn -0.2826 -0.0189 0.9591
vn 0.2412 -0.4364 0.8668
vn 0.3412 -0.6660 0.6633
vn 0.2207 -0.4694 0.8549
vn -0.4080 0.0244 -0.9126
vn -0.0524 -0.3161 -0.9473
vn -0.1865 -0.4285 -0.8841
vn -0.2304 -0.3405 -0.9116
vn 0.5229 -0.2073 -0.8268
vn 0.6439 0.7073 0.2920
vn -0.9885 -0.0854 0.1246
vn -0.9543 -0.2599 -0.1474
vn -0.6155 0.7608 -0.2059
vn 0.5609 -0.1172 -0.8196
vn -0.5883 0.0522 0.8070
vn -0.3074 0.4592 -0.8334
vn 0.1867 -0.2047 0.9609
vn 0.2528 -0.7038 0.6639
vn 0.7000 -0.6824 -0.2106
vn -0.7992 0.6003 0.0304
vn -0.0676 -0.9731 -0.2203
vn -0.1216 0.6355 -0.7625
vn 0.2619 0.5694 -0.7793
vn 0.0292 -0.7152 -0.6983
vn 0.5208 -0.6216 -0.5852
vn 0.6805 0.4317 -0.5921
vn -0.9800 0.1850 -0.0737
vn 0.0052 0.5408 0.8411
vn -0.3083 -0.2073 -0.9284
vn -0.1574 -0.7502 -0.6422
vn -0.0689 0.1498 -0.9863
vn -0.5049 -0.0540 -0.8615
vn -0.3168 0.4078 -0.8563
vn -0.2226 0.1771 -0.9587
vn 0.0681 -0.7842 -0.6168
vn 0.4313 -0.7109 -0.5555
vn 0.0471 -0.9875 -0.1505
vn 0.4899 0.4869 -0.7231
vn 0.0756 -0.2446 -0.9667
vn -0.1653 -0.7790 -0.6049
vn -0.8855 -0.4643 -0.0183
vn 0.2259 -0.9697 0.0931
vn -0.0290 0.4982 -0.8666
vn -0.0996 0.9942 0.0394
vn -0.1722 0.4753 -0.8628
vn 0.5216 -0.4618 0.7174
vn 0.8559 -0.0323 0.5161
vn 0.4627 0.6412 0.6122
vn 0.7336 0.3418 -0.5874
vn -0.1844 0.9129 -0.3640
vn 0.0314 0.5169 0.8555
vn -0.0605 -0.2372 -0.9696
vn 0.8871 -0.1687 -0.4296
vn 0.6268 0.7267 0.2811
vn 0.8656 0.4267 -0.2619
vn 0.1293 0.1422 -0.9814
vn 0.2286 0.3767 -0.8977
vn 0.9075 -0.2592 0.3306
vn -0.1947 -0.2937 0.9359
vn 0.6476 -0.1569 -0.7456
vn 0.6594 0.3340 0.6735
vn 0.6727 0.6515 0.3507
vn 0.1802 0.2025 -0.9626
vn 0.2220 -0.9435 -0.2462
vn -0.8693 -0.4864 -0.0875
vn 0.1388 -0.7057 -0.6948
vn 0.5678 0.5032 -0.6515
vn 0.9820 0.1821 0.0505
vn 0.1961 -0.0769 0.9776
vn 0.3893 0.0094 0.9211
vn 0.4186 0.1468 0.8962
vn 0.2482 -0.8064 0.5367
vn 0.1177 0.2747 0.9543
vn 0.3825 0.6920 -0.6123
vn 0.5059 -0.6546 -0.5618
vn 0.3609 -0.5074 0.7825
vn 0.3971 -0.6171 0.6793
vn 0.9539 0.2383 -0.1823
vn 0.6643 0.7108 -0.2312
vn 0.0942 -0.6216 -0.7777
vn 0.2496 -0.8677 -0.4298
vn 0.2924 -0.8223 0.4882
vn 0.0853 -0.3660 -0.9267
vn 0.8822 0.3594 0.3042
vn -0.3858 -0.4087 0.8271
vn -0.6640 0.3932 0.6360
vn -0.3387 0.9403 0.0342
vn 0.9601 -0.1447 -0.2394
vn 0.7456 -0.0097 0.6663
vn 0.8880 -0.4533 -0.0770
vn -0.1148 0.6544 0.7473
vn 0.0325 0.4129 0.9102
vn 0.2418 -0.2422 0.9396
vn 0.7165 0.2087 0.6657
vn -0.1942 0.5920 0.7822
vn -0.6288 -0.5905 0.5058
vn 0.2119 -0.9149 -0.3437
vn 0.2259 -0.9080 0.3528
vn 0.7022 -0.7067 0.0862
vn 0.1715 -0.9836 0.0553
vn 0.6131 0.2960 -0.7325
vn 0.5569 -0.7040 0.4407
vn 0.8892 0.3763 -0.2603
vn 0.4208 -0.9026 0.0904
vn 0.9641 0.1790 -0.1962
vn 0.0489 0.7852 0.6173
vn 0.9354 0.2309 -0.2678
vn 0.9287 0.2448 -0.2785
vn 0.4793 -0.1666 0.8617
vn 0.5132 0.3012 0.8037
vn 0.5022 -0.7907 0.3501
vn 0.9987 0.0411 -0.0304
vn 0.1012 0.0384 0.9941
vn 0.5108 0.3981 -0.7619
vn 0.3714 -0.0846 -0.9246
vn 0.3073 -0.1904 -0.9324
vn 0.9980 0.0509 -0.0380
vn 0.1617 0.8566 -0.4901
vn 0.9989 0.0378 -0.0280
vn 0.9209 -0.2829 -0.2682
vn 0.3489 -0.8922 0.2869
vn 0.9713 0.1587 -0.1773
vn 0.8000 -0.5705 0.1859
vn 0.6050 0.1576 -0.7804
vn 0.2367 -0.6015 0.7630
vn 0.6767 -0.7181 0.1625
vn 0.0748 -0.4873 0.8700
vn 0.0216 -0.9874 0.1569
vn 0.3173 -0.9398 -0.1269
vn 0.1416 0.6207 -0.7712
vn -0.5637 -0.6668 0.4875
vn -0.2128 -0.9618 0.1723
vn -0.5762 -0.8114 0.0980
vn 0.9684 0.1655 -0.1867
vn 0.5868 0.7550 0.2927
vn 0.9684 0.1688 -0.1838
vn 0.9724 0.1554 -0.1741
vn 0.1189 0.3554 0.9271
vn 0.1407 -0.0937 0.9856
vn 0.9330 0.2347 -0.2727
vn 0.1124 -0.8931 0.4355
vn -0.0387 0.3109 0.9496
vn -0.4341 -0.8624 0.2605
vn -0.0977 -0.6148 0.7826
vn 0.0608 -0.5868 0.8075
vn 0.0787 0.2088 0.9748
vn 0.3040 0.0543 0.9511
vn 0.8627 -0.1240 -0.4903
vn -0.9960 -0.0798 0.0397
vn -0.4930 -0.6113 -0.6190
vn 0.6164 0.1533 0.7724
vn 0.0243 -0.9840 -0.1763
vn -0.1631 0.8045 -0.5711
vn 0.8042 -0.5302 -0.2685
vn -0.2220 -0.3916 0.8930
vn 0.3350 -0.8233 0.4583
vn 0.2988 -0.7986 0.5225
vn 0.9318 -0.3448 -0.1134
vn -0.8228 -0.0294 0.5676
vn -0.8480 0.0718 0.5251
vn -0.6864 0.0351 0.7264
vn 0.2233 0.5522 -0.8033
vn -0.2786 -0.4320 0.8578
vn 0.4158 0.2563 0.8726
vn 0.9716 -0.0241 -0.2356
vn -0.2129 -0.3848 0.8981
vn -0.7082 0.0092 0.7059
vn -0.9934 -0.1142 -0.0110
vn 0.0796 0.2488 0.9653
vn 0.4063 0.7218 -0.5602
vn -0.1768 0.9591 -0.2213
vn -0.7682 0.0519 0.6381
vn -0.0216 -0.2295 -0.9731
vn -0.9638 -0.0127 0.2663
vn -0.1203 0.8872 -0.4454
vn -0.6966 0.0988 0.7106
vn 0.0122 0.4322 0.9017
vn -0.0933 0.2180 0.9715
vn -0.4149 0.1856 0.8907
vn -0.3279 0.4830 -0.8119
vn 0.3256 0.5009 -0.8019
vn -0.0655 0.6628 -0.7460
vn -0.3979 0.4999 -0.7693
vn 0.3052 -0.9508 0.0525
vn -0.7485 0.0918 0.6568
vn -0.6747 0.1315 0.7263
vn -0.1647 0.1155 0.9796
vn 0.2642 0.7388 0.6199
vn -0.0767 0.9962 0.0423
vn 0.0981 0.9370 -0.3352
vn 0.0721 0.7827 -0.6182
vn -0.7112 0.0607 0.7004
vn -0.6064 0.1547 0.7800
vn -0.4985 0.1336 0.8566
vn -0.3736 0.8420 -0.3892
vn 0.0127 0.8366 -0.5477
vn -0.1699 0.9587 -0.2283
vn -0.3553 0.6929 -0.6274
vn -0.0811 0.9955 0.0488
vn -0.3417 0.5073 -0.7911
vn -0.9027 -0.2631 0.3404
vn -0.6091 -0.0191 0.7928
vn 0.1013 -0.2881 0.9522
vn 0.7960 0.5727 -0.1957
vn 0.4500 0.7140 -0.5364
vn 0.6875 0.7234 -0.0639
vn 0.5699 0.7970 -0.1997
vn -0.3206 0.1652 0.9327
vn -0.7462 0.1356 0.6518
vn -0.9639 0.1484 0.2212
vn -0.9781 0.1546 -0.1396
vn -0.9609 0.1512 -0.2321
vn 0.5389 0.5358 -0.6500
vn 0.2899 0.9522 -0.0961
vn -0.9226 0.0437 0.3833
vn -0.5116 0.1407 0.8476
vn 0.3346 0.9160 -0.2213
vn -0.7993 0.3342 -0.4994
vn 0.0874 0.2846 -0.9547
vn -0.4463 -0.1373 -0.8843
vn -0.9311 0.0686 0.3584
vn -0.7514 0.1472 0.6432
vn 0.5706 -0.8075 0.1498
vn 0.2957 -0.8630 -0.4095
vn 0.7969 0.3613 -0.4842
vn 0.1919 0.6360 -0.7474
vn -0.3978 0.2278 -0.8888
vn 0.9401 0.3095 -0.1425
vn 0.6159 -0.1648 -0.7704
vn -0.5243 0.5088 -0.6828
vn -0.2129 -0.3849 0.8981
vn -0.5071 0.0611 -0.8597
vn 0.9738 0.2214 0.0518
vn 0.3731 0.3372 -0.8643
vn 0.1037 0.6408 -0.7607
vn -0.5764 0.1224 0.8079
vn 0.9167 0.2955 0.2690
vn -0.0883 -0.3031 -0.9489
vn 0.9738 -0.0635 -0.2185
vn 0.4387 0.3241 -0.8381
vn 0.3894 0.1613 -0.9068
vn -0.5451 0.1676 -0.8215
vn 0.3220 0.8970 -0.3029
vn 0.9176 0.3269 0.2262
vn 0.1429 0.3987 -0.9059
vn -0.2248 0.4798 -0.8481
vn -0.0644 0.8232 -0.5640
vn 0.3346 -0.7161 -0.6126
vn -0.3772 0.6536 -0.6561
vn -0.5667 0.1358 -0.8127
vn -0.4422 0.0041 -0.8969
vn 0.8907 0.2006 0.4080
vn 0.9916 0.1275 -0.0207
vn 0.8560 0.5167 0.0164
vn 0.2171 -0.9697 0.1121
vn 0.9069 0.1035 -0.4085
vn 0.8631 -0.3637 -0.3504
vn -0.6587 0.3369 -0.6728
vn -0.6927 0.2616 -0.6721
vn 0.5712 0.7912 0.2184
vn 0.8336 -0.3726 0.4077
vn 0.1087 0.8638 0.4920
vn 0.3423 -0.6321 0.6951
vn -0.9844 -0.1682 -0.0513
vn -0.9843 -0.1681 0.0535
vn 0.0750 -0.8136 0.5766
vn 0.4692 0.3423 -0.8140
vn -0.3475 -0.2435 -0.9055
vn 0.8181 0.4831 -0.3121
vn 0.8637 0.4811 0.1502
vn 0.9683 0.2480 0.0302
vn 0.1567 0.9255 0.3449
vn -0.2864 0.9576 -0.0306
vn 0.9735 0.2252 0.0388
vn 0.9173 0.3517 0.1866
vn -0.3572 0.0696 -0.9314
vn -0.3603 0.9063 -0.2207
vn 0.1236 0.9760 -0.1792
vn 0.3880 0.6623 -0.6409
vn 0.7154 0.2989 -0.6316
vn -0.2878 0.5755 -0.7655
vn -0.4028 0.7013 -0.5881
vn -0.4587 0.8804 -0.1204
vn 0.8979 -0.2584 -0.3563
vn -0.2754 0.1642 -0.9472
vn 0.0590 0.0289 -0.9978
vn -0.8257 -0.1943 0.5296
vn -0.9391 -0.2154 -0.2677
vn -0.9797 -0.1982 0.0314
vn -0.4061 0.8591 0.3117
vn 0.2420 0.3194 -0.9162
vn -0.1480 0.9280 0.3420
vn -0.8518 -0.1659 0.4968
vn -0.7413 -0.1772 0.6474
vn -0.4403 0.5262 0.7275
vn -0.2640 0.6564 0.7067
vn 0.4088 0.5642 -0.7174
vn -0.4994 0.1246 -0.8574
vn -0.1009 -0.5996 0.7939
vn -0.1472 -0.9322 0.3306
vn 0.4094 -0.3853 -0.8270
vn -0.3943 0.0876 -0.9148
vn -0.2661 -0.2640 0.9271
vn 0.9974 0.0339 -0.0631
vn -0.8810 -0.0510 0.4704
vn 0.2638 -0.0438 -0.9636
vn 0.3192 0.2464 -0.9151
vn -0.2618 -0.0334 -0.9645
vn 0.2070 -0.0269 -0.9780
vn 0.4047 0.2926 -0.8664
vn 0.9512 0.2827 0.1238
vn -0.1400 0.4614 -0.8761
vn -0.2090 0.1211 -0.9704
vn -0.3077 0.3392 -0.8890
vn 0.0313 0.9805 -0.1939
vn 0.4961 0.7687 -0.4037
vn 0.2051 0.8905 -0.4061
vn -0.0862 0.9740 -0.2095
vn 0.6882 0.5671 0.4526
vn 0.9067 0.3430 -0.2453
vn -0.9803 -0.1845 0.0703
vn -0.0613 0.1571 0.9857
vn -0.7765 -0.3759 0.5057
vn 0.8902 -0.2478 -0.3822
vn -0.3798 -0.1515 -0.9126
vn 0.8997 -0.0142 -0.4363
vn -0.3630 0.8497 -0.3823
vn -0.3537 0.8999 -0.2549
vn 0.9721 0.2300 0.0466
vn 0.8654 0.2643 0.4257
vn 0.9083 0.3254 0.2630
vn -0.1441 0.7839 0.6039
vn -0.9052 -0.3033 0.2978
vn -0.6482 0.7121 0.2697
vn -0.5037 0.8504 0.1518
vn 0.5775 -0.6494 -0.4947
vn 0.6735 0.2507 -0.6954
vn 0.6223 0.2140 -0.7530
vn 0.3626 0.1749 -0.9154
vn -0.2509 0.9256 -0.2832
vn -0.0422 0.2717 -0.9614
vn -0.2827 0.2289 0.9315
vn -0.3458 0.4323 -0.8328
vn -0.3794 0.2141 -0.9001
vn -0.6762 0.3091 -0.6688
vn -0.2890 -0.6598 -0.6936
vn 0.8436 0.0842 -0.5303
vn 0.0230 -0.2282 -0.9733
vn 0.8774 0.4012 -0.2632
vn 0.4489 0.4130 -0.7924
vn 0.3659 0.1230 -0.9225
vn -0.6642 -0.7474 0.0131
vn 0.1636 0.2256 -0.9604
vn -0.3012 0.3903 -0.8700
vn 0.0139 -0.7180 -0.6959
vn -0.2249 0.1812 -0.9574
vn -0.6333 -0.2710 0.7249
vn -0.4292 -0.9011 0.0625
vn 0.0811 0.4487 -0.8900
vn 0.7281 0.6352 -0.2577
vn -0.7583 -0.1296 -0.6389
vn -0.7265 -0.1223 -0.6762
vn -0.2148 0.1697 -0.9618
vn -0.3946 0.7906 0.4683
vn -0.3563 0.6313 0.6888
vn -0.5490 0.3989 0.7345
vn -0.7253 0.0618 0.6857
vn -0.9105 0.0333 0.4122
vn -0.9009 0.0569 0.4303
vn 0.3977 0.4597 -0.7941
vn -0.1029 0.2057 0.9732
vn 0.2858 0.2174 -0.9333
vn 0.3339 0.3516 -0.8746
vn -0.2516 0.0160 0.9677
vn -0.2455 0.0699 0.9669
vn -0.4925 0.3555 -0.7944
vn 0.9213 0.0725 -0.3820
vn -0.3536 -0.0226 -0.9351
vn -0.6119 0.0286 -0.7904
vn -0.8179 0.4332 0.3786
vn -0.2107 0.9740 -0.0838
vn 0.3628 -0.1387 -0.9215
vn 0.2019 0.1797 -0.9628
vn 0.8082 0.5869 0.0481
vn 0.4570 -0.2692 -0.8478
vn 0.8622 -0.0842 -0.4996
vn -0.7268 0.4264 -0.5384
vn -0.1691 0.3495 -0.9216
vn 0.9333 -0.0014 -0.3590
vn -0.2070 0.2254 -0.9520
vn -0.3161 0.9444 0.0903
vn 0.3064 0.1423 -0.9412
vn 0.4662 0.1990 -0.8620
vn 0.2782 0.1417 -0.9500
vn 0.6046 -0.2229 -0.7647
vn 0.1094 -0.1499 -0.9826
vn 0.4217 0.2511 -0.8713
vn -0.1923 0.9746 -0.1151
vn -0.2897 0.5881 -0.7551
vn 0.8741 -0.2011 0.4421
vn 0.1098 0.7090 -0.6966
vn 0.7765 0.3920 0.4934
vn -0.0492 0.1436 0.9884
vn 0.9808 0.1940 0.0173
vn 0.0190 0.9794 -0.2009
vn -0.7158 0.1314 0.6859
vn -0.9662 -0.0144 0.2574
vn -0.6064 0.7912 -0.0793
vn -0.8651 0.4853 -0.1271
vn -0.8751 0.0155 0.4837
vn -0.0301 -0.4403 0.8974
vn 0.6294 0.0475 -0.7756
vn 0.3703 0.4808 0.7948
vn -0.0454 0.0225 0.9987
vn 0.0855 0.9904 -0.1086
vn 0.1470 0.9891 0.0069
vn 0.9356 0.3515 0.0316
vn -0.4714 0.8809 0.0434
vn -0.3775 0.7070 0.5980
vn -0.2125 0.2164 -0.9529
vn -0.9437 0.1097 0.3119
vn -0.5426 0.1268 0.8303
vn -0.3295 0.1472 0.9326
vn -0.9923 0.1217 0.0240
vn 0.8268 0.1258 0.5482
vn 0.4184 -0.6830 -0.5987
vn -0.2057 0.0253 -0.9783
vn 0.6817 -0.5635 -0.4666
vn 0.4142 -0.9095 -0.0345
vn -0.9917 0.0678 0.1089
vn -0.8525 0.1024 0.5126
vn -0.3238 0.1370 0.9362
vn 0.5820 0.1963 -0.7891
vn -0.0620 -0.9979 0.0168
vn -0.2516 0.4661 -0.8482
vn -0.4494 0.0749 0.8902
vn 0.9698 -0.1465 0.1950
vn -0.7755 0.1873 -0.6030
vn -0.3516 -0.0882 -0.9320
vn 0.5203 0.0507 0.8525
vn 0.1520 0.9791 0.1351
vn 0.4116 -0.7003 -0.5832
vn -0.0449 0.0041 0.9990
vn 0.3922 -0.9013 0.1842
vn 0.1718 -0.7652 0.6204
vn 0.6581 -0.3025 0.6895
vn 0.4277 -0.0282 0.9035
vn 0.1392 0.9846 0.1061
vn 0.4099 -0.6939 -0.5920
vn 0.0759 0.9951 0.0637
vn 0.7272 0.6404 0.2474
vn 0.1495 -0.0473 -0.9876
vn -0.3399 0.6151 -0.7114
vn -0.1051 0.3605 -0.9268
vn 0.5965 0.7866 -0.1596
vn 0.5848 0.1131 -0.8033
vn -0.2765 0.6951 -0.6636
vn 0.9129 0.1340 -0.3855
vn 0.9490 0.2417 -0.2025
vn 0.2577 0.9515 0.1683
vn -0.2311 0.3198 -0.9189
vn -0.5203 0.7423 0.4223
vn -0.3421 0.7576 -0.5559
vn -0.3598 0.1176 0.9256
vn 0.1177 0.6097 -0.7838
vn 0.9249 0.0978 -0.3674
vn 0.6855 0.3591 -0.6334
vn 0.8915 -0.3458 -0.2927
vn 0.8504 0.2294 -0.4736
vn -0.5449 0.2112 0.8115
vn -0.5444 0.6833 -0.4865
vn 0.9929 0.0773 -0.0899
vn -0.5321 0.5160 -0.6713
vn -0.9519 -0.1590 0.2620
vn 0.2033 0.9768 0.0670
vn 0.9834 0.1601 0.0859
vn 0.3508 0.7980 0.4899
vn -0.6110 0.0522 0.7899
vn 0.5572 0.2408 -0.7947
vn -0.0510 0.1398 0.9889
vn -0.8330 0.0604 0.5499
vn -0.6414 0.7393 -0.2050
vn 0.4988 0.2475 -0.8306
vn -0.8974 0.2432 -0.3682
vn 0.4575 -0.0481 -0.8879
vn -0.4350 0.8956 -0.0935
vn 0.0051 0.1914 -0.9815
vn -0.5367 -0.0076 -0.8438
vn -0.8079 0.4748 -0.3491
vn -0.5930 -0.3546 0.7229
vn -0.0209 0.1488 -0.9887
vn -0.8548 0.5175 -0.0381
vn -0.6943 0.7195 -0.0149
vn -0.9020 -0.3162 -0.2939
vn -0.6115 0.5314 0.5863
vn -0.3831 -0.3487 0.8554
vn 0.6813 -0.0816 0.7274
vn 0.9843 -0.0052 -0.1765
vn 0.9299 -0.0996 -0.3541
vn 0.8368 -0.1021 0.5379
vn -0.6844 0.7110 0.1616
vn -0.7620 -0.6429 0.0783
vn -0.0027 0.1064 0.9943
vn 0.7023 0.5143 -0.4922
vn 0.8548 0.4042 -0.3256
vn 0.0003 -0.0998 -0.9950
vn 0.9660 0.2574 0.0254
vn -0.6621 -0.0347 -0.7486
vn -0.8693 0.4756 -0.1346
vn 0.4528 0.7148 0.5330
vn -0.5050 0.8040 -0.3139
vn -0.3936 0.2584 0.8822
vn -0.8594 0.4948 0.1291
vn -0.0143 -0.0241 0.9996
vn -0.1504 -0.0525 0.9872
vn 0.7827 -0.0079 0.6224
vn 0.1548 0.2328 -0.9601
vn -0.3671 0.1920 -0.9102
vn -0.0088 0.2143 -0.9767
vn -0.5230 0.2728 -0.8075
vn -0.4660 0.0894 0.8803
vn -0.4921 -0.4025 0.7719
vn -0.4045 0.1466 -0.9027
vn 0.3758 -0.3325 -0.8650
vn -0.3404 -0.5190 0.7841
vn 0.6433 0.3269 0.6923
vn -0.1448 -0.6839 0.7151
vn -0.8752 -0.2989 0.3804
vn 0.1667 -0.4065 -0.8983
vn 0.7932 -0.1990 -0.5755
vn -0.4458 0.0259 -0.8948
vn 0.9914 0.0912 -0.0934
vn -0.6999 0.4150 -0.5813
vn -0.5710 0.2238 -0.7899
vn -0.7697 0.2365 -0.5930
vn 0.0676 0.1792 0.9815
vn -0.7368 0.6664 -0.1136
vn -0.4946 0.8660 0.0734
vn -0.8342 0.2101 0.5099
vn -0.5759 -0.2944 -0.7626
vn -0.2405 0.2276 0.9436
vn -0.7930 0.0865 -0.6031
vn -0.7056 0.1473 -0.6931
vn -0.0491 -0.4520 0.8906
vn 0.6548 0.2971 0.6950
vn -0.7360 -0.1295 -0.6645
vn -0.3784 -0.1473 -0.9138
vn 0.7815 -0.4754 0.4042
vn -0.3632 0.2406 0.9001
vn -0.1260 -0.0875 -0.9882
vn -0.3801 -0.0430 0.9239
vn 0.2350 -0.4865 -0.8415
vn -0.8394 -0.0315 -0.5426
vn 0.8259 0.0220 -0.5634
vn 0.9198 0.3636 -0.1477
vn -0.8305 0.2083 -0.5166
vn -0.9137 0.2030 -0.3520
vn -0.4206 -0.6034 -0.6775
vn -0.6038 -0.0394 -0.7962
vn -0.3182 0.0497 0.9467
vn -0.8997 0.0363 -0.4349
vn -0.2547 -0.7308 -0.6333
vn 0.8571 -0.0962 -0.5061
vn -0.4382 -0.8932 -0.1011
vn -0.1957 0.9053 0.3770
vn -0.4310 0.1866 0.8828
vn -0.6145 -0.3162 -0.7228
vn 0.1560 -0.7853 -0.5992
vn -0.5237 0.2329 -0.8194
vn 0.7214 0.6849 -0.1023
vn 0.1196 0.4274 -0.8961
vn 0.5750 0.2988 0.7617
vn -0.5870 -0.3093 -0.7482
vn 0.0309 -0.7942 -0.6068
vn -0.9764 0.1500 0.1554
vn -0.1222 -0.2541 -0.9594
vn -0.7760 -0.4333 -0.4583
vn -0.7070 -0.6352 -0.3109
vn -0.4711 -0.2246 -0.8530
vn -0.2193 -0.1557 -0.9631
vn 0.8957 0.0975 -0.4339
vn 0.8714 0.4477 -0.2005
vn -0.2073 -0.4371 -0.8752
vn -0.5294 -0.1317 -0.8381
vn 0.9755 0.2194 0.0138
vn -0.6202 -0.5598 -0.5494
vn -0.9984 -0.0380 -0.0424
vn -0.8233 -0.1460 -0.5485
vn -0.7946 0.0760 -0.6024
vn -0.1839 0.9732 -0.1381
vn 0.6388 0.7694 -0.0027
vn -0.9178 0.1923 0.3473
vn -0.9151 0.0331 -0.4020
vn -0.9517 0.0130 -0.3068
vn 0.9773 0.2005 -0.0682
vn -0.9918 0.1078 0.0686
vn -0.8489 -0.0094 -0.5284
vn -0.9989 0.0252 0.0405
vn -0.7684 -0.1579 -0.6202
vn -0.6040 -0.7788 0.1694
vn -0.6930 -0.4733 0.5438
vn 0.4746 0.8672 -0.1509
vn 0.3115 0.2429 -0.9187
vn -0.7338 -0.0818 -0.6744
vn 0.6990 0.2020 0.6860
vn 0.5497 0.3282 0.7682
vn -0.9139 0.0235 -0.4052
vn -0.8969 0.1435 -0.4182
vn -0.8109 0.0615 -0.5819
vn -0.9670 -0.1941 0.1652
vn -0.0020 0.9995 -0.0327
vn -0.9154 0.1564 0.3710
vn -0.7381 0.2925 0.6079
vn -0.7723 0.0379 -0.6341
vn 0.4207 0.7839 0.4566
vn 0.4208 0.6917 -0.5869
vn -0.3664 -0.1243 -0.9221
vn -0.1441 -0.7775 -0.6121
vn -0.8194 -0.1907 -0.5405
vn 0.2684 0.6924 -0.6698
vn -0.3755 -0.9210 0.1037
vn -0.4859 0.2225 -0.8452
vn -0.8358 0.0203 -0.5487
vn -0.3555 0.3042 -0.8838
vn -0.6426 0.3849 -0.6625
vn -0.4327 0.4366 -0.7888
vn -0.3848 0.3905 0.8363
vn -0.5356 0.3666 0.7607
vn 0.2236 0.3889 0.8937
vn -0.0937 0.4424 0.8919
vn 0.2195 -0.9737 0.0617
vn 0.4510 -0.8832 0.1287
vn 0.0635 0.4051 0.9121
vn 0.6027 -0.7658 0.2241
vn -0.2017 0.6026 0.7721
vn -0.5874 -0.2528 -0.7688
vn -0.9438 0.2502 -0.2159
vn -0.9693 0.2445 0.0244
vn -0.6575 0.3335 0.6756
vn -0.9901 -0.0664 -0.1235
vn 0.0012 0.1861 0.9825
vn -0.5741 0.7132 0.4022
vn -0.9011 0.2757 -0.3347
vn -0.9412 0.1478 0.3037
vn -0.8997 0.4158 -0.1331
vn 0.1081 -0.9686 0.2239
vn 0.1901 -0.9728 0.1320
vn -0.2097 -0.9749 -0.0752
vn -0.9375 0.3169 -0.1438
vn -0.8347 -0.0324 -0.5498
vn -0.2759 -0.3111 -0.9095
vn 0.6559 0.5852 -0.4768
vn -0.7704 -0.2284 -0.5953
vn 0.5145 -0.8390 -0.1772
vn -0.7668 0.2795 0.5779
vn -0.4081 0.3703 0.8344
vn -0.1312 0.4017 0.9063
vn 0.6443 -0.6330 -0.4293
vn 0.1170 -0.9864 0.1151
vn 0.5952 -0.2139 0.7746
vn 0.7306 -0.5913 -0.3414
vn 0.1777 -0.9793 0.0967
vn -0.2109 0.9762 -0.0496
vn 0.3878 -0.0618 0.9197
vn 0.7351 -0.2132 0.6436
vn 0.2170 0.7218 0.6572
vn 0.5703 0.7091 0.4147
vn -0.3921 -0.5443 0.7416
vn -0.5742 -0.1034 0.8122
vn 0.0475 -0.9569 0.2865
vn -0.0811 -0.7617 0.6428
vn -0.9782 -0.0614 -0.1982
vn 0.3455 -0.2869 0.8935
vn -0.6128 0.0840 -0.7858
vn 0.3378 0.9355 -0.1033
vn 0.2212 0.9722 0.0764
vn -0.0513 0.4533 0.8899
vn -0.7083 -0.0117 -0.7058
vn -0.0220 -0.6798 0.7331
vn -0.9689 0.1955 -0.1515
vn 0.0688 -0.3453 0.9359
vn -0.1059 -0.4573 0.8830
vn 0.2622 0.9634 -0.0566
vn -0.8240 0.0457 -0.5647
vn -0.8040 -0.0129 -0.5945
vn -0.8229 0.0177 -0.5678
vn -0.1153 0.6463 -0.7543
vn -0.9079 0.4111 -0.0820
vn 0.0403 0.4444 -0.8949
vn -0.1367 0.8319 -0.5378
vn -0.7388 -0.1239 -0.6625
vn -0.7359 -0.0575 -0.6747
vn 0.0443 0.6794 0.7324
vn -0.9983 0.0459 -0.0371
vn -0.5103 0.5254 0.6808
vn -0.7217 -0.0007 -0.6922
vn 0.5274 0.1828 0.8297
vn 0.9294 0.2583 -0.2636
vn 0.1669 0.9117 0.3753
vn 0.1528 0.0631 -0.9862
vn -0.8036 0.0680 -0.5913
vn -0.9866 -0.0320 -0.1601
vn -0.9636 0.0326 -0.2655
vn -0.8787 0.4034 0.2553
vn -0.9247 0.3590 -0.1266
vn 0.1662 -0.9825 0.0837
vn 0.9963 0.0833 0.0208
vn 0.9678 0.2373 -0.0842
vn 0.1482 0.9447 0.2925
vn 0.0066 0.8253 0.5647
vn -0.9430 0.0230 0.3321
vn -0.7933 -0.0373 0.6077
vn -0.9897 0.1355 -0.0464
vn -0.9788 0.0333 -0.2021
vn -0.6270 0.2384 0.7417
vn -0.5957 -0.0323 0.8026
vn 0.9197 0.3814 0.0931
vn 0.7439 0.2814 -0.6061
vn 0.6957 0.7180 -0.0228
vn -0.9960 0.0145 0.0883
vn 0.1523 0.8971 -0.4147
vn -0.0049 0.9923 -0.1240
vn 0.9923 0.1166 -0.0408
vn -0.1441 -0.9404 -0.3081
vn 0.1649 -0.5478 -0.8202
vn -0.9351 0.2596 0.2413
vn -0.9958 0.0462 0.0794
vn 0.7453 0.2467 0.6194
vn -0.4699 0.0230 0.8824
vn -0.6817 0.1821 0.7086
vn 0.9530 0.2966 0.0622
vn -0.6511 -0.1391 -0.7461
vn -0.3513 0.2005 0.9145
vn -0.2058 0.1950 0.9590
vn -0.2366 -0.0803 0.9683
vn -0.1209 0.9748 0.1877
vn 0.1897 0.8115 0.5528
vn 0.1090 0.9094 0.4013
vn -0.9859 0.1505 -0.0736
vn -0.2562 0.4427 0.8593
vn -0.5194 0.5618 -0.6439
vn -0.8845 0.3999 0.2403
vn -0.6850 -0.0810 -0.7240
vn 0.7603 0.5577 0.3331
vn -0.0610 -0.2109 0.9756
vn -0.5697 0.7837 0.2474
vn -0.8327 0.5040 0.2294
vn -0.9602 0.1303 0.2471
vn 0.0786 -0.4243 0.9021
vn 0.1318 -0.5438 0.8288
vn -0.6414 0.0634 0.7646
vn -0.8139 -0.0183 0.5807
vn -0.9788 0.0149 -0.2044
vn -0.9899 -0.0289 -0.1388
vn 0.0326 0.9345 0.3544
vn -0.9837 0.1430 0.1092
vn -0.9485 -0.1837 -0.2581
vn 0.0242 0.4502 -0.8926
vn -0.5533 -0.0743 0.8296
vn -0.0900 -0.7371 0.6698
vn 0.6402 -0.1585 0.7517
vn 0.3407 0.8225 -0.4554
vn -0.0760 0.8871 -0.4553
vn -0.3896 0.3578 -0.8487
vn 0.6260 -0.1851 0.7576
vn 0.6362 -0.1929 0.7470
vn -0.0827 0.1473 -0.9856
vn -0.6919 -0.0473 0.7204
vn -0.3331 0.7442 0.5790
vn -0.7805 0.5006 0.3746
vn 0.3246 -0.3375 -0.8836
vn 0.3019 0.6591 -0.6888
vn -0.9945 -0.1047 0.0060
vn -0.9789 -0.1551 -0.1331
vn 0.9978 -0.0668 0.0031
vn -0.6582 0.7484 -0.0815
vn -0.7867 0.4128 -0.4591
vn -0.7759 0.5347 0.3348
vn 0.9750 -0.0225 -0.2211
vn 0.6403 -0.1583 0.7517
vn 0.5637 0.6199 -0.5459
vn -0.6176 -0.0982 -0.7803
vn -0.9616 0.0040 0.2746
vn 0.6239 -0.2015 0.7551
vn 0.6341 -0.2096 0.7443
vn -0.4132 0.8977 -0.1529
vn -0.4087 0.8726 -0.2675
vn -0.5978 0.4325 -0.6750
vn 0.6297 -0.1506 0.7621
vn -0.6653 -0.0820 -0.7421
vn 0.5268 -0.0693 -0.8472
vn -0.5105 0.8252 -0.2418
vn -0.0464 -0.0912 0.9948
vn -0.1424 0.1464 0.9789
vn 0.8998 0.3856 0.2042
vn -0.1330 0.2955 -0.9461
vn 0.2584 -0.8201 0.5105
vn -0.9791 -0.2022 -0.0199
vn -0.7621 0.5002 0.4111
vn -0.9530 -0.2773 -0.1219
vn 0.9260 -0.3050 -0.2225
vn -0.5118 -0.3576 0.7812
vn 0.5793 -0.7997 0.1576
vn -0.8100 -0.1795 0.5583
vn 0.5418 -0.2999 -0.7852
vn 0.0947 -0.4238 -0.9008
vn -0.8680 0.0130 -0.4964
vn -0.6586 -0.0404 -0.7514
vn -0.9479 0.0098 -0.3183
vn 0.7126 0.7012 0.0223
vn 0.7216 -0.5870 -0.3669
vn -0.9999 -0.0121 0.0098
vn -0.9975 0.0402 -0.0589
vn 0.8906 0.4524 -0.0472
vn 0.3907 0.9089 -0.1456
vn 0.7626 0.5999 -0.2421
vn 0.1536 -0.6021 0.7835
vn 0.1596 -0.8932 0.4204
vn -0.9730 -0.1943 0.1246
vn -0.9883 0.0840 -0.1274
vn 0.9541 -0.1281 -0.2709
vn 0.6937 -0.4408 -0.5696
vn -0.5187 0.3742 0.7688
vn -0.0411 0.9515 -0.3050
vn 0.3767 0.9113 0.1664
vn -0.5206 0.1946 -0.8313
vn -0.2065 0.0396 -0.9776
vn -0.0832 0.9332 -0.3495
vn 0.4041 -0.8177 -0.4100
vn 0.3734 -0.5467 -0.7494
vn -0.6186 0.7787 0.1044
vn 0.6715 0.6610 0.3350
vn -0.6474 -0.2340 -0.7254
vn 0.8732 -0.0657 0.4829
vn 0.4946 0.7861 -0.3707
vn 0.4375 -0.0337 -0.8986
vn 0.5487 0.0495 -0.8346
vn 0.4350 0.4396 -0.7858
vn 0.8807 -0.0088 0.4736
vn 0.8794 -0.0835 0.4688
vn -0.4617 -0.1484 -0.8745
vn -0.3622 0.9037 0.2283
vn -0.5373 -0.1045 -0.8369
vn 0.5476 0.2484 -0.7990
vn 0.8274 -0.0018 -0.5617
vn 0.8668 -0.0076 -0.4986
vn 0.7146 -0.5145 -0.4740
vn 0.5186 -0.3248 -0.7909
vn 0.7084 -0.5549 -0.4362
vn -0.6876 0.4023 0.6044
vn -0.1739 0.9278 0.3302
vn -0.2989 0.8651 -0.4029
vn 0.6819 -0.2130 0.6998
vn 0.6196 -0.1774 0.7646
vn 0.0303 0.1070 -0.9938
vn 0.0536 0.6753 -0.7356
vn 0.4326 -0.8721 -0.2288
vn -0.4666 -0.2128 -0.8585
vn 0.5030 0.8642 0.0120
vn 0.8901 0.3114 -0.3328
vn -0.1495 0.2046 -0.9674
vn -0.2683 0.2863 -0.9198
vn -0.5918 0.6338 -0.4980
vn -0.7744 0.4368 -0.4578
vn -0.3584 0.9043 -0.2320
vn -0.2330 0.9723 -0.0185
vn -0.1920 0.2073 -0.9592
vn -0.5779 -0.1081 -0.8089
vn -0.3868 -0.2216 -0.8952
vn 0.2979 0.9544 -0.0184
vn 0.2098 0.9617 0.1765
vn 0.1085 0.9769 0.1839
vn 0.5102 0.6633 0.5475
vn 0.4035 0.3407 0.8492
vn -0.2540 0.1998 -0.9464
vn -0.2722 0.8793 -0.3909
vn 0.3991 0.9149 -0.0600
vn -0.4168 0.0352 -0.9083
vn -0.2359 0.8869 -0.3971
vn 0.0746 0.9169 -0.3921
vn -0.3547 -0.1344 -0.9253
vn -0.9651 0.0593 -0.2551
vn 0.9158 -0.2165 0.3382
vn 0.8168 -0.5734 0.0635
vn 0.6860 -0.4315 0.5859
vn 0.4137 -0.7812 0.4675
vn -0.3428 0.9051 -0.2517
vn -0.6413 0.4877 0.5923
vn -0.5017 0.3824 -0.7759
vn -0.5478 0.4251 -0.7206
vn 0.3075 -0.9494 0.0637
vn 0.6728 0.3862 -0.6311
vn 0.5805 0.8142 -0.0111
vn 0.4663 0.5400 -0.7007
vn 0.6641 -0.3323 -0.6697
vn 0.6780 -0.3575 -0.6423
vn 0.0357 0.0493 0.9981
vn 0.6994 -0.0443 0.7133
vn -0.1369 -0.2567 -0.9568
vn -0.1237 -0.5615 -0.8182
vn -0.1311 -0.6701 -0.7306
vn -0.2265 -0.8839 -0.4092
vn 0.3015 0.2736 -0.9134
vn 0.4065 0.2731 -0.8719
vn 0.2132 -0.7547 0.6205
vn -0.4723 0.8771 0.0872
vn -0.6621 -0.3306 -0.6725
vn 0.3126 -0.7158 0.6244
vn 0.1499 -0.7469 0.6478
vn -0.2312 0.8255 -0.5149
vn 0.5212 0.8526 -0.0378
vn 0.4231 0.9060 -0.0146
vn -0.5288 -0.1349 -0.8379
vn -0.2515 -0.8008 -0.5435
vn -0.3867 -0.8093 -0.4422
vn 0.8814 -0.0153 0.4721
vn 0.5238 0.8252 -0.2114
vn 0.2665 -0.9335 0.2399
vn 0.5824 -0.7667 0.2700
vn -0.4022 -0.4580 0.7928
vn -0.4758 -0.3916 0.7876
vn -0.5237 -0.3207 0.7893
vn -0.0610 0.1648 0.9844
vn 0.7060 -0.7071 -0.0395
vn 0.4217 0.1359 -0.8965
vn 0.9724 -0.1258 0.1965
vn -0.1108 -0.2096 -0.9715
vn -0.5727 -0.0122 0.8197
vn -0.5394 0.2317 0.8095
vn 0.2781 0.3529 0.8934
vn -0.7365 0.3999 -0.5456
vn 0.3028 0.7147 -0.6305
vn 0.3610 0.2585 -0.8960
vn -0.6907 0.4467 -0.5687
vn -0.4595 0.7389 0.4928
vn 0.5519 0.4392 -0.7089
vn -0.4871 0.3631 0.7943
vn -0.6928 -0.0187 0.7208
vn -0.4994 0.2595 -0.8266
vn 0.7636 -0.0458 0.6441
vn 0.8244 0.1046 0.5563
vn -0.2468 -0.2374 -0.9395
vn -0.5678 -0.5459 -0.6161
vn 0.6250 0.7510 0.2129
vn -0.9352 -0.0306 -0.3529
vn -0.9878 0.0896 -0.1276
vn -0.0291 0.1142 -0.9930
vn 0.9376 0.2515 -0.2402
vn -0.2928 0.6968 -0.6548
vn -0.9200 0.3070 -0.2437
vn -0.6123 -0.6252 -0.4840
vn -0.3630 -0.4526 -0.8145
vn 0.9699 -0.2306 0.0777
vn -0.9877 0.0586 -0.1447
vn -0.8606 -0.1594 -0.4837
vn -0.2240 -0.2677 0.9371
vn 0.4465 -0.1920 0.8740
vn -0.3922 -0.8141 0.4282
vn -0.2806 -0.9451 0.1676
vn -0.2907 -0.8807 0.3741
vn 0.9080 -0.3898 0.1539
vn 0.1213 -0.0093 -0.9926
vn 0.1544 -0.6538 -0.7408
vn -0.9213 0.2649 0.2845
vn -0.8163 -0.2254 -0.5319
vn 0.1357 0.0234 -0.9905
vn -0.6644 0.1062 -0.7398
vn -0.3341 -0.9197 -0.2063
vn -0.5252 -0.8496 0.0476
vn 0.0969 0.9333 0.3458
vn 0.3623 0.0461 -0.9309
vn -0.4568 -0.8431 -0.2837
vn -0.5348 -0.7469 -0.3953
vn -0.6160 -0.7693 -0.1694
vn -0.0911 -0.9908 -0.0999
vn -0.1833 -0.9259 -0.3303
vn -0.0936 -0.9143 -0.3941
vn 0.1730 -0.9781 0.1159
vn -0.7153 0.6911 -0.1033
vn -0.3903 -0.8491 -0.3558
vn -0.5768 -0.8126 0.0829
vn -0.4772 -0.8782 0.0332
vn -0.8022 -0.5450 -0.2438
vn 0.0708 -0.1073 -0.9917
vn -0.0313 -0.2145 -0.9762
vn -0.9812 0.0043 -0.1930
vn -0.4252 -0.0745 0.9020
vn -0.7836 0.1509 0.6027
vn -0.9348 0.1748 -0.3092
vn -0.8814 0.2092 -0.4236
vn -0.5106 0.7238 0.4641
vn -0.9248 0.0478 -0.3774
vn -0.5489 -0.0826 0.8318
vn 0.1047 0.9737 0.2023
vn 0.7251 -0.3671 -0.5826
vn 0.1373 0.2805 -0.9500
vn 0.9965 -0.0384 -0.0745
vn 0.9065 -0.4171 0.0655
vn -0.5373 -0.5866 -0.6060
vn -0.2213 -0.1125 0.9687
vn 0.1999 0.1262 -0.9717
vn -0.9174 0.2962 0.2658
vn -0.9675 -0.0243 0.2519
vn -0.9374 -0.0587 0.3433
vn 0.1022 0.0851 -0.9911
vn -0.5522 -0.7945 -0.2527
vn 0.5952 0.7059 -0.3838
vn 0.4935 0.8386 -0.2307
vn -0.7374 0.5703 -0.3618
vn -0.7195 -0.6737 -0.1689
vn -0.3081 0.6739 -0.6715
vn -0.8371 0.4163 0.3548
vn -0.9565 -0.2398 0.1662
vn 0.0656 0.0901 -0.9938
vn 0.3707 0.2019 -0.9066
vn 0.8527 0.3219 0.4114
vn -0.4107 -0.8070 0.4243
vn -0.0041 0.4186 -0.9082
vn -0.0230 0.2183 -0.9756
vn -0.6716 0.7007 -0.2409
vn 0.6035 0.6966 -0.3879
vn 0.4637 0.7136 -0.5251
vn 0.7916 -0.6037 -0.0945
vn -0.8502 0.0494 0.5241
vn -0.6177 -0.7510 0.2333
vn -0.6696 -0.7384 0.0801
vn -0.2357 0.9695 0.0676
vn -0.5078 -0.4719 -0.7208
vn -0.0943 0.9063 -0.4119
vn 0.0439 0.5177 -0.8544
vn -0.7366 -0.4217 0.5288
vn 0.9668 -0.2552 0.0090
vn 0.6587 0.6903 -0.2993
vn -0.4449 -0.8045 -0.3936
vn 0.7570 0.5743 -0.3116
vn -0.8375 0.5447 -0.0438
vn -0.6481 -0.4895 0.5834
vn -0.4304 -0.0113 0.9026
vn 0.5841 -0.7586 -0.2888
vn 0.0955 -0.4929 -0.8648
vn 0.6848 -0.0277 -0.7282
vn 0.9457 -0.2223 -0.2372
vn -0.2192 0.0634 -0.9736
vn 0.0677 0.9636 -0.2586
vn -0.3785 0.0411 -0.9247
vn -0.6379 -0.7518 -0.1672
vn -0.2962 -0.9294 0.2201
vn -0.4527 0.5274 0.7190
vn -0.2295 -0.7446 0.6269
vn -0.9007 0.2136 -0.3783
vn -0.0341 0.9429 0.3314
vn -0.0028 0.9399 0.3414
vn 0.1592 0.2632 -0.9515
vn -0.6051 -0.0236 0.7958
vn -0.6735 -0.0060 0.7392
vn 0.9658 0.1942 0.1717
vn -0.0073 0.9948 0.1016
vn -0.6052 0.7326 -0.3114
vn -0.1562 -0.0665 0.9855
vn -0.4213 0.7887 -0.4477
vn -0.5363 0.6189 -0.5738
vn -0.1843 -0.3535 -0.9171
vn 0.5371 -0.4232 -0.7297
vn 0.4188 -0.5094 -0.7517
vn -0.6770 0.1839 0.7126
vn -0.4042 0.8777 -0.2575
vn -0.6708 0.5646 -0.4809
vn -0.6052 0.7796 -0.1612
vn 0.5291 -0.0904 -0.8437
vn 0.4799 -0.0943 -0.8723
vn 0.1894 0.9763 0.1052
vn 0.9446 0.2381 -0.2258
vn 0.9177 0.3178 0.2383
vn 0.8719 0.3406 0.3517
vn -0.8345 0.3569 0.4199
vn -0.7982 0.2165 -0.5621
vn -0.3156 -0.2898 0.9036
vn -0.8061 0.4821 -0.3431
vn -0.9322 0.2832 -0.2253
vn -0.4578 -0.2469 -0.8541
vn 0.4540 0.7696 -0.4490
vn -0.9158 0.3330 -0.2248
vn -0.7993 -0.5773 -0.1669
vn -0.5796 0.7500 -0.3187
vn 0.3611 0.4102 -0.8374
vn 0.1542 0.7431 -0.6512
vn 0.6255 0.1280 -0.7697
vn 0.5500 0.0090 -0.8351
vn -0.7370 0.6279 -0.2503
vn -0.8451 0.5287 -0.0792
vn -0.6735 0.7024 0.2303
vn -0.0036 -0.8621 -0.5067
vn 0.3238 0.1600 0.9325
vn 0.4722 0.4271 0.7711
vn 0.6980 0.3707 -0.6126
vn -0.1707 0.9519 -0.2545
vn 0.0752 0.2376 -0.9684
vn -0.3410 0.9396 0.0283
vn 0.2131 0.8616 -0.4606
vn -0.0159 0.9470 0.3209
vn 0.0774 -0.2208 -0.9722
vn 0.1617 -0.1140 -0.9802
vn -0.1297 -0.9434 0.3054
vn -0.4141 0.9102 -0.0084
vn 0.4327 0.2782 0.8575
vn 0.4137 0.3126 0.8551
vn 0.7233 0.1783 0.6671
vn 0.9061 0.1803 0.3828
vn 0.6611 0.5166 -0.5442
vn 0.3835 -0.2095 0.8994
vn 0.0139 0.5683 0.8227
vn -0.8905 0.4316 -0.1444
vn 0.0785 0.3120 0.9468
vn 0.6952 0.3102 0.6484
vn -0.9535 0.2940 -0.0657
vn 0.9626 0.1713 0.2099
vn 0.8670 0.4137 -0.2779
vn 0.9811 0.1646 0.1015
vn 0.8489 0.2019 -0.4884
vn 0.4751 0.7680 -0.4295
vn 0.5048 0.7897 -0.3486
vn 0.7636 0.0774 -0.6410
vn 0.3761 0.2735 -0.8853
vn -0.9839 0.1556 -0.0876
vn -0.9719 0.2186 0.0874
vn -0.0622 -0.3361 -0.9398
vn 0.4784 -0.3700 -0.7963
vn -0.8055 -0.3559 -0.4738
vn 0.2589 -0.2089 -0.9431
vn 0.0208 0.2180 -0.9757
vn 0.4317 0.3022 -0.8499
vn 0.7626 -0.6012 -0.2388
vn -0.7610 -0.2252 0.6085
vn 0.5977 -0.4023 -0.6935
vn 0.6411 -0.3877 -0.6623
vn -0.0552 0.5761 0.8155
vn 0.6784 0.3219 -0.6604
vn 0.9596 0.2814 -0.0058
vn 0.2789 -0.0720 0.9576
vn -0.2543 -0.3115 -0.9156
vn -0.1100 0.1579 -0.9813
vn 0.2619 0.2345 -0.9362
vn 0.1914 0.9148 -0.3558
vn 0.3711 0.3780 -0.8482
vn -0.1352 -0.1798 -0.9744
vn 0.4853 -0.0574 -0.8724
vn 0.0691 0.4341 -0.8982
vn 0.3424 -0.4719 -0.8124
vn -0.1614 0.9180 0.3623
vn -0.1061 0.9554 0.2756
vn 0.6057 0.7756 -0.1777
vn 0.6797 0.1296 -0.7220
vn 0.7361 -0.4939 -0.4628
vn 0.6515 0.4854 -0.5830
vn 0.7250 0.0519 -0.6868
vn -0.0789 0.9961 0.0394
vn 0.1256 0.1267 -0.9840
vn 0.8023 -0.3193 -0.5044
vn -0.2107 -0.9651 0.1556
vn -0.8597 0.1215 0.4961
vn -0.7749 0.5183 -0.3618
vn -0.7521 0.2448 -0.6119
vn -0.2622 0.7035 -0.6606
vn 0.4992 0.1185 -0.8584
vn 0.5696 0.3488 -0.7442
vn -0.2743 0.3921 -0.8781
vn 0.5067 -0.3222 -0.7996
vn -0.8995 0.1229 -0.4194
vn 0.8581 0.3476 -0.3780
vn 0.2472 -0.4522 -0.8570
vn 0.5097 -0.1756 0.8422
vn 0.6762 0.3632 0.6409
vn 0.8480 -0.1785 -0.4991
vn -0.8377 0.5410 -0.0745
vn -0.9593 0.2403 -0.1482
vn 0.8799 -0.4671 -0.0864
vn -0.1939 0.8604 0.4713
vn 0.1662 0.9800 0.1093
vn -0.9334 -0.2389 -0.2676
vn -0.7572 -0.2633 -0.5978
vn 0.0235 -0.6324 -0.7743
vn -0.6267 -0.7576 -0.1823
vn -0.8494 -0.0586 0.5245
vn 0.3834 -0.3605 -0.8503
vn -0.6071 0.7765 -0.1686
vn -0.2412 0.8968 0.3710
vn -0.2527 -0.9450 -0.2079
vn 0.0666 -0.6848 -0.7257
vn 0.0190 -0.6647 -0.7469
vn -0.6808 0.1413 0.7187
vn 0.4848 0.7653 0.4235
vn -0.5053 -0.8349 0.2182
vn -0.9073 0.0997 0.4085
vn -0.7067 -0.5545 -0.4395
vn 0.8533 -0.0932 -0.5131
vn -0.8369 -0.4848 -0.2543
vn -0.6156 0.7768 0.1323
vn 0.0377 -0.6640 0.7468
vn -0.3563 -0.2489 -0.9006
vn 0.4454 0.3528 0.8229
vn -0.3766 -0.0565 0.9246
vn -0.0423 0.0568 -0.9975
vn -0.3619 0.1386 0.9218
vn 0.0899 -0.5975 -0.7968
vn -0.1492 -0.3454 0.9265
vn 0.9162 0.1518 -0.3709
vn -0.0142 0.0154 -0.9998
vn -0.2556 -0.9408 -0.2226
vn 0.5962 -0.6386 0.4865
vn 0.7677 -0.6374 -0.0656
vn 0.8136 -0.5809 -0.0248
vn 0.2985 -0.4058 0.8639
vn -0.1507 0.0433 -0.9876
vn -0.8987 0.0531 0.4352
vn 0.4708 -0.3246 -0.8203
vn 0.4363 0.5076 -0.7429
vn 0.4421 0.8624 -0.2466
vn 0.5856 0.1332 -0.7996
vn 0.4164 0.8059 -0.4209
vn 0.3821 0.6981 -0.6055
vn 0.2917 0.0084 -0.9565
vn 0.1090 -0.0762 0.9911
vn 0.3637 -0.2309 0.9024
vn 0.7029 0.5062 0.4997
vn 0.6570 0.5122 0.5532
vn -0.0443 -0.9729 -0.2271
vn 0.6470 -0.4366 0.6251
vn -0.7420 -0.6280 -0.2348
vn 0.3430 0.8952 -0.2844
vn 0.1450 0.7968 0.5866
vn 0.5729 -0.5157 -0.6370
vn 0.8883 -0.1169 -0.4442
vn 0.9229 0.0192 -0.3844
vn 0.2762 0.5480 -0.7896
vn 0.5585 0.4506 0.6965
vn 0.6843 0.6288 0.3693
vn -0.9982 0.0329 0.0504
vn 0.7490 0.0768 -0.6581
vn 0.5772 0.7530 -0.3160
vn -0.4814 -0.2946 -0.8255
vn -0.8809 -0.4678 0.0712
vn -0.9990 0.0282 0.0355
vn -0.9292 -0.2565 0.2659
vn -0.6813 0.3668 0.6335
vn -0.6776 -0.1442 0.7211
vn 0.6823 0.2970 0.6680
vn -0.9323 0.2917 0.2140
vn -0.7918 0.5386 0.2880
vn 0.0635 -0.1733 -0.9828
vn -0.8652 0.4298 0.2583
vn 0.8329 0.3300 -0.4442
vn 0.8377 -0.0416 -0.5445
vn 0.3853 0.3729 -0.8441
vn 0.5516 -0.0747 -0.8308
vn -0.5988 -0.7058 0.3786
vn 0.3890 0.2630 -0.8829
vn -0.4833 -0.1153 0.8678
vn -0.5218 -0.7289 0.4433
vn -0.7285 0.3889 0.5639
vn -0.3008 0.7248 0.6198
vn 0.1730 -0.0614 -0.9830
vn -0.6615 0.7430 0.1013
vn -0.2848 0.4583 -0.8419
vn -0.5502 -0.7361 0.3942
vn -0.5407 -0.7699 0.3390
vn 0.7547 0.3869 0.5299
vn -0.1435 0.3071 0.9408
vn 0.9783 0.2071 -0.0088
vn 0.7950 0.4159 -0.4416
vn 0.7470 0.6542 0.1188
vn 0.5601 0.7250 0.4008
vn 0.5735 0.7890 0.2206
vn 0.5966 -0.7420 -0.3057
vn 0.8432 0.4182 -0.3377
vn 0.7724 0.2076 -0.6003
vn -0.3837 0.2034 0.9008
vn 0.2213 0.9468 0.2335
vn 0.4472 0.5422 0.7114
vn 0.6382 -0.1773 -0.7492
vn 0.6245 -0.0706 -0.7779
vn 0.5270 0.2746 -0.8043
vn 0.2706 0.9396 0.2094
vn 0.4206 0.9072 0.0102
vn -0.6135 -0.3812 0.6916
vn -0.3333 0.8713 0.3602
vn -0.1070 0.9920 -0.0668
vn 0.8265 -0.0384 0.5616
vn 0.0088 0.9975 -0.0703
vn -0.3353 -0.0841 0.9384
vn -0.3822 -0.4398 0.8127
vn -0.6235 0.4459 0.6422
vn -0.4655 0.1397 0.8740
vn -0.4695 -0.8392 0.2745
vn 0.0429 0.9981 0.0432
vn 0.8239 -0.5625 -0.0690
vn 0.8379 -0.5432 0.0536
vn -0.4762 0.1719 0.8624
vn -0.2992 -0.9406 0.1605
vn 0.9285 0.2441 -0.2797
vn 0.6860 0.6299 -0.3642
vn 0.3424 0.8423 -0.4164
vn -0.3572 -0.1433 0.9230
vn 0.2390 0.5210 -0.8194
vn -0.3227 -0.0522 0.9451
vn -0.9955 0.0511 -0.0793
vn -0.5564 -0.8275 0.0753
vn -0.6448 0.3723 0.6675
vn -0.6201 -0.7825 -0.0564
vn -0.3972 0.5442 0.7390
vn -0.9475 0.0765 -0.3105
vn -0.9459 0.1510 -0.2872
vn -0.2962 -0.9541 0.0453
vn -0.5159 0.2212 0.8276
vn 0.8390 0.4867 -0.2434
vn -0.3464 -0.3924 -0.8521
vn -0.3895 -0.3863 -0.8361
vn 0.0364 0.0284 0.9989
vn -0.9003 0.2441 -0.3604
vn -0.9908 0.1350 -0.0055
vn -0.2593 -0.9536 -0.1527
vn 0.6086 0.0771 -0.7897
vn -0.1425 0.4223 0.8952
vn -0.4921 -0.1030 -0.8644
vn 0.2406 0.0379 -0.9699
vn -0.3801 -0.4761 -0.7930
vn 0.0995 -0.0088 -0.9950
vn -0.5757 -0.7980 -0.1781
vn -0.3077 -0.0125 0.9514
vn -0.3533 -0.2761 0.8939
vn -0.8510 0.4345 -0.2949
vn -0.5409 -0.5895 -0.5999
vn -0.5725 -0.5697 -0.5896
vn 0.8675 -0.3822 -0.3183
vn 0.8885 0.4177 -0.1902
vn -0.7495 -0.5800 -0.3192
vn 0.6571 0.2160 -0.7222
vn 0.9268 0.1845 -0.3271
vn -0.2728 -0.1441 -0.9512
vn 0.7801 -0.5556 -0.2876
vn -0.7834 0.5677 -0.2531
vn 0.8423 -0.2215 0.4914
vn 0.9977 -0.0658 -0.0149
vn 0.3398 -0.5612 -0.7547
vn 0.5229 -0.8470 -0.0959
vn 0.1338 -0.9808 -0.1415
vn 0.8718 -0.4339 0.2274
vn 0.7101 0.5287 0.4649
vn -0.1757 -0.6801 -0.7118
vn -0.0349 -0.1200 -0.9922
vn 0.5812 -0.7935 0.1804
vn 0.2485 0.9588 0.1379
vn 0.4241 0.2961 0.8558
vn -0.1015 -0.1303 -0.9863
vn -0.9893 0.0466 -0.1379
vn -0.8296 0.3736 0.4150
vn -0.9684 0.1629 -0.1889
vn -0.6141 0.2752 0.7397
vn 0.9985 -0.0041 0.0550
vn -0.7950 0.1557 -0.5863
vn -0.9559 0.2782 0.0945
vn -0.3125 -0.4307 0.8467
vn 0.5091 0.7481 0.4255
vn -0.3231 -0.7770 -0.5403
vn 0.5145 -0.0455 0.8563
vn 0.4908 0.8410 0.2275
vn -0.9945 0.0915 -0.0503
vn 0.0571 0.6272 -0.7768
vn -0.2803 0.0164 0.9598
vn 0.9719 0.2327 0.0364
vn -0.1946 0.2350 0.9523
vn -0.0123 0.1685 0.9856
vn 0.9686 0.2104 -0.1323
vn -0.9953 0.0168 0.0949
vn 0.9556 0.2225 0.1933
vn -0.1557 0.7095 0.6873
vn -0.2968 0.8265 0.4784
vn -0.6270 -0.7495 -0.2123
vn 0.9631 0.0615 0.2621
vn -0.7904 0.5088 0.3410
vn -0.3976 0.1467 0.9057
vn -0.5423 0.2793 0.7924
vn 0.4301 -0.8280 0.3598
vn 0.9599 0.2729 0.0635
vn -0.2606 0.4658 0.8457
vn 0.1811 0.7118 0.6786
vn 0.0195 0.3211 -0.9468
vn -0.6088 -0.7863 -0.1051
vn 0.4709 0.0815 0.8784
vn -0.2225 0.9352 0.2755
vn 0.2928 -0.6019 -0.7429
vn -0.0731 0.3992 -0.9139
vn -0.1474 0.5927 0.7918
vn -0.8585 0.3544 0.3706
vn -0.5006 0.8144 0.2936
vn 0.1008 0.0191 -0.9947
vn 0.2995 0.9485 0.1028
vn -0.9876 -0.0278 -0.1545
vn -0.5403 -0.2908 -0.7896
vn 0.8161 0.4685 0.3385
vn 0.4370 0.8804 0.1840
vn 0.1097 0.1865 -0.9763
vn 0.8319 0.3524 0.4286
vn 0.9592 -0.2828 0.0069
vn -0.4673 0.3686 0.8036
vn -0.5565 -0.8304 -0.0254
vn 0.5772 0.7762 -0.2535
vn -0.9832 0.1807 0.0271
vn 0.1483 0.8906 0.4298
vn -0.3193 0.1335 0.9382
vn -0.5321 -0.8107 0.2444
vn -0.8056 0.5709 -0.1582
vn -0.9534 -0.1689 -0.2502
vn -0.3300 -0.3293 0.8847
vn 0.3442 -0.3231 0.8816
vn -0.9767 0.1254 0.1741
vn -0.8462 0.1830 0.5005
vn 0.2639 0.4440 0.8563
vn -0.0042 0.9841 -0.1776
vn 0.9614 0.0864 0.2612
vn 0.4162 0.4174 0.8078
vn -0.3548 0.9109 -0.2105
vn -0.5765 -0.7228 -0.3811
vn -0.6631 -0.2312 -0.7120
vn -0.7774 -0.3276 -0.5370
vn 0.8615 0.4057 0.3053
vn 0.8030 0.3784 0.4604
vn -0.3454 -0.0653 -0.9362
vn 0.9143 0.1115 0.3895
vn 0.9273 -0.2198 -0.3031
vn 0.9709 -0.0801 -0.2255
vn -0.2101 -0.4046 0.8900
vn -0.7015 -0.6248 -0.3429
vn 0.7612 0.6425 0.0885
vn -0.3211 -0.7183 -0.6173
vn -0.4046 -0.2245 0.8865
vn -0.6885 -0.6955 0.2057
vn -0.8836 -0.4591 0.0921
vn -0.7311 -0.2025 0.6516
vn -0.2813 -0.2552 0.9251
vn -0.4056 -0.4712 0.7832
vn -0.6658 -0.7056 0.2426
vn -0.6298 -0.4621 -0.6243
vn -0.8042 -0.5892 0.0773
vn -0.3100 0.1409 -0.9402
vn -0.9733 -0.0099 0.2292
vn 0.5966 0.4215 -0.6829
vn 0.9137 0.1926 -0.3578
vn 0.0613 0.4109 0.9096
vn 0.4405 0.5512 0.7086
vn 0.4925 0.4723 0.7310
vn -0.7228 -0.6129 -0.3193
vn 0.5366 0.2847 0.7943
vn 0.7576 0.5688 0.3203
vn 0.4809 0.7991 0.3606
vn 0.2301 0.7477 0.6229
vn -0.8379 -0.4612 -0.2918
vn -0.7907 -0.6097 0.0549
vn 0.1946 -0.2182 -0.9563
vn -0.0565 -0.4983 0.8652
vn 0.6219 -0.0995 -0.7768
vn 0.5637 -0.1185 -0.8174
vn 0.1220 0.8790 0.4609
vn 0.6693 0.2641 -0.6945
vn -0.3365 -0.0706 0.9390
vn 0.5664 0.7996 0.1998
vn 0.5271 -0.0209 -0.8495
vn 0.8941 0.1511 0.4215
vn 0.6361 0.7598 0.1343
vn -0.2853 0.7220 0.6303
vn -0.6930 0.6923 -0.2010
vn 0.7097 0.6486 0.2748
vn 0.2722 0.9366 0.2207
vn -0.9044 -0.4244 -0.0441
vn 0.7025 0.4145 0.5785
vn 0.1245 0.1110 -0.9860
vn 0.3231 0.2932 -0.8998
vn 0.0685 0.7748 -0.6285
vn 0.1575 0.5592 0.8140
vn -0.3629 -0.0561 0.9301
vn -0.0414 -0.4519 -0.8911
vn 0.6283 0.6055 0.4885
vn 0.5619 0.8245 0.0670
vn -0.4883 0.3137 0.8144
vn 0.8454 0.5020 0.1824
vn 0.5682 0.7693 0.2921
vn 0.7990 0.5794 0.1609
vn 0.4773 0.4069 0.7788
vn 0.8963 0.2507 0.3658
vn 0.0308 0.3495 0.9364
vn 0.2152 -0.2965 -0.9305
vn 0.1580 0.3469 -0.9245
vn -0.5102 0.3193 -0.7985
vn -0.0575 0.9867 0.1524
vn -0.8405 0.4479 -0.3048
vn -0.0041 -0.9994 -0.0356
vn 0.6105 -0.7678 0.1945
vn -0.0874 -0.9624 0.2571
vn -0.3379 0.3102 0.8886
vn 0.4822 -0.5423 -0.6881
vn 0.7907 0.4961 0.3587
vn 0.9675 -0.0754 0.2413
vn -0.6344 -0.6568 -0.4078
vn -0.5913 -0.7388 -0.3233
vn -0.6431 0.4282 0.6349
vn 0.9048 0.1109 0.4112
vn 0.2043 -0.1814 -0.9619
vn -0.5105 0.0027 0.8599
vn 0.1485 0.6835 0.7147
vn 0.2205 0.8378 0.4995
vn -0.2137 0.7626 0.6106
vn 0.6042 0.6261 0.4929
vn 0.5720 -0.8186 -0.0524
vn -0.0693 0.9367 0.3431
vn 0.3619 -0.4006 -0.8417
vn 0.7832 -0.4323 -0.4468
vn -0.3209 -0.2284 0.9192
vn -0.6667 0.4161 0.6184
vn -0.2999 0.8398 -0.4526
vn 0.0294 -0.1765 -0.9839
vn 0.4388 0.4543 0.7753
vn -0.0169 -0.6030 -0.7976
vn 0.8135 -0.1715 -0.5557
vn 0.1002 0.4201 0.9019
vn -0.2257 -0.4170 0.8805
vn -0.1460 0.8774 0.4570
vn -0.1895 -0.6738 0.7142
vn 0.8646 -0.0527 0.4997
vn 0.5081 -0.5302 0.6788
vn -0.4248 0.3815 0.8209
vn 0.8598 -0.3794 0.3418
vn -0.6936 -0.7144 -0.0930
vn -0.4669 0.8460 0.2574
vn -0.2934 0.9240 0.2451
vn -0.3143 0.2583 0.9135
vn -0.8130 0.1274 0.5682
vn 0.5338 -0.2232 0.8156
vn -0.7315 0.6782 0.0702
vn -0.6440 0.7388 0.1986
vn -0.4566 -0.6086 -0.6489
vn -0.9791 -0.1972 0.0490
vn 0.0499 0.4536 0.8898
vn -0.4138 -0.0822 0.9066
vn 0.3330 -0.4943 -0.8030
vn -0.1786 0.8760 0.4480
vn -0.3487 0.7898 0.5046
vn 0.4547 -0.8636 -0.2176
vn 0.5465 -0.2296 0.8054
vn -0.5927 -0.7726 0.2274
vn 0.9646 -0.1667 0.2045
vn 0.6585 -0.4748 0.5839
vn 0.7131 -0.3715 0.5945
vn 0.7374 -0.0977 0.6684
vn 0.6647 0.1916 0.7221
vn 0.2129 0.9762 -0.0403
vn -0.9457 0.1499 -0.2882
vn -0.1485 0.7866 -0.5993
vn 0.0397 0.9673 0.2505
vn -0.0369 -0.9145 -0.4030
vn 0.6892 -0.4320 -0.5817
vn -0.3902 0.8434 0.3693
vn 0.0998 0.9364 -0.3364
vn -0.7094 0.6421 0.2906
vn -0.8821 0.4343 0.1822
vn 0.6592 -0.2600 -0.7056
vn -0.2289 0.9306 0.2856
vn 0.5280 0.8492 0.0041
vn 0.7726 -0.0438 0.6333
vn -0.6579 -0.6444 -0.3897
vn -0.3675 0.8713 0.3253
vn 0.3836 -0.8138 -0.4365
vn -0.9542 0.1789 0.2398
vn 0.2450 0.8911 0.3820
vn 0.3237 0.9418 0.0905
vn -0.9581 0.2302 0.1706
vn -0.9256 0.3780 0.0206
vn -0.9459 0.1533 0.2861
vn -0.8262 -0.1338 -0.5473
vn -0.7853 -0.1779 0.5930
vn -0.5615 0.6686 -0.4875
vn -0.5262 -0.2705 -0.8062
vn 0.0074 0.9767 0.2145
vn -0.1621 0.9845 0.0665
vn -0.0713 -0.8832 -0.4635
vn 0.5879 0.0055 0.8089
vn 0.5618 -0.0743 0.8239
vn 0.1201 0.8019 0.5853
vn 0.5824 -0.0354 -0.8121
vn -0.3037 0.8689 0.3908
vn 0.6406 -0.1108 0.7598
vn 0.1156 -0.9800 -0.1619
vn 0.0009 0.9996 -0.0270
vn -0.4736 0.2863 0.8329
vn -0.1302 0.5969 -0.7917
vn 0.0486 0.9987 -0.0163
vn -0.0138 0.9188 0.3945
vn 0.3804 0.2065 0.9015
vn -0.2236 0.9097 0.3500
vn -0.2400 0.4087 0.8805
vn 0.5345 -0.2450 0.8089
vn -0.4103 -0.4944 0.7663
vn -0.8552 0.3105 0.4149
vn -0.2855 0.5663 0.7732
vn 0.4452 -0.2871 0.8482
vn 0.5034 0.4626 0.7298
vn -0.2703 0.5392 0.7976
vn -0.5500 0.6550 0.5181
vn -0.8539 0.3203 0.4103
vn -0.3279 -0.1907 0.9253
vn 0.0670 -0.3833 0.9212
vn 0.0063 0.9975 0.0702
vn 0.4732 -0.4845 0.7357
vn -0.1445 -0.6694 -0.7287
vn -0.4126 0.6149 -0.6721
vn 0.7759 0.4201 -0.4706
vn 0.5706 0.0723 -0.8181
vn 0.3358 0.4866 -0.8065
vn 0.1360 0.8900 0.4351
vn 0.3124 0.7835 0.5372
vn 0.8531 -0.2652 -0.4493
vn -0.8041 0.5523 0.2199
vn 0.8625 0.4134 0.2919
vn 0.3913 0.6276 0.6731
vn 0.9335 -0.2772 -0.2274
vn 0.4692 0.5520 0.6893
vn 0.8977 -0.3735 -0.2338
vn 0.9765 -0.2151 -0.0120
vn 0.4198 -0.4457 0.7906
vn 0.1432 -0.3412 0.9290
vn -0.8152 0.5765 0.0555
vn -0.3487 0.9364 -0.0408
vn -0.4546 0.8906 -0.0114
vn -0.1622 -0.9725 0.1674
vn 0.6503 0.5468 0.5274
vn 0.7715 -0.2105 -0.6005
vn 0.6172 -0.4770 -0.6257
vn 0.2293 -0.6139 -0.7553
vn 0.8640 -0.0544 -0.5006
vn -0.1192 0.9786 -0.1679
vn 0.2983 -0.9514 -0.0767
vn 0.8692 0.3088 -0.3862
vn -0.0255 -0.9847 -0.1724
vn -0.2409 -0.9146 -0.3248
vn 0.1836 0.9252 0.3322
vn 0.9499 0.0997 0.2961
vn 0.5412 0.3447 -0.7670
vn -0.7949 0.4268 0.4312
vn -0.5410 -0.8051 0.2431
vn 0.5370 0.5681 0.6236
vn 0.5238 -0.5000 0.6897
vn 0.3829 -0.8874 0.2567
vn -0.1561 0.9828 0.0983
vn -0.5430 0.8283 0.1381
vn 0.6508 0.6871 -0.3230
vn -0.6123 -0.3847 0.6907
vn 0.9866 -0.1628 -0.0106
vn 0.9626 0.1941 -0.1893
vn 0.9018 -0.0100 -0.4321
vn 0.9714 0.2058 0.1181
vn 0.7394 0.6732 -0.0022
vn 0.5466 -0.2054 0.8118
vn -0.6041 -0.4214 0.6764
vn -0.3684 -0.6389 -0.6754
vn 0.5737 0.7626 0.2988
vn 0.3779 0.6094 0.6970
vn 0.9072 0.2509 0.3376
vn 0.9431 0.1351 0.3038
vn -0.3970 -0.8865 -0.2377
vn -0.2011 -0.8747 -0.4411
vn -0.2386 -0.4356 -0.8680
vn 0.6897 -0.7238 -0.0177
vn 0.1371 0.0767 0.9876
vn -0.7906 -0.4503 -0.4150
vn 0.4607 0.0785 0.8841
vn 0.9084 -0.3850 0.1629
vn 0.7911 -0.0318 0.6108
vn 0.9661 0.2436 0.0859
vn 0.7518 0.1618 -0.6392
vn -0.0790 0.9940 -0.0758
vn -0.4296 0.9027 -0.0250
vn -0.1731 -0.9842 0.0357
vn -0.1534 -0.9881 0.0049
vn -0.1716 -0.8519 -0.4948
vn -0.9239 0.3805 -0.0393
vn -0.5903 0.4197 0.6895
vn 0.2383 0.7057 0.6672
vn -0.9415 0.3331 -0.0513
vn 0.0670 -0.8701 0.4883
vn 0.0716 0.9101 -0.4081
vn -0.1780 -0.9840 -0.0111
vn 0.9765 -0.1187 0.1796
vn 0.6730 0.2620 -0.6917
vn 0.5563 -0.2545 0.7910
vn 0.3773 -0.0419 0.9252
vn -0.1183 -0.8757 0.4682
vn -0.3873 0.9150 -0.1127
vn 0.5024 0.3461 0.7923
vn 0.9407 0.2674 0.2087
vn 0.9229 0.3505 -0.1591
vn 0.9161 0.3848 -0.1129
vn 0.2391 -0.7838 0.5731
vn 0.9330 0.3561 -0.0518
vn -0.9120 0.4099 0.0127
vn 0.1540 0.6021 0.7834
vn 0.9915 -0.0902 0.0941
vn -0.3396 0.8756 0.3435
vn -0.3983 0.6473 0.6499
vn 0.8921 0.4182 0.1709
vn 0.9437 0.2158 0.2508
vn 0.0687 0.9974 0.0233
vn -0.0425 0.9981 -0.0454
vn -0.2459 0.8985 0.3637
vn -0.9349 0.3417 -0.0964
vn 0.2230 0.9306 0.2903
vn 0.9099 0.4147 0.0070
vn 0.7850 0.3085 0.5372
vn 0.7566 0.2506 0.6039
vn 0.0521 0.6189 0.7838
vn 0.8832 0.4688 -0.0123
vn -0.3381 0.8259 0.4512
vn 0.8906 0.4338 -0.1363
vn 0.8702 0.3536 0.3431
vn 0.2894 0.7728 0.5648
vn -0.2134 0.7720 -0.5987
vn -0.2395 0.9350 -0.2616
vn -0.2767 0.9361 -0.2173
vn 0.0548 0.7207 -0.6911
vn -0.1243 0.9076 -0.4011
vn 0.7275 0.5812 0.3647
vn 0.9663 -0.0820 -0.2439
vn 0.0133 0.6035 -0.7972
vn -0.4803 0.7886 0.3839
vn -0.5773 0.4304 0.6939
vn 0.8742 0.4298 0.2258
vn -0.6299 0.0271 0.7762
vn -0.7198 0.1784 0.6708
vn -0.3423 0.9396 0.0078
vn 0.8352 0.2344 0.4975
vn -0.3874 0.8841 0.2613
vn 0.5161 0.7464 0.4202
vn -0.2016 -0.6259 0.7534
vn -0.3202 -0.6642 0.6755
vn -0.4759 -0.6950 0.5390
vn 0.7871 0.3775 0.4878
vn -0.3251 0.9250 0.1966
vn 0.8812 0.2423 0.4060
vn 0.7685 0.3616 0.5279
vn -0.6760 -0.4297 0.5987
vn -0.2378 0.5803 -0.7789
vn -0.8403 0.4077 0.3574
vn -0.6384 0.4062 0.6537
vn 0.6814 0.4179 -0.6009
vn 0.9977 -0.0443 -0.0509
vn 0.9595 -0.2009 0.1976
vn -0.9319 0.3532 -0.0827
vn -0.2955 0.9529 -0.0687
vn 0.9404 0.1976 -0.2768
vn 0.9505 -0.2844 0.1253
vn -0.7010 0.0131 -0.7130
vn -0.2011 0.1422 0.9692
vn -0.2360 0.1669 0.9573
vn 0.5391 0.5318 -0.6531
vn -0.1600 0.8774 0.4523
vn 0.9551 0.1104 -0.2751
vn 0.6368 0.3749 -0.6737
vn -0.1763 -0.7207 -0.6704
vn -0.3126 0.7903 0.5270
vn 0.4029 0.3685 -0.8378
vn 0.9485 0.2487 0.1964
vn 0.0189 0.9913 0.1303
vn 0.8879 0.0988 0.4493
vn 0.9891 0.0533 -0.1375
vn -0.1719 0.7993 0.5759
vn -0.8273 0.5566 -0.0761
vn 0.7538 0.4400 0.4880
vn 0.5924 0.5427 0.5954
vn -0.5115 0.5603 0.6515
vn -0.7008 -0.6923 -0.1718
vn -0.3484 0.2023 -0.9152
vn -0.3112 0.4543 0.8347
vn -0.5245 -0.6838 0.5072
vn -0.1622 -0.9761 -0.1445
vn -0.4008 -0.5346 0.7440
vn -0.9468 0.2566 -0.1941
vn -0.6699 -0.4120 0.6177
vn -0.2821 -0.6023 0.7468
vn 0.9626 0.1763 0.2056
vn 0.1387 0.9399 -0.3121
vn 0.0469 0.9401 -0.3376
vn -0.2977 0.9420 0.1548
vn 0.9533 0.2949 0.0656
vn 0.8094 -0.3156 0.4952
vn 0.8615 0.3736 0.3438
vn 0.9376 0.3404 0.0710
vn 0.7554 -0.3926 0.5246
vn 0.8186 -0.2510 0.5166
vn -0.4036 0.7888 0.4635
vn 0.7518 -0.5072 0.4213
vn -0.2377 0.9517 0.1943
vn 0.5681 0.3566 -0.7416
vn 0.3787 0.6304 0.6777
vn 0.2053 0.7503 0.6284
vn -0.3628 -0.7938 0.4882
vn -0.0956 0.4909 0.8660
vn 0.6923 0.5892 0.4165
vn 0.0924 0.8855 0.4554
vn 0.7375 0.6665 0.1092
vn -0.1590 -0.9787 -0.1295
vn 0.8904 0.4312 -0.1459
vn 0.8961 0.4201 -0.1433
vn 0.9031 0.4251 -0.0614
vn -0.4767 0.4845 0.7335
vn 0.3359 0.4842 0.8079
vn 0.8760 0.4011 -0.2678
vn -0.1453 0.7667 0.6254
vn 0.9650 0.2614 -0.0231
vn 0.5986 0.4367 -0.6715
vn 0.7144 -0.5186 -0.4698
vn 0.7799 -0.4442 -0.4409
vn 0.5869 0.1616 0.7934
vn -0.5623 -0.6938 -0.4499
vn 0.8228 -0.4587 -0.3354
vn 0.1016 -0.2726 -0.9568
vn 0.3670 0.0183 0.9300
vn 0.6920 0.2398 0.6809
vn -0.0825 -0.4936 -0.8657
vn 0.9395 0.3085 0.1489
vn 0.9818 -0.1747 -0.0743
vn -0.3535 -0.4781 -0.8041
vn 0.9720 0.2075 -0.1104
vn 0.9383 0.2083 -0.2760
vn 0.9522 0.2806 -0.1204
vn 0.9171 0.1968 0.3466
vn -0.0260 0.8741 0.4850
vn 0.5255 0.7429 -0.4147
vn -0.2132 0.8452 0.4901
vn 0.8456 0.1817 0.5019
vn 0.1245 0.2969 -0.9468
vn 0.0891 0.4161 -0.9049
vn -0.6233 -0.6512 0.4330
vn -0.6148 -0.7805 -0.1134
vn 0.5848 0.5990 -0.5470
vn -0.3289 0.9245 0.1927
vn 0.8915 0.0320 0.4520
vn 0.2269 0.7089 -0.6679
vn -0.3877 0.0437 0.9208
vn 0.2819 -0.2057 -0.9371
vn 0.3554 0.9264 -0.1243
vn 0.7966 0.1943 -0.5725
vn 0.9830 0.1795 0.0377
vn 0.8629 0.3750 0.3388
vn 0.8835 0.3765 0.2789
vn 0.0907 -0.0750 0.9931
vn 0.8338 -0.3022 -0.4620
vn 0.6100 0.3382 0.7166
vn 0.9953 -0.0968 -0.0053
vn 0.3276 -0.0612 0.9428
vn 0.3038 0.0426 0.9518
vn 0.5902 0.2699 0.7608
vn 0.8886 0.3733 0.2666
vn 0.7061 -0.0004 -0.7081
vn 0.7909 0.1985 0.5789
vn 0.6045 0.1082 0.7892
vn 0.8550 0.1688 0.4905
vn 0.9935 0.0927 -0.0667
vn 0.5231 0.7889 0.3226
vn -0.1990 0.0458 0.9789
vn 0.7594 0.0148 0.6504
vn -0.1044 0.7770 -0.6208
vn 0.7634 -0.2206 -0.6071
vn 0.8544 0.4438 0.2702
vn -0.2159 0.7154 -0.6645
vn 0.6778 0.7202 0.1480
vn 0.9851 0.0380 -0.1680
vn 0.2193 0.7262 0.6516
vn 0.9523 -0.2986 -0.0636
vn -0.7635 -0.0236 0.6453
vn -0.3436 -0.0102 0.9391
vn 0.3758 -0.5873 -0.7169
vn 0.4176 -0.8750 -0.2448
vn 0.9314 0.3531 -0.0883
vn -0.9250 -0.3018 -0.2308
vn 0.9319 0.1803 -0.3148
vn -0.4105 -0.3008 0.8608
vn -0.2589 -0.3409 0.9037
vn 0.9405 0.1789 -0.2890
vn 0.0953 -0.1083 0.9895
vn 0.8123 -0.0520 0.5809
vn 0.9907 -0.1224 0.0590
vn 0.3142 -0.8935 0.3209
vn 0.2789 -0.8537 0.4398
vn -0.8737 0.0751 -0.4806
vn -0.1787 -0.9016 0.3939
vn -0.2263 -0.9672 0.1156
vn -0.5185 -0.7134 0.4714
vn -0.2980 -0.5228 0.7987
vn -0.2321 -0.7658 0.5997
vn 0.4921 0.4897 0.7197
vn 0.9829 0.1785 -0.0456
vn -0.3921 0.7296 0.5603
vn -0.4414 -0.8061 0.3941
vn -0.9900 0.0873 0.1111
vn -0.9915 0.0845 -0.0989
vn 0.4221 -0.9046 -0.0594
vn 0.4258 -0.7442 -0.5147
vn -0.6515 -0.6317 0.4202
vn 0.6674 -0.5396 0.5133
vn 0.3473 -0.5907 0.7283
vn 0.1335 -0.1536 0.9791
vn 0.4107 -0.4746 -0.7785
vn -0.9867 0.0487 -0.1549
vn 0.5590 0.5238 0.6428
vn 0.6970 0.5859 0.4134
vn -0.9906 0.1228 -0.0596
vn 0.1414 0.7063 0.6937
vn 0.7750 -0.0156 -0.6318
vn 0.9916 0.1289 0.0104
vn 0.4114 0.7621 0.5000
vn -0.8251 0.0466 -0.5631
vn -0.8146 0.0538 -0.5775
vn 0.8575 0.4193 -0.2981
vn 0.5822 -0.8058 0.1088
vn 0.5109 -0.7546 -0.4118
vn 0.9149 -0.3622 0.1781
vn 0.8514 -0.2126 0.4794
vn -0.4367 -0.8522 -0.2884
vn -0.9922 0.0713 0.1022
vn -0.9951 0.0800 -0.0576
vn 0.8480 -0.1544 -0.5070
vn 0.7644 0.1582 0.6250
vn -0.4858 -0.3966 0.7789
vn -0.8439 -0.3553 0.4020
vn 0.3968 -0.8808 -0.2585
vn 0.6835 0.5602 0.4681
vn 0.9506 -0.1047 0.2922
vn 0.9895 0.1365 -0.0481
vn 0.9481 0.3037 -0.0945
vn 0.3954 0.4276 -0.8129
vn 0.8039 -0.3212 0.5006
vn 0.8350 -0.1617 0.5260
vn 0.9176 -0.2542 -0.3056
vn -0.9513 -0.1651 0.2603
vn 0.7463 -0.1744 -0.6423
vn -0.9036 -0.0089 0.4282
vn 0.4843 0.3221 0.8135
vn 0.2502 0.2087 0.9454
vn -0.7672 0.6265 -0.1375
vn 0.2805 0.1981 0.9392
vn 0.9645 0.2107 0.1593
vn 0.2430 0.6172 0.7483
vn 0.4530 0.3034 0.8383
vn 0.8623 0.4676 0.1945
vn 0.3821 0.2621 0.8862
vn 0.5718 0.2498 0.7814
vn 0.1975 0.7757 0.5994
vn -0.2517 0.8052 0.5370
vn 0.9279 0.1081 0.3569
vn 0.8809 0.2236 0.4171
vn 0.8627 -0.1760 0.4742
vn 0.8695 0.0337 0.4928
vn -0.4350 -0.7140 0.5486
vn 0.9507 0.2952 -0.0949
vn -0.2947 0.9489 0.1124
vn 0.2165 0.1925 0.9571
vn -0.5307 0.8463 0.0457
vn 0.5319 0.1990 0.8231
vn 0.7153 0.4516 -0.5333
vn 0.9309 0.0711 0.3584
vn 0.8483 0.0280 0.5288
vn 0.1264 0.9554 -0.2668
vn 0.8773 0.4795 0.0223
vn 0.6950 0.0431 0.7177
vn 0.8766 0.4581 0.1472
vn 0.4459 0.3178 0.8368
vn 0.9746 0.0135 -0.2237
vn 0.7408 0.5873 -0.3260
vn 0.7082 0.1758 0.6837
vn -0.8355 -0.1632 -0.5246
vn 0.4879 0.7954 -0.3595
vn -0.3044 0.9209 0.2435
vn 0.4384 0.2266 0.8697
vn 0.9250 0.2714 0.2658
vn -0.0076 0.6080 0.7939
vn 0.9891 -0.1472 -0.0072
vn 0.7317 0.1831 0.6565
vn 0.9545 0.0528 0.2935
vn 0.4747 0.3523 0.8066
vn 0.9689 0.2130 0.1259
vn 0.9568 0.2633 0.1230
vn 0.0621 0.8909 0.4499
vn 0.1364 0.3043 -0.9427
vn -0.0499 0.7089 -0.7035
vn 0.5688 -0.8115 -0.1342
vn 0.9278 0.2321 -0.2921
vn 0.8235 -0.5671 -0.0135
vn 0.2363 -0.1041 -0.9661
vn 0.0508 0.7340 0.6773
vn 0.4106 -0.5819 0.7020
vn 0.8441 -0.4562 0.2817
vn 0.7657 0.6408 -0.0555
vn 0.7220 0.6461 -0.2477
vn 0.7143 0.1189 0.6896
vn 0.6703 -0.7033 -0.2367
vn 0.8842 -0.1834 0.4297
vn 0.9024 0.1129 0.4158
vn 0.8785 0.1121 0.4644
vn -0.1185 0.9550 0.2720
vn 0.3478 -0.2658 -0.8991
vn -0.2533 0.7413 0.6215
vn 0.7832 -0.1192 0.6102
vn 0.9626 -0.2219 0.1555
vn 0.9178 0.0056 0.3970
vn 0.3518 -0.1799 -0.9186
vn 0.9614 0.1069 0.2536
vn -0.6873 -0.2154 0.6937
vn -0.4696 0.1102 0.8760
vn 0.8583 0.3017 0.4150
vn 0.8419 -0.3406 0.4185
vn -0.9650 0.1366 -0.2240
vn 0.2023 0.4874 0.8494
vn 0.7588 0.0357 0.6503
vn 0.9641 0.2654 0.0011
vn 0.7360 -0.2608 -0.6248
vn -0.9392 0.2369 0.2487
vn -0.9779 0.1946 -0.0767
vn 0.6442 -0.4237 -0.6367
vn -0.1630 0.8587 0.4860
vn 0.9992 -0.0395 -0.0024
vn 0.6121 0.6069 -0.5070
vn -0.9518 0.1537 -0.2655
vn 0.8856 0.1420 -0.4422
vn 0.7651 0.2813 0.5792
vn 0.9728 0.2057 0.1067
vn 0.5380 0.2792 0.7954
vn 0.6129 0.3761 0.6949
vn -0.6627 0.5964 0.4529
vn -0.5619 0.7331 0.3833
vn -0.9930 -0.0660 0.0981
vn -0.7631 0.1348 0.6321
vn 0.4240 0.2671 -0.8654
vn 0.1008 0.2448 -0.9643
vn -0.8763 0.0503 0.4791
vn 0.6390 0.7286 -0.2465
vn 0.8177 -0.2243 0.5301
vn -0.7267 0.1732 0.6648
vn 0.8286 0.1662 0.5346
vn 0.5581 0.1701 0.8122
vn -0.1925 0.3932 0.8991
vn 0.1128 0.8344 0.5396
vn -0.4844 0.7274 0.4861
vn -0.1466 0.6351 0.7584
vn 0.4603 0.2108 0.8624
vn 0.8634 -0.0297 0.5037
vn 0.5519 -0.5291 0.6446
vn 0.3837 -0.2250 0.8956
vn 0.9982 0.0265 0.0530
vn -0.3285 0.4605 0.8246
vn -0.7456 0.0633 0.6634
vn -0.9627 -0.0628 0.2631
vn 0.2358 0.8105 0.5362
vn 0.1965 0.3942 0.8978
vn -0.5690 0.7290 0.3804
vn -0.5171 0.8346 -0.1900
vn -0.4810 0.1562 0.8627
vn -0.4891 0.7474 -0.4496
vn -0.2290 0.9369 -0.2641
vn -0.1955 0.3577 -0.9132
vn -0.9107 0.1897 0.3668
vn 0.7917 -0.0350 0.6099
vn 0.6900 0.7169 -0.0996
vn -0.4057 -0.6452 0.6474
vn -0.9417 -0.0373 0.3343
vn 0.7086 0.6565 -0.2585
vn 0.7921 0.2977 0.5329
vn 0.8262 -0.4070 0.3895
vn -0.9645 -0.1329 0.2284
vn -0.9940 -0.0555 -0.0938
vn -0.9003 0.0795 0.4278
vn 0.7304 -0.0139 0.6828
vn -0.8795 0.2525 0.4033
vn -0.9918 0.0282 0.1247
vn -0.8248 0.0262 0.5648
vn 0.6101 -0.2916 0.7367
vn 0.2458 0.6923 0.6784
vn 0.2854 0.9007 0.3276
vn -0.2188 0.3175 -0.9227
vn 0.7421 0.0484 0.6685
vn -0.2916 0.9286 0.2293
vn -0.2750 0.7914 0.5459
vn -0.7838 -0.2559 0.5659
vn -0.2706 0.2031 -0.9410
vn -0.6492 0.1014 -0.7538
vn 0.2890 0.6748 0.6791
vn 0.8002 0.2721 -0.5344
vn -0.6831 0.7292 0.0412
vn -0.5753 0.8111 0.1054
vn 0.7540 0.1134 -0.6470
vn 0.3535 -0.6705 -0.6523
vn -0.9994 0.0305 0.0171
vn -0.9869 0.0988 0.1272
vn -0.1150 0.2284 -0.9667
vn 0.2862 0.4600 0.8405
vn -0.1898 0.4869 0.8526
vn 0.1550 0.5840 0.7969
vn 0.9328 -0.0568 -0.3560
vn 0.7893 0.0061 -0.6140
vn 0.9170 0.3547 -0.1824
vn -0.1567 0.3117 0.9372
vn -0.9855 -0.0145 -0.1693
vn -0.8981 0.0406 -0.4378
vn -0.7275 0.4816 -0.4887
vn -0.9043 0.4175 -0.0896
vn -0.9063 -0.0440 0.4203
vn 0.3526 -0.3612 -0.8633
vn -0.3574 0.5327 -0.7671
vn 0.3579 -0.8647 -0.3524
vn 0.2878 -0.9446 0.1576
vn 0.2759 -0.8919 -0.3582
vn 0.1886 0.8839 -0.4279
vn -0.0928 0.9490 0.3013
vn -0.4510 0.8850 -0.1154
vn 0.7533 -0.1957 -0.6278
vn 0.5633 -0.4947 0.6618
vn 0.9017 0.2192 -0.3726
vn 0.9853 -0.0419 0.1657
vn -0.0889 0.6130 -0.7851
vn 0.7112 0.0758 0.6989
vn 0.3018 -0.9487 -0.0939
vn -0.9954 -0.0587 0.0750
vn 0.4079 0.9079 0.0967
vn -0.9425 -0.1250 0.3101
vn -0.8116 -0.0862 0.5778
vn -0.9910 -0.1285 -0.0376
vn -0.6646 -0.2385 -0.7081
vn 0.2164 0.3283 0.9194
vn 0.9802 0.0126 0.1976
vn -0.9973 0.0732 0.0103
vn -0.9732 -0.1169 0.1980
vn -0.8806 -0.0207 0.4734
vn -0.8007 0.5988 -0.0179
vn -0.0577 0.8501 0.5234
vn 0.2399 0.2530 -0.9372
vn 0.0161 0.4348 0.9004
vn 0.1593 0.2814 0.9463
vn 0.1477 0.4692 0.8707
vn -0.1689 0.9544 -0.2461
vn -0.2398 0.6189 0.7480
vn -0.3492 0.9116 -0.2170
vn 0.2053 0.9424 0.2641
vn -0.8445 0.0415 0.5340
vn 0.0273 0.3488 0.9368
vn -0.2664 0.1365 0.9541
vn -0.2460 0.7134 0.6561
vn -0.0037 0.2075 0.9782
vn -0.2114 0.7253 0.6552
vn -0.4715 -0.2264 -0.8523
vn -0.5272 0.7736 0.3516
vn -0.0100 0.9939 -0.1102
vn 0.8382 0.5402 -0.0747
vn 0.2324 0.8709 -0.4330
vn -0.2187 0.9120 0.3471
vn -0.6131 -0.1843 -0.7682
vn -0.1750 -0.3544 -0.9186
vn 0.0277 -0.3895 -0.9206
vn -0.5789 0.1672 0.7981
vn 0.4545 0.5681 -0.6861
vn -0.3024 0.3527 0.8855
vn -0.7199 0.0775 0.6898
vn -0.3139 -0.3890 0.8661
vn -0.3864 0.6731 0.6305
vn -0.3276 0.9142 0.2387
vn -0.3961 0.9146 0.0810
vn 0.7713 -0.4489 0.4512
vn -0.0189 -0.7083 -0.7056
vn -0.2631 0.9419 0.2089
vn -0.6470 0.7318 0.2141
vn -0.7808 0.5828 -0.2253
vn -0.3099 0.9138 0.2627
vn -0.3201 -0.5079 -0.7997
vn -0.4415 -0.8457 -0.2999
vn -0.2632 0.6783 0.6860
vn 0.8603 0.1980 -0.4697
vn 0.7783 0.5486 -0.3055
vn 0.9710 0.0901 0.2215
vn -0.9896 0.0820 0.1185
vn -0.9858 -0.1550 -0.0652
vn -0.1996 0.8985 0.3910
vn -0.5736 -0.6707 -0.4703
vn -0.5166 -0.8522 -0.0823
vn 0.7411 -0.6510 -0.1640
vn 0.8482 -0.3004 -0.4362
vn 0.9640 -0.0628 0.2584
vn -0.8436 0.2389 -0.4808
vn 0.4977 -0.8514 0.1656
vn -0.4608 -0.8559 0.2347
vn 0.3120 0.8808 -0.3562
vn 0.7112 -0.4727 0.5203
vn -0.2006 0.0911 -0.9754
vn -0.4846 0.5033 0.7154
vn -0.3718 0.3816 0.8463
vn 0.5657 0.1982 0.8005
vn -0.1565 -0.6515 -0.7423
vn -0.3935 0.6927 0.6044
vn -0.1959 0.4305 -0.8811
vn -0.5083 0.4382 -0.7414
vn 0.5057 0.8622 -0.0292
vn -0.2697 0.7486 -0.6057
vn -0.5726 0.5972 0.5617
vn 0.6215 -0.7666 0.1616
vn -0.8135 -0.1642 0.5579
vn 0.8247 0.5477 0.1411
vn 0.6601 0.7499 -0.0438
vn -0.8351 -0.1497 0.5293
vn -0.9283 -0.0729 -0.3645
vn -0.9816 -0.0981 -0.1638
vn -0.3393 0.6988 -0.6297
vn -0.1912 -0.9074 0.3743
vn 0.6073 -0.7819 0.1410
vn -0.7014 -0.2978 -0.6476
vn 0.5205 -0.4160 0.7457
vn -0.8466 -0.1281 -0.5167
vn 0.4679 -0.5759 0.6704
vn 0.5964 -0.4860 0.6388
vn 0.5726 -0.4120 0.7088
vn 0.2982 -0.9466 -0.1228
vn 0.1356 0.4276 0.8938
vn 0.3502 -0.4025 0.8458
vn 0.5462 0.6199 0.5634
vn -0.5334 -0.8385 0.1114
vn 0.2735 -0.6447 0.7139
vn 0.2521 -0.4006 0.8809
vn 0.1171 0.9226 0.3674
vn 0.3418 0.8953 0.2858
vn 0.1069 -0.5920 0.7988
vn -0.2830 0.8529 0.4386
vn -0.0715 0.5075 0.8587
vn -0.3016 0.4324 0.8497
vn -0.3977 -0.0155 0.9174
vn -0.1750 -0.0938 0.9801
vn -0.7061 0.7006 -0.1031
vn -0.9291 0.3595 0.0869
vn -0.1738 0.3698 -0.9127
vn 0.5008 -0.3974 0.7690
vn -0.7082 0.2667 0.6537
vn 0.3643 -0.5361 0.7615
vn -0.1525 0.4113 0.8986
vn -0.0778 -0.3064 0.9487
vn -0.2864 0.5368 -0.7936
vn -0.3748 -0.7589 0.5325
vn -0.3602 -0.9311 0.0570
vn -0.5696 0.3608 0.7385
vn -0.5572 0.2629 0.7877
vn -0.9304 0.1525 0.3334
vn 0.8642 -0.0767 -0.4972
vn 0.8619 -0.0740 -0.5016
vn -0.0763 -0.0951 0.9925
vn -0.1915 0.3798 -0.9050
vn -0.8963 0.4175 -0.1494
vn 0.2759 -0.5854 0.7624
vn 0.8480 -0.0435 0.5282
vn -0.7605 -0.0313 -0.6486
vn -0.8446 0.0477 -0.5333
vn -0.8707 0.3757 0.3174
vn -0.6822 0.0922 0.7254
vn -0.4223 -0.4012 0.8128
vn 0.8548 -0.0481 -0.5167
vn 0.0968 0.4738 -0.8753
vn -0.1656 0.0002 0.9862
vn -0.9825 0.0955 0.1599
vn 0.9174 0.3252 0.2293
vn 0.0451 -0.1952 0.9797
vn -0.1759 -0.3987 0.9001
vn -0.2088 -0.9023 0.3772
vn -0.3762 -0.9251 -0.0508
vn -0.5660 -0.5011 0.6546
vn -0.0625 -0.6621 0.7468
vn 0.1093 -0.8234 0.5568
vn -0.5196 0.0401 0.8535
vn -0.0145 -0.3244 0.9458
vn -0.2845 0.4188 0.8624
vn 0.9139 0.3626 0.1822
vn 0.7070 0.2195 -0.6723
vn 0.7113 0.2138 -0.6696
vn 0.8988 -0.2604 -0.3527
vn 0.9347 0.1993 0.2941
vn 0.8512 -0.0447 -0.5230
vn -0.8882 -0.0004 -0.4594
vn -0.2245 -0.6984 0.6796
vn -0.3292 -0.1013 0.9388
vn -0.1658 -0.3053 0.9377
vn 0.9006 -0.2663 -0.3434
vn 0.3407 -0.3290 0.8807
vn 0.1357 0.0306 -0.9903
vn -0.0645 -0.0024 -0.9979
vn -0.2575 -0.1528 0.9541
vn 0.2028 -0.4007 0.8935
vn 0.3637 0.1901 0.9119
vn -0.4643 0.4084 0.7859
vn 0.3864 0.4007 0.8308
vn -0.0414 -0.9385 0.3429
vn 0.0222 0.9942 0.1050
vn 0.6620 0.6281 -0.4090
vn -0.0609 0.0411 -0.9973
vn -0.4073 0.4648 0.7862
vn -0.5225 -0.5621 0.6411
vn -0.2422 -0.0158 0.9701
vn -0.0760 -0.2737 -0.9588
vn -0.4494 0.8636 0.2285
vn -0.5979 0.6777 0.4280
vn -0.7313 -0.1552 0.6641
vn 0.8481 0.5276 -0.0480
vn -0.7313 -0.2425 -0.6375
vn -0.3750 -0.0057 0.9270
vn -0.6239 -0.6205 -0.4752
vn -0.9432 -0.1718 -0.2842
vn -0.0082 -0.5358 -0.8443
vn -0.1035 -0.7117 -0.6948
vn 0.8696 0.4164 -0.2653
vn -0.6429 0.7213 0.2577
vn -0.6649 0.4603 0.5882
vn -0.7008 -0.2101 0.6817
vn -0.3507 -0.7575 0.5506
vn 0.8323 0.5268 -0.1724
vn 0.8538 0.0310 0.5196
vn 0.8961 -0.1519 0.4170
vn -0.1242 -0.7204 0.6824
vn -0.2377 -0.8616 0.4484
vn -0.5674 -0.6632 0.4881
vn -0.5491 0.6686 0.5015
vn -0.4581 0.7254 0.5137
vn -0.2533 -0.9175 0.3065
vn 0.2597 -0.1180 0.9585
vn -0.4471 -0.8007 0.3987
vn -0.1030 0.0581 0.9930
vn -0.1167 0.4675 0.8763
vn -0.3743 -0.6001 0.7070
vn -0.3501 -0.5865 0.7304
vn 0.8251 0.2455 0.5088
vn 0.5348 -0.0188 0.8447
vn 0.2853 0.0387 0.9577
vn -0.7583 0.5901 0.2770
vn 0.1905 -0.3752 0.9072
vn 0.8641 -0.0269 0.5026
vn -0.5497 0.4340 0.7138
vn 0.7068 -0.5722 0.4160
vn 0.7073 -0.6961 0.1235
vn -0.7992 0.5973 0.0662
vn 0.0390 -0.9309 -0.3631
vn -0.8433 0.2437 0.4791
vn -0.3139 0.3564 0.8800
vn 0.3902 0.0199 0.9205
vn -0.6703 -0.6407 0.3746
vn 0.3646 -0.9185 -0.1531
vn 0.1810 -0.7638 0.6196
vn 0.3670 -0.7968 -0.4800
vn -0.4323 0.4103 0.8030
vn 0.7521 -0.6165 -0.2332
vn -0.5818 0.4964 0.6443
vn 0.9117 -0.2372 0.3354
vn -0.7885 -0.6095 -0.0827
vn -0.3983 -0.1209 -0.9092
vn -0.8903 -0.3272 -0.3167
vn -0.7063 0.6712 0.2251
vn 0.0278 -0.9371 -0.3479
vn -0.6646 0.5091 0.5469
vn -0.4575 -0.7333 0.5029
vn 0.4448 -0.0512 -0.8941
vn 0.8513 -0.1974 0.4861
vn 0.6966 -0.2439 -0.6747
vn 0.8711 -0.0162 0.4909
vn 0.0504 0.4036 0.9135
vn 0.1398 0.5035 0.8526
vn 0.7080 0.1153 0.6968
vn -0.0988 -0.1633 0.9816
vn -0.8929 0.3069 0.3295
vn -0.7999 0.1393 0.5837
vn 0.8860 -0.0158 0.4635
vn -0.1824 -0.9725 -0.1446
vn 0.8392 -0.1191 0.5307
vn -0.3045 0.0277 -0.9521
vn 0.0144 -0.3592 -0.9331
vn 0.7826 -0.0177 0.6223
vn -0.6395 0.4488 0.6241
vn -0.5513 -0.7899 0.2685
vn -0.9793 0.1613 -0.1223
vn -0.6594 0.1202 0.7421
vn -0.8416 -0.0032 0.5401
vn 0.7290 -0.5510 -0.4063
vn -0.5541 0.6214 0.5539
vn -0.8956 0.2451 0.3713
vn 0.2344 0.7375 -0.6334
vn -0.4071 0.3713 0.8345
vn -0.9052 -0.0843 0.4166
vn 0.0742 0.0931 0.9929
vn -0.6248 0.7552 -0.1984
vn -0.5000 0.8072 0.3136
vn -0.5916 0.1032 0.7996
vn -0.7982 0.3743 0.4719
vn -0.8753 0.1593 0.4566
vn -0.8370 -0.4461 0.3169
vn -0.8477 -0.5286 -0.0452
vn -0.0979 0.9205 0.3784
vn 0.7362 -0.1284 0.6645
vn 0.8421 -0.0952 0.5309
vn 0.0771 -0.3254 0.9424
vn 0.2611 -0.5935 0.7613
vn 0.5290 -0.6624 0.5305
vn 0.5144 -0.6131 -0.5995
vn -0.4883 -0.6979 -0.5239
vn 0.1722 -0.5973 0.7833
vn -0.7617 -0.4936 0.4198
vn -0.6692 -0.5041 0.5459
vn -0.5399 -0.5268 0.6564
vn 0.5576 0.8025 -0.2122
vn 0.8321 0.2444 -0.4979
vn 0.8429 0.4449 -0.3025
vn 0.8456 -0.3255 -0.4231
vn 0.8680 -0.3618 -0.3402
vn 0.3737 0.7674 0.5211
vn 0.9159 -0.3878 0.1035
vn 0.9090 0.3789 -0.1735
vn 0.8603 0.1355 0.4915
vn 0.6213 0.0962 0.7777
s 1
usemtl color_11909273
f 7//1 9//2 5//3
f 20//4 12//5 8//6
f 20//4 22//7 12//5
f 21//8 3//9 18//10
f 20//4 16//11 22//7
f 29//12 25//13 1//14
f 23//15 52//16 53//17
f 24//18 90//19 28//20
f 16//11 30//21 22//7
f 18//10 3//9 33//22
f 32//23 3248//24 3252//25
f 34//26 20//4 8//6
f 3252//25 39//27 32//23
f 8//6 1531//28 34//26
f 44//29 35//30 34//26
f 46//31 39//27 50//32
f 45//33 32//23 46//31
f 44//29 42//34 35//30
f 1541//35 44//29 34//26
f 39//27 46//31 32//23
f 49//36 3343//37 43//38
f 43//38 41//39 49//36
f 37//40 50//32 39//27
f 35//30 16//11 20//4
f 33//22 71//41 79//42
f 79//42 51//43 33//22
f 202//44 16//11 48//45
f 16//11 35//30 48//45
f 53//17 52//16 10//46
f 35//30 20//4 34//26
f 101//47 21//8 18//10
f 228//48 55//49 54//50
f 27//51 59//52 7//1
f 56//53 21//8 57//54
f 46//31 50//32 62//55
f 55//49 48//45 54//50
f 46//31 62//55 70//56
f 48//45 35//30 54//50
f 54//50 35//30 42//34
f 70//56 778//57 46//31
f 46//31 763//58 45//33
f 65//59 49//36 41//39
f 49//36 65//59 47//60
f 3614//61 67//62 53//17
f 70//56 62//55 68//63
f 109//64 53//17 67//62
f 85//65 594//66 67//62
f 115//67 69//68 165//69
f 76//70 72//71 56//53
f 21//8 101//47 57//54
f 33//22 38//72 71//41
f 102//73 69//68 115//67
f 69//68 16//11 202//44
f 71//41 73//74 72//75
f 72//75 76//76 71//41
f 58//77 75//78 78//79
f 30//21 16//11 69//68
f 76//80 72//81 73//82
f 73//82 93//83 76//80
f 40//84 56//53 72//71
f 47//60 65//59 64//85
f 76//86 57//54 72//87
f 77//88 58//77 78//79
f 79//42 71//41 76//76
f 57//54 76//86 79//89
f 57//54 79//89 56//53
f 124//90 77//88 78//79
f 56//53 79//89 76//70
f 61//91 9//2 7//1
f 41//39 106//92 65//59
f 74//93 120//94 37//40
f 65//59 106//92 86//95
f 89//96 86//95 119//97
f 28//20 94//98 82//99
f 61//91 7//1 59//52
f 99//100 74//93 3645//101
f 81//102 61//91 59//52
f 28//20 90//19 60//103
f 98//104 146//105 74//93
f 94//98 28//20 60//103
f 51//43 79//42 91//106
f 40//84 72//71 92//107
f 93//83 92//107 73//108
f 72//71 73//108 92//107
f 57//54 92//107 91//109
f 101//47 92//107 57//54
f 72//87 57//54 73//110
f 93//111 73//110 57//54
f 60//103 90//19 94//98
f 73//74 71//41 93//112
f 96//113 92//107 93//83
f 57//54 96//114 93//111
f 64//85 86//95 89//96
f 65//59 86//95 64//85
f 93//112 71//41 96//115
f 91//106 96//115 71//41
f 91//109 92//107 96//113
f 57//54 91//109 96//114
f 93//83 96//113 76//80
f 79//42 76//80 91//106
f 96//113 91//106 76//80
f 71//41 40//84 92//107
f 98//104 74//93 99//100
f 38//72 40//84 71//41
f 1333//116 81//102 59//52
f 78//79 87//117 88//118
f 101//47 71//41 92//107
f 97//119 95//120 3215//121
f 71//41 51//43 91//106
f 102//73 30//21 69//68
f 977//122 64//85 89//96
f 63//123 30//21 102//73
f 18//10 107//124 17//125
f 3716//126 1333//116 59//52
f 81//102 1726//127 61//91
f 67//62 594//66 103//128
f 41//39 80//129 106//92
f 105//130 111//131 102//73
f 102//73 111//131 63//123
f 83//132 84//133 31//134
f 103//128 109//64 67//62
f 110//135 17//125 107//124
f 368//136 111//131 105//130
f 100//137 203//138 82//99
f 100//137 82//99 11//139
f 105//130 115//67 104//140
f 108//141 66//142 23//15
f 98//104 99//100 116//143
f 115//67 105//130 102//73
f 74//93 146//105 120//94
f 87//117 78//79 75//78
f 106//92 119//97 86//95
f 62//55 50//32 120//94
f 107//124 33//22 51//43
f 107//124 18//10 33//22
f 51//43 125//144 107//124
f 101//47 18//10 17//125
f 104//140 115//67 121//145
f 101//47 17//125 110//135
f 89//96 119//97 118//146
f 134//147 101//47 110//135
f 113//148 127//149 121//145
f 51//43 71//41 125//144
f 115//67 113//148 121//145
f 203//138 100//137 122//150
f 125//144 71//41 101//47
f 82//99 94//98 200//151
f 82//99 200//151 452//152
f 107//124 125//144 129//153
f 124//90 78//79 131//154
f 129//153 110//135 107//124
f 3682//155 11//139 82//99
f 120//94 130//156 62//55
f 112//157 110//135 129//153
f 114//158 127//149 113//148
f 132//159 133//160 218//161
f 37//40 120//94 50//32
f 136//162 135//163 133//160
f 28//20 82//99 137//164
f 131//154 139//165 369//166
f 109//64 108//141 53//17
f 108//141 23//15 53//17
f 138//167 26//168 3397//169
f 369//166 139//165 738//170
f 190//171 108//141 109//64
f 78//79 88//118 142//172
f 135//163 136//162 232//173
f 78//79 142//172 141//174
f 138//167 128//175 140//176
f 130//156 68//63 62//55
f 144//177 136//162 132//159
f 153//178 140//176 145//179
f 136//162 133//160 132//159
f 150//180 147//181 144//177
f 148//182 145//179 152//183
f 147//181 136//162 144//177
f 117//184 129//153 951//185
f 129//153 117//184 112//157
f 154//186 232//173 136//162
f 876//187 130//156 149//188
f 156//189 5//3 123//190
f 157//191 5//3 156//189
f 136//162 147//181 154//186
f 5//3 157//191 158//192
f 150//180 160//193 159//194
f 150//180 144//177 160//193
f 141//174 142//172 161//195
f 132//159 218//161 160//193
f 132//159 160//193 144//177
f 131//154 161//195 139//165
f 131//154 78//79 141//174
f 161//195 131//154 141//174
f 149//188 130//156 120//94
f 120//94 146//105 149//188
f 152//183 145//179 140//176
f 204//196 13//197 151//198
f 155//199 149//188 164//200
f 5//3 158//192 3709//201
f 140//176 3242//202 152//183
f 167//203 165//69 69//68
f 151//198 82//99 203//138
f 169//204 148//182 152//183
f 164//200 149//188 146//105
f 69//68 202//44 167//203
f 101//47 162//205 125//144
f 28//20 137//164 151//198
f 101//47 134//147 162//205
f 137//164 207//206 151//198
f 129//153 173//207 1085//208
f 170//209 175//210 172//211
f 1085//208 951//185 129//153
f 137//164 82//99 143//212
f 60//213 207//206 137//164
f 170//209 174//214 175//210
f 176//215 66//142 108//141
f 129//153 125//144 173//207
f 171//216 66//142 176//215
f 94//98 194//217 200//151
f 176//215 108//141 190//171
f 441//218 3686//219 162//205
f 125//144 162//205 173//207
f 178//220 170//209 172//211
f 168//221 430//222 169//204
f 171//216 176//215 179//223
f 180//224 148//182 169//204
f 148//182 180//224 145//179
f 178//220 185//225 177//226
f 170//209 178//220 177//226
f 181//227 146//105 98//104
f 166//228 156//189 184//229
f 166//228 157//191 156//189
f 182//230 103//128 183//231
f 90//19 194//217 94//98
f 98//104 116//143 181//227
f 109//64 103//128 182//230
f 182//230 212//232 109//64
f 176//215 190//171 189//233
f 60//213 143//212 207//206
f 137//164 143//212 60//213
f 133//160 199//234 163//235
f 151//198 13//197 28//20
f 199//234 167//203 163//235
f 185//225 188//236 177//226
f 188//236 185//225 191//237
f 217//238 1738//239 181//227
f 199//234 133//160 135//163
f 135//163 232//173 199//234
f 205//240 84//133 201//241
f 205//240 116//143 84//133
f 84//133 116//143 99//100
f 99//100 31//134 84//133
f 163//235 167//203 202//44
f 48//45 163//235 202//44
f 197//242 191//237 290//243
f 205//240 181//227 116//143
f 143//212 203//138 122//150
f 184//229 156//189 198//244
f 156//189 123//190 198//244
f 163//235 55//49 206//245
f 217//238 181//227 205//240
f 208//246 205//240 210//247
f 205//240 201//241 210//247
f 212//232 190//171 109//64
f 55//49 163//235 48//45
f 196//248 213//249 195//250
f 2717//251 236//252 196//248
f 215//253 151//198 207//206
f 189//233 190//171 211//254
f 160//193 218//161 216//255
f 204//196 151//198 203//138
f 143//212 151//198 215//253
f 217//238 205//240 208//246
f 187//256 192//257 186//258
f 187//256 222//259 193//260
f 206//245 55//49 226//261
f 226//261 216//255 206//245
f 546//262 209//263 647//264
f 218//161 206//245 216//255
f 214//265 209//263 546//262
f 218//161 163//235 206//245
f 187//256 193//260 261//266
f 133//160 163//235 218//161
f 222//259 187//256 186//258
f 3602//267 3077//268 221//269
f 186//258 227//270 222//259
f 227//270 240//271 222//259
f 221//269 220//272 225//273
f 143//212 82//99 151//198
f 223//274 216//255 226//261
f 215//253 204//196 203//138
f 143//212 215//253 203//138
f 213//249 768//275 195//250
f 226//261 55//49 228//48
f 122//150 207//206 143//212
f 190//171 212//232 211//254
f 165//69 199//234 232//173
f 211//254 212//232 230//276
f 225//273 244//277 231//278
f 182//230 230//276 212//232
f 225//273 231//278 221//269
f 233//279 221//269 231//278
f 213//249 196//248 236//252
f 236//252 2717//251 235//280
f 234//281 176//215 189//233
f 229//282 213//249 236//252
f 236//252 235//280 239//283
f 241//284 236//252 239//283
f 222//259 240//271 238//285
f 260//286 242//287 237//288
f 189//233 211//254 230//276
f 434//289 243//290 240//271
f 229//282 236//252 241//284
f 251//291 189//233 230//276
f 244//277 247//292 231//278
f 199//234 165//69 167//203
f 233//279 231//278 247//292
f 113//148 115//67 165//69
f 207//206 204//196 215//253
f 248//293 249//294 250//295
f 189//233 251//291 234//281
f 241//284 250//295 252//296
f 249//294 252//296 250//295
f 114//158 113//148 165//69
f 232//173 114//158 165//69
f 247//292 254//297 233//279
f 258//298 233//279 254//297
f 179//223 176//215 234//281
f 246//299 253//300 245//301
f 251//291 179//223 234//281
f 262//302 219//303 259//304
f 251//291 230//276 182//230
f 261//266 246//299 187//256
f 264//305 279//306 262//302
f 237//288 224//307 260//286
f 262//302 263//308 264//305
f 373//309 224//307 237//288
f 265//310 269//311 2862//312
f 267//313 269//311 265//310
f 244//277 225//273 219//303
f 272//314 273//315 257//316
f 268//317 178//220 271//318
f 281//319 245//301 253//300
f 178//220 276//320 185//225
f 244//277 219//303 262//302
f 262//302 279//306 244//277
f 253//300 266//321 281//319
f 264//305 1845//322 279//306
f 277//323 256//324 154//186
f 154//186 256//324 232//173
f 276//320 278//325 185//225
f 276//320 178//220 268//317
f 289//326 284//327 285//328
f 256//324 277//323 536//329
f 153//178 286//330 138//167
f 287//331 285//328 284//327
f 153//178 138//167 140//176
f 138//167 286//330 310//332
f 294//333 292//334 255//335
f 285//328 287//331 295//336
f 266//321 319//337 288//338
f 286//330 153//178 296//339
f 232//173 256//324 114//158
f 291//340 197//242 290//243
f 267//313 265//310 305//341
f 281//319 288//338 297//342
f 281//319 266//321 288//338
f 303//343 422//344 294//333
f 302//345 296//339 145//179
f 145//179 296//339 153//178
f 306//346 302//345 145//179
f 282//347 267//313 305//341
f 331//348 305//341 304//349
f 298//350 307//351 3700//352
f 305//341 331//348 282//347
f 185//225 278//325 290//243
f 296//339 310//332 286//330
f 350//353 285//328 295//336
f 350//353 289//326 285//328
f 191//237 185//225 290//243
f 312//354 289//326 350//353
f 303//343 294//333 313//355
f 284//327 289//326 312//354
f 310//332 587//356 550//357
f 297//342 288//338 308//358
f 309//359 308//358 288//338
f 296//339 302//345 315//360
f 300//361 283//362 238//285
f 585//363 296//339 315//360
f 310//332 296//339 585//363
f 315//360 302//345 318//364
f 238//285 240//271 243//290
f 266//321 253//300 319//337
f 145//179 180//224 306//346
f 284//327 317//365 287//331
f 445//366 306//346 180//224
f 301//367 147//181 150//180
f 180//224 431//368 445//366
f 265//310 316//369 304//349
f 301//367 154//186 147//181
f 277//323 154//186 301//367
f 316//369 320//370 304//349
f 320//370 489//371 304//349
f 324//372 254//297 322//373
f 322//373 323//374 324//372
f 324//372 258//298 254//297
f 306//346 318//364 302//345
f 326//375 216//255 223//274
f 244//277 327//376 247//292
f 216//255 326//375 160//193
f 316//369 311//377 320//370
f 254//297 247//292 322//373
f 305//341 265//310 304//349
f 326//375 159//194 160//193
f 322//373 247//292 330//378
f 330//378 323//374 322//373
f 299//379 150//180 159//194
f 328//380 320//370 311//377
f 319//337 253//300 246//299
f 319//337 246//299 261//266
f 315//360 318//364 321//381
f 295//336 287//331 329//382
f 287//331 317//365 329//382
f 313//355 314//383 334//384
f 455//385 319//337 261//266
f 261//266 355//386 416//387
f 335//388 329//382 317//365
f 193//260 355//386 261//266
f 193//260 222//259 355//386
f 337//389 375//390 366//391
f 355//386 222//259 238//285
f 356//392 126//393 336//394
f 336//394 343//395 344//396
f 341//397 317//365 312//354
f 317//365 284//327 312//354
f 268//317 325//398 372//399
f 338//400 341//397 312//354
f 396//401 331//348 332//402
f 343//395 345//403 344//396
f 299//379 301//367 150//180
f 347//404 100//137 346//405
f 240//271 227//270 342//406
f 349//407 416//387 355//386
f 344//396 356//392 336//394
f 349//407 355//386 365//408
f 3196//409 126//393 356//392
f 283//362 355//386 238//285
f 350//353 338//400 312//354
f 295//336 353//410 350//353
f 1164//411 362//412 338//400
f 326//375 299//379 159//194
f 299//379 326//375 351//413
f 341//397 338//400 362//412
f 344//396 345//403 385//414
f 104//140 367//415 105//130
f 364//416 367//415 104//140
f 317//365 341//397 335//388
f 343//395 360//417 363//418
f 345//403 343//395 363//418
f 361//419 359//420 358//421
f 367//415 368//136 105//130
f 367//415 435//422 368//136
f 268//317 348//423 399//424
f 375//390 354//425 366//391
f 370//426 347//404 346//405
f 370//426 358//421 359//420
f 359//420 347//404 370//426
f 364//416 121//145 379//427
f 364//416 104//140 121//145
f 365//408 355//386 283//362
f 283//362 412//428 365//408
f 379//427 121//145 127//149
f 339//429 358//421 370//426
f 374//430 376//431 275//432
f 376//431 374//430 371//433
f 3678//434 712//435 357//436
f 3678//434 357//436 340//437
f 381//438 313//355 334//384
f 378//439 371//433 374//430
f 303//343 313//355 381//438
f 384//440 383//441 382//442
f 333//443 303//343 381//438
f 378//439 432//444 371//433
f 388//445 415//446 376//431
f 387//447 379//427 398//448
f 238//285 243//290 300//361
f 243//290 390//449 300//361
f 383//450 340//437 384//451
f 357//436 383//452 384//453
f 393//454 394//455 391//456
f 391//457 384//440 382//442
f 391//458 384//451 340//437
f 357//436 384//453 391//459
f 382//442 393//454 391//457
f 391//458 340//437 393//460
f 388//445 376//431 371//433
f 393//460 340//437 357//436
f 391//459 393//460 357//436
f 389//461 398//448 377//462
f 408//463 402//464 340//437
f 339//429 381//438 358//421
f 300//361 390//449 386//465
f 390//449 434//289 1212//466
f 381//438 339//429 333//443
f 354//425 375//390 352//467
f 397//468 340//437 402//464
f 375//390 337//389 331//348
f 375//390 331//348 396//401
f 399//424 276//320 268//317
f 395//469 371//433 432//444
f 3414//470 1179//471 360//417
f 386//465 401//472 300//361
f 388//445 395//469 415//446
f 404//473 357//436 400//474
f 386//465 405//475 401//472
f 268//317 372//399 348//423
f 402//464 404//476 400//477
f 400//477 404//478 394//455
f 405//475 386//465 1211//479
f 419//480 414//481 349//407
f 363//418 360//417 417//482
f 127//149 377//462 379//427
f 379//427 377//462 398//448
f 408//483 383//484 394//455
f 399//424 348//423 209//263
f 375//390 396//401 352//467
f 399//424 209//263 409//485
f 408//486 357//436 404//473
f 3332//487 385//414 403//488
f 383//484 384//489 394//455
f 384//489 391//456 394//455
f 340//437 383//450 408//463
f 399//424 278//325 276//320
f 408//486 383//452 357//436
f 402//464 408//463 404//476
f 408//490 382//442 383//441
f 345//403 403//488 385//414
f 400//474 382//442 404//491
f 408//483 394//455 404//478
f 410//492 349//407 365//408
f 394//455 393//454 382//442
f 408//490 404//491 382//442
f 412//428 283//362 300//361
f 371//433 395//469 388//445
f 414//481 413//493 455//385
f 406//494 381//438 334//384
f 275//432 376//431 415//446
f 381//438 406//494 358//421
f 275//432 415//446 298//350
f 361//419 358//421 406//494
f 403//488 345//403 363//418
f 414//481 455//385 416//387
f 407//495 389//461 392//496
f 387//447 398//448 407//495
f 348//423 237//288 209//263
f 398//448 389//461 407//495
f 392//496 418//497 407//495
f 275//432 3703//498 374//430
f 416//387 349//407 414//481
f 372//399 237//288 348//423
f 417//482 403//488 363//418
f 419//480 1270//499 414//481
f 292//334 294//333 420//500
f 349//407 410//492 419//480
f 426//501 417//482 423//502
f 294//333 421//503 420//500
f 327//376 330//378 247//292
f 417//482 360//417 1210//504
f 258//298 324//372 323//374
f 417//482 1210//504 423//502
f 415//446 395//469 447//505
f 400//474 357//436 712//435
f 400//477 394//455 402//464
f 399//424 427//506 278//325
f 1237//507 397//468 402//464
f 278//325 427//506 688//508
f 425//509 83//132 323//374
f 417//482 426//501 403//488
f 323//374 83//132 258//298
f 409//485 427//506 399//424
f 227//270 394//455 382//442
f 342//406 227//270 382//442
f 395//469 432//444 474//510
f 169//204 430//222 431//368
f 427//506 409//485 718//511
f 291//340 290//243 278//325
f 400//474 1272//512 382//442
f 291//340 278//325 688//508
f 180//224 169//204 431//368
f 434//289 342//406 382//442
f 433//513 429//514 425//509
f 409//485 214//265 718//511
f 409//485 209//263 214//265
f 434//289 240//271 342//406
f 434//289 390//449 243//290
f 372//399 373//309 237//288
f 367//415 364//416 424//515
f 367//415 424//515 435//422
f 437//516 431//368 430//222
f 720//517 422//344 333//443
f 3708//518 432//444 3702//519
f 3702//519 432//444 378//439
f 319//337 440//520 288//338
f 416//387 455//385 261//266
f 330//378 433//513 425//509
f 433//513 449//521 429//514
f 323//374 330//378 425//509
f 440//520 319//337 455//385
f 430//222 439//522 437//516
f 437//516 445//366 431//368
f 333//443 422//344 303//343
f 424//515 364//416 387//447
f 445//366 467//523 442//524
f 364//416 379//427 387//447
f 424//515 387//447 462//525
f 437//516 467//523 445//366
f 428//526 444//527 443//528
f 428//526 438//529 444//527
f 488//530 424//515 462//525
f 438//529 428//526 584//531
f 442//524 446//532 445//366
f 452//152 448//533 293//534
f 395//469 474//510 447//505
f 318//364 445//366 321//381
f 327//376 244//277 279//306
f 327//376 279//306 449//521
f 294//333 293//534 448//533
f 447//505 298//350 415//446
f 318//364 306//346 445//366
f 449//521 433//513 330//378
f 274//535 275//432 298//350
f 441//218 1362//536 1184//537
f 448//533 452//152 450//538
f 449//521 330//378 327//376
f 441//218 455//385 413//493
f 455//385 441//218 440//520
f 439//522 453//539 437//516
f 314//383 454//540 334//384
f 298//350 447//505 463//541
f 298//350 463//541 307//351
f 507//542 387//447 407//495
f 461//543 3368//544 529//545
f 461//543 529//545 465//546
f 467//523 437//516 453//539
f 451//547 467//523 453//539
f 451//547 458//548 467//523
f 475//549 313//355 294//333
f 294//333 448//533 475//549
f 428//526 470//550 579//551
f 500//552 469//553 468//554
f 474//510 432//444 3708//518
f 471//555 3205//556 472//557
f 449//521 279//306 459//558
f 170//209 177//226 477//559
f 174//214 170//209 477//559
f 479//560 477//559 177//226
f 424//515 488//530 476//561
f 424//515 476//561 435//422
f 474//510 463//541 447//505
f 481//562 477//559 479//560
f 463//541 487//563 464//564
f 482//565 484//566 489//371
f 485//567 486//568 411//569
f 469//570 501//571 468//572
f 469//570 508//573 501//571
f 332//402 331//348 484//566
f 474//510 473//574 487//563
f 304//349 484//566 331//348
f 484//566 304//349 489//371
f 490//575 429//514 480//576
f 1304//577 486//568 2009//578
f 475//549 314//383 313//355
f 457//579 314//383 475//549
f 463//541 474//510 487//563
f 500//552 508//573 495//580
f 429//514 449//521 459//558
f 498//581 488//530 462//525
f 454//540 508//573 469//570
f 480//576 429//514 459//558
f 496//582 352//467 396//401
f 494//583 1001//584 496//582
f 498//581 672//585 488//530
f 490//575 480//576 365//408
f 666//586 488//530 672//585
f 496//582 380//587 352//467
f 365//408 480//576 504//588
f 499//589 451//547 503//590
f 491//591 492//592 493//593
f 502//594 505//595 482//565
f 488//530 483//596 476//561
f 502//594 509//597 505//595
f 504//588 480//576 459//558
f 459//558 506//598 504//588
f 387//447 507//542 462//525
f 507//542 407//495 418//497
f 475//549 448//533 450//538
f 507//542 525//599 462//525
f 505//595 332//402 484//566
f 505//595 484//566 482//565
f 396//401 332//402 505//595
f 501//571 508//573 500//552
f 505//595 496//582 396//401
f 506//598 279//306 618//600
f 502//594 482//565 489//371
f 535//601 451//547 499//589
f 279//306 506//598 459//558
f 454//540 475//549 511//602
f 496//582 505//595 509//597
f 494//583 496//582 509//597
f 690//603 525//599 507//542
f 512//604 497//605 486//568
f 503//590 497//605 512//604
f 83//132 425//509 84//133
f 489//371 714//606 502//594
f 492//592 491//591 188//236
f 993//607 494//583 509//597
f 507//542 418//497 516//608
f 592//609 516//608 418//497
f 503//590 512//604 499//589
f 530//610 499//589 512//604
f 518//611 491//591 493//593
f 514//612 425//509 429//514
f 491//591 177//226 188//236
f 515//613 428//526 443//528
f 177//226 491//591 518//611
f 470//550 428//526 515//613
f 1250//614 426//501 485//567
f 462//525 525//599 498//581
f 518//611 522//615 526//616
f 486//568 485//567 530//610
f 485//567 523//617 530//610
f 518//611 493//593 522//615
f 522//615 492//592 541//618
f 493//593 492//592 522//615
f 300//361 514//612 412//428
f 412//428 514//612 490//575
f 498//581 525//599 671//619
f 401//472 514//612 300//361
f 514//612 429//514 490//575
f 856//620 523//617 520//621
f 513//622 425//509 514//612
f 513//622 84//133 425//509
f 527//623 513//622 514//612
f 3369//624 529//545 3368//544
f 457//579 475//549 454//540
f 466//625 465//546 528//626
f 529//545 3369//624 471//555
f 527//623 540//627 513//622
f 527//623 514//612 401//472
f 401//472 405//475 527//623
f 471//555 472//557 529//545
f 530//610 456//628 458//548
f 528//626 465//546 529//545
f 528//626 529//545 478//629
f 535//601 499//589 530//610
f 530//610 458//548 535//601
f 454//540 511//602 510//630
f 335//388 531//631 532//632
f 508//573 454//540 510//630
f 301//367 548//633 536//329
f 532//632 1122//634 335//388
f 362//412 539//635 341//397
f 540//627 84//133 513//622
f 451//547 535//601 458//548
f 540//627 201//241 84//133
f 520//621 523//617 485//567
f 486//568 530//610 512//604
f 210//247 201//241 540//627
f 456//628 530//610 523//617
f 856//620 456//628 523//617
f 549//636 534//637 537//638
f 492//592 188//236 541//618
f 210//247 543//639 542//640
f 210//247 540//627 543//639
f 541//618 188//236 191//237
f 191//237 197//242 541//618
f 536//329 277//323 301//367
f 536//329 377//462 127//149
f 539//635 335//388 341//397
f 528//626 534//637 545//641
f 526//616 541//618 197//242
f 541//618 526//616 522//615
f 127//149 114//158 536//329
f 478//629 534//637 528//626
f 547//642 546//262 436//643
f 256//324 536//329 114//158
f 547//642 436//643 614//644
f 586//645 547//642 564//646
f 527//623 543//639 540//627
f 299//379 565//647 548//633
f 537//638 538//648 549//636
f 299//379 548//633 301//367
f 405//475 543//639 527//623
f 531//631 335//388 539//635
f 479//560 177//226 518//611
f 558//649 479//560 518//611
f 518//611 526//616 558//649
f 551//650 377//462 548//633
f 549//636 545//641 534//637
f 377//462 536//329 548//633
f 438//529 552//651 444//527
f 389//461 377//462 551//650
f 538//648 583//652 549//636
f 392//496 389//461 551//650
f 550//357 544//653 19//654
f 720//517 495//580 508//573
f 461//543 553//655 460//656
f 450//538 200//151 555//657
f 392//496 551//650 533//658
f 559//659 460//656 553//655
f 559//659 3387//660 460//656
f 3090//661 557//662 519//663
f 138//167 550//357 19//654
f 138//167 19//654 26//168
f 563//664 553//655 466//625
f 562//665 557//662 3102//666
f 553//655 465//546 466//625
f 412//428 490//575 365//408
f 553//655 461//543 465//546
f 565//647 556//667 551//650
f 554//668 552//651 561//669
f 554//668 444//527 552//651
f 555//657 569//670 475//549
f 475//549 450//538 555//657
f 553//655 563//664 572//671
f 562//665 573//672 557//662
f 572//671 559//659 553//655
f 511//602 475//549 569//670
f 557//662 573//672 517//673
f 443//528 554//668 570//674
f 577//675 572//671 563//664
f 100//137 574//676 122//150
f 43//38 4//677 566//678
f 466//625 528//626 545//641
f 19//654 544//653 575//679
f 444//527 554//668 443//528
f 4//677 14//680 575//679
f 466//625 545//641 563//664
f 575//679 26//168 19//654
f 577//675 563//664 576//681
f 565//647 551//650 548//633
f 625//682 556//667 565//647
f 576//681 563//664 545//641
f 519//663 557//662 517//673
f 572//671 577//675 589//683
f 549//636 583//652 576//681
f 576//681 545//641 549//636
f 575//679 544//653 4//677
f 584//531 428//526 579//551
f 544//653 582//684 616//685
f 581//686 584//531 579//551
f 550//357 582//684 544//653
f 506//598 568//687 410//492
f 504//588 506//598 410//492
f 410//492 365//408 504//588
f 550//357 138//167 310//332
f 481//562 479//560 558//649
f 633//688 481//562 558//649
f 614//644 564//646 547//642
f 584//531 590//689 438//529
f 583//652 577//675 576//681
f 410//492 568//687 645//690
f 586//645 560//691 588//692
f 519//663 578//693 580//694
f 551//650 556//667 533//658
f 315//360 321//381 585//363
f 519//663 580//694 594//66
f 582//684 595//695 616//685
f 591//696 594//66 580//694
f 596//697 583//652 538//648
f 320//370 607//698 489//371
f 519//663 517//673 578//693
f 582//684 550//357 587//356
f 588//692 560//691 558//649
f 346//405 574//676 600//699
f 346//405 13//197 574//676
f 346//405 100//137 13//197
f 418//497 392//496 598//700
f 418//497 598//700 592//609
f 13//197 122//150 574//676
f 574//676 100//137 600//699
f 598//700 392//496 602//701
f 361//419 100//137 347//404
f 604//702 580//694 578//693
f 392//496 533//658 602//701
f 556//667 602//701 533//658
f 598//700 602//701 605//703
f 517//673 606//704 578//693
f 590//689 611//705 926//706
f 603//707 598//700 605//703
f 601//708 600//699 652//709
f 611//705 590//689 584//531
f 610//710 299//379 351//413
f 547//642 586//645 546//262
f 595//695 321//381 609//711
f 321//381 445//366 446//532
f 586//645 564//646 560//691
f 597//712 583//652 596//697
f 581//686 611//705 584//531
f 611//705 581//686 705//713
f 583//652 597//712 612//714
f 100//137 361//419 600//699
f 359//420 361//419 347//404
f 477//559 481//562 615//715
f 898//716 477//559 615//715
f 613//717 566//678 4//677
f 613//717 4//677 544//653
f 544//653 616//685 613//717
f 614//644 615//715 481//562
f 589//683 577//675 583//652
f 613//717 616//685 691//718
f 299//379 610//710 565//647
f 106//92 80//129 617//719
f 320//370 328//380 607//698
f 80//129 566//678 617//719
f 626//720 617//719 566//678
f 118//146 119//97 620//721
f 119//97 106//92 620//721
f 621//722 487//563 473//574
f 620//721 106//92 623//723
f 506//598 618//600 669//724
f 619//725 610//710 351//413
f 624//726 610//710 619//725
f 106//92 617//719 623//723
f 481//562 633//688 614//644
f 470//550 621//722 579//551
f 579//551 621//722 3710//727
f 610//710 624//726 565//647
f 566//678 802//728 626//720
f 13//197 204//196 122//150
f 624//726 625//682 565//647
f 1845//322 618//600 279//306
f 624//726 632//729 625//682
f 618//600 1845//322 1877//730
f 560//691 633//688 558//649
f 623//723 617//719 631//731
f 627//732 621//722 470//550
f 630//733 1046//734 914//735
f 515//613 627//732 470//550
f 621//722 627//732 1634//736
f 635//737 556//667 625//682
f 585//363 321//381 595//695
f 625//682 632//729 635//737
f 585//363 595//695 310//332
f 579//551 636//738 581//686
f 587//356 310//332 595//695
f 635//737 632//729 728//739
f 419//480 645//690 638//740
f 564//646 633//688 560//691
f 564//646 614//644 633//688
f 515//613 443//528 649//741
f 436//643 647//264 642//742
f 642//742 647//264 640//743
f 591//696 604//702 622//744
f 582//684 587//356 595//695
f 591//696 580//694 604//702
f 616//685 595//695 691//718
f 515//613 649//741 651//745
f 419//480 410//492 645//690
f 628//746 629//747 643//748
f 242//287 647//264 237//288
f 647//264 209//263 237//288
f 644//749 524//750 1148//751
f 643//748 629//747 648//752
f 644//749 521//753 524//750
f 649//741 443//528 637//754
f 546//262 647//264 436//643
f 204//196 207//206 122//150
f 586//645 214//265 546//262
f 624//726 619//725 655//755
f 521//753 644//749 651//745
f 351//413 641//756 619//725
f 604//702 656//757 622//744
f 641//756 655//755 619//725
f 406//494 339//429 652//709
f 595//695 609//711 646//758
f 646//758 609//711 659//759
f 599//760 639//761 593//762
f 645//690 568//687 638//740
f 609//711 321//381 446//532
f 605//703 602//701 661//763
f 602//701 556//667 661//763
f 638//740 568//687 639//761
f 662//764 663//765 659//759
f 661//763 556//667 635//737
f 635//737 748//766 661//763
f 446//532 442//524 662//764
f 662//764 659//759 609//711
f 664//767 483//596 666//586
f 639//761 685//768 696//769
f 658//770 647//264 242//287
f 446//532 662//764 609//711
f 578//693 606//704 604//702
f 652//709 361//419 406//494
f 678//771 339//429 406//494
f 704//772 600//699 601//708
f 242//287 796//773 658//770
f 649//741 521//753 651//745
f 652//709 600//699 361//419
f 483//596 488//530 666//586
f 568//687 506//598 669//724
f 665//774 640//743 658//770
f 674//775 666//586 672//585
f 647//264 658//770 640//743
f 2573//776 436//643 683//777
f 670//778 601//708 652//709
f 692//779 673//780 677//781
f 354//425 675//782 366//391
f 669//724 593//762 568//687
f 669//724 599//760 593//762
f 406//494 334//384 678//771
f 2062//783 664//767 679//784
f 454//540 678//771 334//384
f 664//767 666//586 679//784
f 469//570 678//771 454//540
f 573//672 681//785 517//673
f 669//724 618//600 710//786
f 691//718 595//695 646//758
f 568//687 593//762 639//761
f 640//743 683//777 642//742
f 680//787 650//788 653//789
f 680//787 676//790 650//788
f 640//743 686//791 683//777
f 685//768 599//760 669//724
f 672//585 671//619 674//775
f 687//792 691//718 646//758
f 682//793 606//704 517//673
f 517//673 681//785 682//793
f 639//761 599//760 685//768
f 646//758 659//759 687//792
f 521//753 649//741 667//794
f 681//785 573//672 693//795
f 694//796 495//580 670//797
f 650//788 657//798 653//789
f 692//779 693//795 673//780
f 469//553 495//580 468//799
f 694//796 468//799 495//580
f 469//570 468//800 670//797
f 694//796 670//797 468//800
f 670//797 678//771 469//570
f 469//553 500//552 495//580
f 468//554 694//801 500//552
f 468//572 501//571 694//801
f 693//795 692//779 681//785
f 702//802 606//704 682//793
f 682//793 681//785 692//779
f 682//793 692//779 702//802
f 685//768 669//724 710//786
f 677//781 702//802 692//779
f 685//768 710//786 696//769
f 507//542 689//803 690//603
f 699//804 667//794 637//754
f 667//794 649//741 637//754
f 702//802 779//805 774//806
f 689//803 507//542 516//608
f 687//792 659//759 684//807
f 573//672 3564//808 693//795
f 670//778 652//709 704//772
f 691//718 687//792 684//807
f 691//718 684//807 697//809
f 684//807 709//810 697//809
f 606//704 660//811 604//702
f 2551//812 794//813 719//814
f 689//803 713//815 671//619
f 706//816 581//686 636//738
f 706//816 705//713 581//686
f 690//603 689//803 671//619
f 1237//507 394//455 701//817
f 697//809 709//810 613//717
f 291//340 688//508 698//818
f 613//717 691//718 697//809
f 698//818 197//242 291//340
f 526//616 197//242 698//818
f 696//769 710//786 695//819
f 618//600 711//820 710//786
f 704//772 370//426 346//405
f 498//581 671//619 672//585
f 370//426 704//772 339//429
f 704//772 346//405 600//699
f 671//619 525//599 690//603
f 339//429 704//772 652//709
f 698//818 688//508 588//692
f 704//772 601//708 670//778
f 678//771 333//443 339//429
f 678//771 495//580 333//443
f 586//645 588//692 688//508
f 526//616 698//818 588//692
f 526//616 588//692 558//649
f 634//821 696//769 695//819
f 715//822 709//810 684//807
f 719//814 713//815 689//803
f 701//817 680//787 653//789
f 701//817 653//789 1255//823
f 790//824 705//713 784//825
f 671//619 713//815 674//775
f 427//506 718//511 688//508
f 688//508 718//511 586//645
f 678//771 670//797 495//580
f 500//552 694//801 501//571
f 689//803 703//826 719//814
f 508//573 510//630 720//517
f 720//517 510//630 511//602
f 457//579 454//540 314//383
f 586//645 718//511 214//265
f 634//821 639//761 696//769
f 511//602 569//670 720//517
f 720//517 333//443 495//580
f 722//827 657//798 650//788
f 723//828 700//829 722//830
f 705//713 790//824 608//831
f 720//517 569//670 726//832
f 608//831 611//705 705//713
f 726//832 2844//833 720//517
f 613//717 709//810 746//834
f 713//815 719//814 794//813
f 715//822 746//834 709//810
f 634//821 695//819 717//835
f 632//729 624//726 655//755
f 695//819 710//786 711//820
f 729//836 731//837 727//838
f 538//648 537//638 32//23
f 2250//839 973//840 708//841
f 735//842 684//807 659//759
f 659//759 663//765 735//842
f 3665//843 733//844 3662//845
f 733//844 139//165 3662//845
f 982//846 708//841 973//840
f 741//847 596//697 538//648
f 733//844 738//170 139//165
f 735//842 715//822 684//807
f 735//842 663//765 737//848
f 730//849 742//850 723//828
f 744//851 730//849 745//852
f 722//830 700//829 744//851
f 736//853 706//816 743//854
f 722//827 744//855 657//798
f 657//798 744//855 745//856
f 733//844 740//857 738//170
f 715//822 716//858 746//834
f 745//852 730//849 723//828
f 744//859 745//852 723//828
f 722//830 744//859 723//828
f 733//844 724//860 740//857
f 654//861 657//798 745//856
f 654//861 745//856 650//788
f 745//856 744//862 650//788
f 722//827 650//788 744//862
f 730//863 653//789 657//798
f 730//863 657//798 654//861
f 653//789 730//863 654//861
f 706//816 736//853 705//713
f 714//606 509//597 502//594
f 728//739 748//766 635//737
f 632//729 760//864 728//739
f 759//865 727//838 751//866
f 741//847 739//867 597//712
f 727//838 759//865 729//836
f 763//58 538//648 32//23
f 714//606 754//868 1083//869
f 628//746 795//870 755//871
f 655//755 760//864 632//729
f 733//844 721//872 724//860
f 741//847 538//648 763//58
f 760//864 655//755 753//873
f 753//873 655//755 641//756
f 763//58 32//23 45//33
f 740//857 724//860 761//874
f 728//739 760//864 765//875
f 874//876 2640//877 761//874
f 802//728 613//717 746//834
f 748//766 728//739 765//875
f 666//586 765//875 679//784
f 666//586 674//775 765//875
f 751//866 727//838 767//878
f 758//879 756//880 734//881
f 674//775 750//882 765//875
f 713//815 750//882 674//775
f 458//548 770//883 771//884
f 771//884 467//523 458//548
f 736//853 743//854 1792//885
f 663//765 771//884 737//848
f 663//765 662//764 771//884
f 771//884 662//764 442//524
f 467//523 771//884 442//524
f 739//867 766//886 612//714
f 748//766 765//875 750//882
f 735//842 737//848 716//858
f 612//714 597//712 739//867
f 739//867 741//847 778//57
f 763//58 778//57 741//847
f 765//875 772//887 679//784
f 764//888 752//889 762//890
f 792//891 751//866 764//888
f 757//892 754//868 773//893
f 751//866 752//889 764//888
f 868//894 660//811 774//806
f 606//704 774//806 660//811
f 774//806 606//704 702//802
f 777//895 764//888 776//896
f 739//867 70//56 766//886
f 775//897 747//898 755//871
f 775//897 927//899 747//898
f 739//867 778//57 70//56
f 715//822 735//842 716//858
f 732//900 730//849 775//897
f 746//834 716//858 802//728
f 927//899 653//789 654//861
f 779//805 785//901 774//806
f 753//873 2100//902 772//887
f 760//864 772//887 765//875
f 768//275 758//879 780//903
f 758//879 734//881 780//903
f 734//881 736//853 1792//885
f 783//904 782//905 716//858
f 769//906 810//907 796//773
f 702//802 677//781 779//805
f 784//825 705//713 736//853
f 708//841 784//825 756//880
f 784//825 708//841 790//824
f 781//908 612//714 766//886
f 868//894 774//806 785//901
f 775//897 755//871 732//900
f 784//825 734//881 756//880
f 766//886 788//909 781//908
f 734//881 784//825 736//853
f 597//712 596//697 741//847
f 786//910 953//911 785//901
f 753//873 772//887 760//864
f 786//910 779//805 787//912
f 763//58 46//31 778//57
f 757//892 773//893 786//910
f 766//886 70//56 788//909
f 788//909 70//56 791//913
f 794//813 603//707 605//703
f 779//805 786//910 785//901
f 732//900 742//850 730//849
f 860//914 752//889 751//866
f 654//861 725//915 927//899
f 764//888 777//895 792//891
f 607//698 328//380 803//916
f 750//882 713//815 748//766
f 799//917 796//773 810//907
f 748//766 713//815 794//813
f 605//703 661//763 794//813
f 794//813 661//763 748//766
f 789//918 798//919 3303//920
f 777//895 776//896 797//921
f 328//380 311//377 798//919
f 798//919 789//918 328//380
f 800//922 790//824 708//841
f 708//841 950//923 800//922
f 814//924 815//925 804//926
f 814//924 804//926 806//927
f 805//928 806//927 804//926
f 260//286 224//307 769//906
f 805//929 811//930 806//931
f 806//932 800//922 805//933
f 811//930 807//934 800//922
f 811//930 814//935 806//931
f 769//906 796//773 260//286
f 807//936 805//928 804//926
f 805//929 807//934 811//930
f 807//934 805//933 800//922
f 608//831 790//824 807//936
f 790//824 817//937 807//936
f 816//938 804//926 815//925
f 796//773 242//287 260//286
f 805//939 807//936 817//937
f 808//940 1004//941 797//921
f 807//936 941//942 608//831
f 594//66 591//696 183//231
f 809//943 775//897 795//870
f 811//930 804//926 816//938
f 816//938 815//944 811//930
f 761//874 810//907 740//857
f 814//945 806//946 817//937
f 806//946 805//939 817//937
f 814//945 817//947 818//948
f 70//56 793//949 791//913
f 816//950 815//951 819//952
f 817//937 819//952 815//951
f 817//937 815//951 814//945
f 817//947 814//953 820//954
f 810//907 769//906 738//170
f 818//948 820//954 814//945
f 820//954 814//945 821//955
f 822//956 814//957 820//954
f 814//957 800//922 806//932
f 793//949 70//56 68//63
f 820//954 818//948 817//947
f 821//955 822//956 820//954
f 816//950 819//952 823//958
f 819//952 817//937 790//824
f 793//949 68//63 869//959
f 738//170 740//857 810//907
f 790//824 823//958 819//952
f 790//824 821//955 815//960
f 814//945 815//960 821//955
f 821//955 790//824 822//956
f 811//930 815//944 814//935
f 764//888 808//940 776//896
f 799//917 810//907 761//874
f 816//950 823//958 815//960
f 790//824 815//960 823//958
f 814//957 822//956 800//922
f 790//824 800//922 822//956
f 776//896 808//940 797//921
f 825//961 793//949 972//962
f 566//678 613//717 802//728
f 793//949 825//961 791//913
f 827//963 840//964 788//909
f 29//12 15//965 826//966
f 826//966 824//967 880//968
f 1035//969 802//728 716//858
f 15//965 2001//970 826//966
f 737//848 829//971 783//904
f 791//913 825//961 827//963
f 737//848 783//904 716//858
f 789//918 3303//920 891//972
f 891//972 803//916 789//918
f 827//963 788//909 791//913
f 612//714 781//908 833//973
f 891//972 832//974 803//916
f 612//714 833//973 583//652
f 835//975 589//683 833//973
f 832//974 591//696 803//916
f 833//973 589//683 583//652
f 792//891 942//976 759//865
f 838//977 29//12 839//978
f 737//848 771//884 829//971
f 183//231 103//128 594//66
f 183//231 591//696 832//974
f 803//916 622//744 607//698
f 591//696 622//744 803//916
f 759//865 751//866 792//891
f 840//964 833//973 781//908
f 759//865 841//979 729//836
f 841//979 843//980 729//836
f 834//981 833//973 840//964
f 328//380 789//918 803//916
f 833//973 834//981 835//975
f 781//908 788//909 840//964
f 843//980 731//837 729//836
f 656//757 607//698 622//744
f 840//964 827//963 828//982
f 840//964 828//982 845//983
f 1136//984 845//983 828//982
f 849//985 759//865 942//976
f 849//985 841//979 759//865
f 836//986 837//987 42//34
f 44//29 836//986 42//34
f 847//988 839//978 29//12
f 848//989 840//964 845//983
f 42//34 837//987 54//50
f 846//990 842//991 830//992
f 795//870 854//993 755//871
f 29//12 826//966 847//988
f 732//900 755//871 854//993
f 834//981 848//989 835//975
f 837//987 836//986 866//994
f 840//964 848//989 834//981
f 842//991 1753//995 830//992
f 775//897 854//993 795//870
f 837//987 866//994 875//996
f 861//997 837//987 875//996
f 861//997 54//50 837//987
f 812//998 762//890 860//914
f 862//999 865//1000 863//1001
f 860//914 751//866 930//1002
f 861//997 228//48 54//50
f 762//890 752//889 860//914
f 864//1003 589//683 835//975
f 864//1003 835//975 857//1004
f 854//993 858//1005 859//1006
f 749//1007 1757//1008 842//991
f 857//1004 835//975 848//989
f 838//977 839//978 847//988
f 857//1004 2475//1009 864//1003
f 856//620 850//1010 855//1011
f 775//897 924//1012 854//993
f 869//959 68//63 876//187
f 856//620 520//621 850//1010
f 68//63 130//156 876//187
f 656//757 660//811 865//1000
f 25//13 29//12 838//977
f 878//1013 667//794 804//926
f 733//844 838//977 847//988
f 733//844 847//988 721//872
f 867//1014 667//794 878//1013
f 870//1015 852//1016 856//620
f 656//757 865//1000 862//999
f 866//994 175//210 875//996
f 873//1017 869//959 876//187
f 980//1018 873//1017 892//1019
f 761//874 724//860 874//876
f 870//1015 853//1020 852//1016
f 724//860 721//872 874//876
f 175//210 872//1021 875//996
f 868//894 865//1000 660//811
f 656//757 604//702 660//811
f 870//1015 856//620 855//1011
f 853//1020 879//1022 852//1016
f 853//1020 770//883 879//1022
f 699//804 804//926 667//794
f 721//872 847//988 880//968
f 829//971 770//883 853//1020
f 721//872 880//968 874//876
f 829//971 771//884 770//883
f 921//1023 844//1024 862//999
f 861//997 875//996 872//1021
f 847//988 826//966 880//968
f 879//1022 856//620 852//1016
f 879//1022 456//628 856//620
f 456//628 879//1022 770//883
f 770//883 458//548 456//628
f 872//1021 226//261 861//997
f 226//261 228//48 861//997
f 656//757 862//999 844//1024
f 738//170 769//906 369//166
f 224//307 373//309 369//166
f 369//166 769//906 224//307
f 886//1025 970//1026 919//1027
f 884//1028 872//1021 882//1029
f 799//917 761//874 889//1030
f 223//274 884//1028 888//1031
f 799//917 889//1030 887//1032
f 885//1033 863//1001 868//894
f 865//1000 868//894 863//1001
f 884//1028 223//274 872//1021
f 326//375 223//274 888//1031
f 665//774 887//1032 686//791
f 686//791 640//743 665//774
f 889//1030 686//791 887//1032
f 351//413 326//375 888//1031
f 889//1030 2750//1034 686//791
f 872//1021 223//274 226//261
f 876//187 877//1035 873//1017
f 878//1013 897//1036 867//1014
f 175//210 174//214 882//1029
f 890//1037 883//1038 1045//1039
f 883//1038 890//1037 881//1040
f 882//1029 872//1021 175//210
f 892//1019 873//1017 877//1035
f 796//773 665//774 658//770
f 894//1041 884//1028 893//1042
f 925//1043 881//1040 890//1037
f 796//773 799//917 665//774
f 894//1041 888//1031 884//1028
f 799//917 887//1032 665//774
f 888//1031 894//1041 641//756
f 888//1031 641//756 351//413
f 980//1018 892//1019 1009//1044
f 891//972 171//216 179//223
f 811//930 1089//1045 897//1036
f 895//1046 867//1014 897//1036
f 792//891 777//895 871//1047
f 898//716 174//214 477//559
f 832//974 891//972 251//291
f 891//972 179//223 251//291
f 174//214 898//716 893//1042
f 882//1029 174//214 893//1042
f 901//1048 900//1049 899//1050
f 723//828 742//850 700//829
f 730//849 744//851 700//829
f 884//1028 882//1029 893//1042
f 700//829 742//850 732//900
f 893//1042 898//716 905//1051
f 903//1052 900//1049 901//1048
f 914//735 1045//1039 906//1053
f 898//716 615//715 905//1051
f 881//1040 925//1043 906//1053
f 753//873 893//1042 905//1051
f 753//873 894//1041 893//1042
f 753//873 641//756 894//1041
f 897//1036 1089//1045 895//1046
f 878//1013 804//926 897//1036
f 804//926 811//930 897//1036
f 908//1054 862//999 907//1055
f 876//187 902//1056 896//1057
f 149//188 155//199 902//1056
f 876//187 149//188 902//1056
f 909//1058 913//1059 899//1050
f 899//1050 900//1049 909//1058
f 881//1040 906//1053 883//1038
f 913//1059 901//1048 899//1050
f 912//1060 730//849 700//829
f 917//1061 901//1048 913//1059
f 863//1001 907//1055 862//999
f 832//974 251//291 182//230
f 182//230 183//231 832//974
f 908//1054 907//1055 919//1027
f 777//895 797//921 932//1062
f 554//668 561//669 920//1063
f 797//921 969//1064 932//1062
f 999//1065 858//1005 854//993
f 854//993 700//829 732//900
f 700//829 854//993 859//1006
f 999//1065 700//829 859//1006
f 999//1065 918//1066 700//829
f 730//849 912//1060 924//1012
f 775//897 730//849 924//1012
f 924//1012 912//1060 918//1066
f 862//999 908//1054 921//1023
f 552//651 922//1067 561//669
f 922//1067 552//651 926//706
f 919//1027 921//1023 908//1054
f 923//1068 906//1053 925//1043
f 854//993 924//1012 999//1065
f 926//706 552//651 438//529
f 926//706 438//529 590//689
f 653//789 927//899 928//1069
f 918//1066 999//1065 924//1012
f 570//674 554//668 920//1063
f 813//1070 808//940 904//1071
f 885//1033 919//1027 907//1055
f 927//899 809//943 1024//1072
f 907//1055 863//1001 885//1033
f 570//674 920//1063 929//1073
f 775//897 809//943 927//899
f 747//898 927//899 725//915
f 871//1047 860//914 930//1002
f 914//735 906//1053 923//1068
f 929//1073 920//1063 922//1067
f 877//1035 876//187 896//1057
f 877//1035 896//1057 911//1074
f 561//669 922//1067 920//1063
f 1287//1075 942//976 930//1002
f 938//1076 896//1057 902//1056
f 933//1077 910//1078 959//1079
f 935//1080 922//1067 926//706
f 942//976 792//891 871//1047
f 902//1056 155//199 938//1076
f 900//1049 940//1081 936//1082
f 900//1049 903//1052 940//1081
f 938//1076 911//1074 896//1057
f 777//895 932//1062 871//1047
f 942//976 871//1047 930//1002
f 860//914 871//1047 932//1062
f 965//1083 940//1081 903//1052
f 783//904 829//971 853//1020
f 795//870 628//746 944//1084
f 853//1020 949//1085 925//1043
f 489//371 607//698 931//1086
f 936//1082 940//1081 945//1087
f 931//1086 607//698 656//757
f 853//1020 925//1043 783//904
f 931//1086 943//1088 489//371
f 714//606 489//371 943//1088
f 931//1086 656//757 844//1024
f 890//1037 782//905 925//1043
f 783//904 925//1043 782//905
f 911//1074 938//1076 948//1089
f 939//1090 915//1091 916//1092
f 916//1092 933//1077 939//1090
f 947//1093 3683//1094 951//185
f 943//1088 931//1086 773//893
f 853//1020 870//1015 949//1085
f 754//868 714//606 943//1088
f 773//893 754//868 943//1088
f 911//1074 948//1089 952//1095
f 935//1080 608//831 941//942
f 935//1080 611//705 608//831
f 935//1080 926//706 611//705
f 955//1096 935//1080 941//942
f 941//942 954//1097 955//1096
f 955//1096 954//1097 929//1073
f 934//1098 952//1095 948//1089
f 955//1096 929//1073 922//1067
f 955//1096 922//1067 935//1080
f 948//1089 956//1099 934//1098
f 952//1095 962//1100 911//1074
f 961//1101 960//1102 951//185
f 952//1095 934//1098 962//1100
f 892//1019 877//1035 911//1074
f 962//1100 892//1019 911//1074
f 968//1103 951//185 960//1102
f 963//1104 959//1079 910//1078
f 971//1105 958//1106 1850//1107
f 932//1062 937//1108 860//914
f 945//1087 940//1081 965//1083
f 964//1109 971//1105 1850//1107
f 1115//1110 892//1019 962//1100
f 960//1102 967//1111 968//1103
f 960//1102 944//1084 967//1111
f 807//936 699//804 941//942
f 968//1103 967//1111 976//1112
f 954//1097 941//942 699//804
f 699//804 807//936 804//926
f 637//754 954//1097 699//804
f 954//1097 637//754 570//674
f 637//754 443//528 570//674
f 570//674 929//1073 954//1097
f 957//1113 933//1077 959//1079
f 903//1052 901//1048 965//1083
f 628//746 643//748 944//1084
f 964//1109 977//122 971//1105
f 944//1084 643//748 967//1111
f 827//963 825//961 972//962
f 919//1027 885//1033 886//1025
f 1208//1114 965//1083 901//1048
f 966//1115 958//1106 971//1105
f 947//1093 951//185 968//1103
f 931//1086 844//1024 970//1026
f 968//1103 976//1112 946//1116
f 983//1117 972//962 980//1018
f 946//1116 947//1093 968//1103
f 773//893 931//1086 970//1026
f 970//1026 921//1023 919//1027
f 937//1108 932//1062 969//1064
f 982//846 973//840 974//1118
f 970//1026 844//1024 921//1023
f 795//870 944//1084 809//943
f 885//1033 953//911 886//1025
f 868//894 953//911 885//1033
f 953//911 786//910 773//893
f 982//846 950//923 708//841
f 980//1018 869//959 873//1017
f 869//959 980//1018 972//962
f 966//1115 971//1105 981//1119
f 869//959 972//962 793//949
f 950//923 989//1120 1011//1121
f 950//923 1011//1121 1076//1122
f 980//1018 1103//1123 983//1117
f 989//1120 950//923 982//846
f 773//893 886//1025 953//911
f 970//1026 886//1025 773//893
f 945//1087 965//1083 986//1124
f 978//1125 1955//1126 979//1127
f 868//894 785//901 953//911
f 933//1077 984//1128 939//1090
f 1955//1126 978//1125 994//1129
f 989//1120 982//846 974//1118
f 1009//1044 1103//1123 980//1018
f 89//96 971//1105 977//122
f 380//587 2505//1130 352//467
f 989//1120 991//1131 1011//1121
f 974//1118 991//1131 989//1120
f 986//1124 975//1132 987//1133
f 988//1134 764//888 762//890
f 984//1128 933//1077 957//1113
f 1041//1135 2505//1130 380//587
f 1028//1136 764//888 988//1134
f 987//1133 994//1129 986//1124
f 986//1124 978//1125 945//1087
f 986//1124 994//1129 978//1125
f 965//1083 975//1132 986//1124
f 827//963 995//1137 828//982
f 89//96 1002//1138 981//1119
f 1010//1139 1001//584 993//607
f 990//1140 859//1006 858//1005
f 1010//1139 993//607 1147//1141
f 909//1058 997//1142 913//1059
f 1001//584 494//583 993//607
f 981//1119 971//1105 89//96
f 995//1137 1007//1143 1000//1144
f 909//1058 998//1145 997//1142
f 827//963 972//962 995//1137
f 1003//1146 984//1128 957//1113
f 945//1087 1008//1147 936//1082
f 1000//1144 828//982 995//1137
f 998//1145 936//1082 1027//1148
f 900//1049 936//1082 909//1058
f 998//1145 909//1058 936//1082
f 380//587 496//582 1001//584
f 1001//584 1010//1139 985//1149
f 904//1071 1204//1150 996//1151
f 985//1149 380//587 1001//584
f 936//1082 1008//1147 1027//1148
f 998//1145 1015//1152 997//1142
f 859//1006 1026//1153 999//1065
f 89//96 118//146 1002//1138
f 1026//1153 859//1006 990//1140
f 1012//1154 1013//1155 1017//1156
f 892//1019 1007//1143 1009//1044
f 1011//1121 1013//1155 1012//1154
f 1009//1044 1007//1143 1014//1157
f 995//1137 983//1117 1014//1157
f 995//1137 972//962 983//1117
f 937//1108 812//998 860//914
f 620//721 623//723 1018//1158
f 808//940 813//1070 1004//941
f 1007//1143 995//1137 1014//1157
f 904//1071 996//1151 1004//941
f 1004//941 813//1070 904//1071
f 1069//1159 1025//1160 1017//1156
f 1029//1161 858//1005 999//1065
f 808//940 1028//1136 904//1071
f 1022//1162 1006//1163 1005//1164
f 808//940 764//888 1028//1136
f 1021//1165 1022//1162 1005//1164
f 1002//1138 118//146 1019//1166
f 1019//1166 118//146 1018//1158
f 620//721 1018//1158 118//146
f 1008//1147 1016//1167 1015//1152
f 1015//1152 1027//1148 1008//1147
f 617//719 1030//1168 631//731
f 988//1134 762//890 812//998
f 1046//734 630//733 1030//1168
f 998//1145 1027//1148 1015//1152
f 999//1065 1026//1153 1029//1161
f 626//720 1030//1168 617//719
f 1029//1169 1047//1170 1129//1171
f 1008//1147 1031//1172 1384//1173
f 1384//1173 1016//1167 1008//1147
f 1033//1174 990//1140 1029//1161
f 1035//969 782//905 890//1037
f 626//720 802//728 1035//969
f 945//1087 978//1125 1008//1147
f 992//1175 985//1149 1010//1139
f 1033//1174 1029//1161 1026//1153
f 985//1149 992//1175 1041//1135
f 1034//1176 1042//1177 988//1134
f 380//587 985//1149 1041//1135
f 1039//1178 1022//1162 1021//1165
f 1041//1135 992//1175 1040//1179
f 1036//1180 1034//1176 988//1134
f 1028//1136 988//1134 1042//1177
f 1028//1136 1042//1177 1032//1181
f 1044//1182 677//781 673//780
f 716//858 782//905 1035//969
f 1025//1160 974//1118 973//840
f 858//1183 1043//1184 1048//1185
f 1045//1039 1035//969 890//1037
f 1030//1168 1035//969 1045//1039
f 990//1140 858//1005 1029//1161
f 673//780 2670//1186 2651//1187
f 914//735 1046//734 1045//1039
f 1049//1188 1044//1182 1060//1189
f 1061//1190 1109//1191 1043//1184
f 1047//1170 1029//1169 1043//1184
f 1043//1184 858//1183 1047//1170
f 1012//1154 1017//1156 1094//1192
f 1045//1039 1046//734 1030//1168
f 1047//1170 858//1183 1048//1185
f 677//781 1044//1182 1049//1188
f 1038//1193 1037//1194 979//1127
f 1034//1176 1053//1195 1042//1177
f 961//1101 1024//1072 960//1102
f 1056//1196 1024//1072 961//1101
f 1051//1197 1039//1178 1054//1198
f 1056//1196 1026//1153 1024//1072
f 978//1125 1037//1194 1008//1147
f 979//1127 1037//1194 978//1125
f 961//1101 951//185 1056//1196
f 973//840 2250//839 2386//1199
f 1055//1200 1052//1201 1060//1189
f 1058//1202 1057//1203 1059//1204
f 1025//1160 1050//1205 1017//1156
f 1056//1196 1033//1174 1026//1153
f 973//840 2386//1199 1050//1205
f 906//1053 1045//1039 883//1038
f 1025//1160 973//840 1050//1205
f 1044//1182 1055//1200 1060//1189
f 626//720 1035//969 1030//1168
f 1053//1195 1036//1180 1065//1206
f 1056//1196 951//185 1085//208
f 1063//1207 767//878 727//838
f 1036//1180 988//1134 1065//1206
f 1056//1196 1085//208 1159//1208
f 1064//1209 1052//1201 1062//1210
f 1064//1209 1060//1189 1052//1201
f 1060//1189 1064//1209 1049//1188
f 1065//1206 1042//1177 1053//1195
f 1053//1195 1130//1211 1036//1180
f 1031//1172 1008//1147 1037//1194
f 1013//1155 1069//1159 1017//1156
f 767//878 930//1002 751//866
f 1037//1194 1038//1193 1068//1212
f 1077//1213 1129//1171 1067//1214
f 1042//1177 1065//1206 1032//1181
f 173//207 3686//219 1067//1214
f 255//335 292//334 280//1215
f 1013//1155 991//1131 1069//1159
f 292//334 693//795 280//1215
f 1013//1155 1011//1121 991//1131
f 930//1002 767//878 1072//1216
f 1069//1159 974//1118 1025//1160
f 974//1118 1069//1159 991//1131
f 1089//1045 811//930 1076//1122
f 1075//1217 693//795 292//334
f 1066//1218 731//837 843//980
f 693//795 1075//1217 673//780
f 811//930 800//922 1076//1122
f 1059//1204 1057//1203 1156//1219
f 1049//1188 779//805 677//781
f 1067//1214 1109//1191 1077//1213
f 1089//1045 1011//1121 1012//1154
f 1073//1220 1071//1221 1074//1222
f 843//980 1078//1223 1066//1218
f 1076//1122 1011//1121 1089//1045
f 1076//1122 800//922 950//923
f 1074//1222 1625//1224 1073//1220
f 1082//1225 1087//1226 1074//1222
f 1086//1227 1098//1228 1072//1216
f 993//607 509//597 1083//869
f 509//597 714//606 1083//869
f 1091//1229 1071//1221 1070//1230
f 2402//1231 1473//1232 1088//1233
f 1091//1229 1090//1234 1093//1235
f 757//892 707//1236 1092//1237
f 1012//1154 1094//1192 1089//1045
f 1090//1234 1091//1229 1107//1238
f 1094//1192 2429//1239 1089//1045
f 1017//1156 1050//1205 1094//1192
f 1090//1234 1082//1225 1074//1222
f 1093//1235 1071//1221 1091//1229
f 1093//1235 1074//1222 1071//1221
f 1096//1240 1095//1241 1099//1242
f 1098//1228 930//1002 1072//1216
f 1074//1222 1093//1235 1090//1234
f 757//892 1092//1237 1097//1243
f 757//892 1097//1243 754//868
f 1129//1171 1085//208 1067//1214
f 1097//1243 1092//1237 1169//1244
f 1023//1245 983//1117 1103//1123
f 1058//1202 1054//1198 1039//1178
f 1103//1123 934//1098 1023//1245
f 962//1100 934//1098 1103//1123
f 1054//1198 1058//1202 1051//1197
f 1059//1204 1051//1197 1058//1202
f 1023//1245 1020//1246 983//1117
f 956//1099 1020//1246 1023//1245
f 3711//1247 1100//1248 1106//1249
f 934//1098 956//1099 1023//1245
f 983//1117 1020//1246 1014//1157
f 3697//1250 3698//1251 1095//1241
f 3698//1251 1111//1252 1095//1241
f 1020//1246 1117//1253 1112//1254
f 1112//1254 1014//1157 1020//1246
f 1083//869 754//868 1097//1243
f 1105//1255 1091//1229 1070//1230
f 1115//1110 1009//1044 1014//1157
f 1115//1110 1014//1157 1112//1254
f 1107//1238 1091//1229 1105//1255
f 1115//1110 1103//1123 1009//1044
f 1115//1110 962//1100 1103//1123
f 295//336 329//382 1114//1256
f 1111//1252 3699//1257 1113//1258
f 1007//1143 892//1019 1115//1110
f 997//1142 1116//1259 913//1059
f 917//1061 913//1059 1116//1259
f 1114//1256 329//382 1120//1260
f 1118//1261 917//1061 1116//1259
f 1115//1110 1112//1254 1117//1253
f 1007//1143 1115//1110 1117//1253
f 956//1099 2507//1262 1020//1246
f 2507//1262 1121//1263 1117//1253
f 1020//1246 2507//1262 1117//1253
f 1120//1260 1142//1264 1114//1256
f 2599//1265 1149//1266 1121//1263
f 1431//1267 1122//634 532//632
f 329//382 1122//634 1120//1260
f 1036//1180 1101//1268 1034//1176
f 329//382 335//388 1122//634
f 1036//1180 2338//1269 1101//1268
f 1124//1270 1095//1241 1111//1252
f 1034//1176 1101//1268 1102//1271
f 1053//1195 1034//1176 1102//1271
f 1126//1272 1118//1261 1116//1259
f 1043//1184 1029//1169 1061//1190
f 1033//1174 1056//1196 1159//1208
f 1032//1181 1128//1273 1028//1136
f 1061//1190 1029//1169 1129//1171
f 295//336 1114//1256 353//410
f 1065//1206 1145//1274 1032//1181
f 1079//1275 1130//1211 1053//1195
f 1131//1276 1119//1277 1126//1272
f 1138//1278 1137//1279 1108//1280
f 828//982 1000//1144 1135//1281
f 1127//1282 1119//1277 1131//1276
f 1137//1279 1138//1278 1183//1283
f 1000//1144 1007//1143 1135//1281
f 1168//1284 1163//1285 1104//1286
f 1136//984 828//982 1135//1281
f 1139//1287 1121//1263 1149//1266
f 1117//1253 1121//1263 1139//1287
f 1051//1197 1104//1286 963//1104
f 1059//1204 1104//1286 1051//1197
f 1051//1197 1022//1162 1039//1178
f 1096//1240 1148//751 1113//1258
f 353//410 1114//1256 1142//1264
f 1142//1264 1164//411 350//353
f 353//410 1142//1264 350//353
f 1156//1219 1141//1288 1143//1289
f 1117//1253 1135//1281 1007//1143
f 1135//1281 1117//1253 1139//1287
f 1065//1206 988//1134 1145//1274
f 988//1134 812//998 1145//1274
f 1174//1290 1010//1139 1146//1291
f 1143//1289 1141//1288 1144//1292
f 1146//1291 1062//1210 1174//1290
f 1141//1288 1577//1293 1144//1292
f 1064//1209 1062//1210 1155//1294
f 1148//751 1096//1240 1099//1242
f 1146//1291 1010//1139 1147//1141
f 1147//1141 1152//1295 1146//1291
f 1113//1258 1124//1270 1111//1252
f 1151//1296 1155//1294 1152//1295
f 1057//1203 1058//1202 1154//1297
f 1118//1261 1126//1272 1119//1277
f 1409//1298 1151//1296 1147//1141
f 1184//537 1109//1191 1067//1214
f 1109//1191 1184//537 1153//1299
f 1161//1300 1154//1297 1158//1301
f 1154//1297 1161//1300 1141//1288
f 1156//1219 1154//1297 1141//1288
f 1156//1219 1057//1203 1154//1297
f 1109//1191 1153//1299 1369//1302
f 1149//1266 2599//1265 1132//1303
f 1149//1266 1125//1304 1123//1305
f 1048//1185 1043//1184 1109//1191
f 1129//1171 1047//1170 1048//1185
f 1149//1266 1123//1305 1139//1287
f 1169//1244 1092//1237 1155//1294
f 1143//1289 1059//1204 1156//1219
f 1149//1266 1132//1303 1125//1304
f 1152//1295 1155//1294 1062//1210
f 1152//1295 1147//1141 1151//1296
f 1154//1297 1058//1202 1158//1301
f 1058//1202 1039//1178 1158//1301
f 1139//1287 1123//1305 1157//1306
f 1369//1302 1129//1171 1372//1307
f 1125//1304 1157//1306 1123//1305
f 1125//1304 1133//1308 1157//1306
f 1152//1295 1062//1210 1146//1291
f 1077//1213 1109//1191 1061//1190
f 1133//1308 2605//1309 1157//1306
f 1077//1213 1061//1190 1129//1171
f 1161//1300 1577//1293 1141//1288
f 1158//1301 1150//1310 1161//1300
f 787//912 1160//1311 1092//1237
f 787//912 1092//1237 707//1236
f 350//353 1164//411 338//400
f 787//912 707//1236 757//892
f 1124//1270 1113//1258 1223//1312
f 1113//1258 1148//751 1223//1312
f 1124//1270 1099//1242 1095//1241
f 786//910 787//912 757//892
f 1165//1313 1163//1285 1166//1314
f 1142//1264 1120//1260 1167//1315
f 1160//1311 787//912 779//805
f 1059//1204 1168//1284 1104//1286
f 1164//411 1142//1264 1167//1315
f 1155//1294 1092//1237 1160//1311
f 1064//1209 1155//1294 1160//1311
f 1183//1283 1138//1278 1170//1316
f 779//805 1049//1188 1160//1311
f 1170//1316 1138//1278 1140//1317
f 1143//1289 1144//1292 1171//1318
f 1064//1209 1160//1311 1049//1188
f 1155//1294 1151//1296 1169//1244
f 1134//1319 1127//1282 1131//1276
f 1079//1275 2368//1320 1080//1321
f 1143//1289 1171//1318 1168//1284
f 1172//1322 1168//1284 1171//1318
f 1168//1284 1172//1322 1176//1323
f 1172//1322 1180//1324 1176//1323
f 1110//1325 1178//1326 1199//1327
f 1182//1328 1178//1326 1110//1325
f 1175//1329 2725//1330 1174//1290
f 1139//1287 1157//1306 1177//1331
f 1032//1181 1079//1275 1080//1321
f 1177//1331 1157//1306 1162//1332
f 1129//1171 1153//1299 1184//537
f 1129//1171 1084//1333 1085//208
f 1106//1249 1188//1334 1186//1335
f 1188//1334 1106//1249 1100//1248
f 1177//1331 1162//1332 1189//1336
f 1188//1334 1100//1248 1110//1325
f 2734//1337 1181//1338 1385//1339
f 1186//1335 1188//1334 1191//1340
f 1188//1334 1194//1341 1191//1340
f 1187//1342 1193//1343 1177//1331
f 1129//1171 1184//537 1084//1333
f 1194//1341 1188//1334 1199//1327
f 1195//1344 1190//1345 1185//1346
f 1084//1333 1159//1208 1085//208
f 1036//1180 1130//1211 2338//1269
f 1079//1275 1053//1195 1102//1271
f 1110//1325 1199//1327 1188//1334
f 1159//1208 1376//1347 1375//1348
f 1198//1349 1196//1350 1190//1345
f 1179//471 1183//1283 1170//1316
f 1201//1351 1202//1352 1200//1353
f 307//351 463//541 1100//1248
f 809//943 944//1084 1024//1072
f 463//541 464//564 1100//1248
f 1140//1317 1731//1354 1203//1355
f 1144//1292 1617//1356 1180//1324
f 360//417 1179//471 1210//504
f 990//1140 928//1069 927//899
f 1210//504 1179//471 1205//1357
f 969//1064 797//921 1206//1358
f 1634//736 487//563 621//722
f 1004//941 996//1151 1206//1358
f 1026//1153 990//1140 1024//1072
f 487//563 1634//736 1207//1359
f 797//921 1004//941 1206//1358
f 1118//1261 1119//1277 1185//1346
f 1118//1261 1185//1346 1208//1114
f 1144//1292 1180//1324 1171//1318
f 1208//1114 917//1061 1118//1261
f 1208//1114 901//1048 917//1061
f 927//899 1024//1072 990//1140
f 1033//1174 1216//1360 990//1140
f 1028//1136 1204//1150 904//1071
f 1205//1357 1179//471 1209//1361
f 1171//1318 1180//1324 1172//1322
f 937//1108 1281//1362 812//998
f 960//1102 1024//1072 944//1084
f 1207//1359 464//564 487//563
f 1211//479 1202//1352 1201//1351
f 1208//1114 975//1132 965//1083
f 1216//1360 928//1069 990//1140
f 390//449 1212//466 1202//1352
f 390//449 1202//1352 1211//479
f 1211//479 386//465 390//449
f 464//564 1207//1359 1313//1363
f 1219//1364 1224//1365 1140//1317
f 1170//1316 1140//1317 1224//1365
f 648//752 2965//1366 1218//1367
f 1213//1368 1215//1369 1214//1370
f 976//1112 1220//1371 3111//1372
f 976//1112 967//1111 1220//1371
f 1219//1364 1140//1317 1203//1355
f 975//1132 1196//1350 987//1133
f 1220//1371 967//1111 1222//1373
f 1190//1345 1208//1114 1185//1346
f 967//1111 1218//1367 1222//1373
f 975//1132 1208//1114 1190//1345
f 648//752 1218//1367 967//1111
f 648//752 967//1111 643//748
f 1225//1374 996//1151 1204//1150
f 1190//1345 1196//1350 975//1132
f 1128//1273 996//1151 1225//1374
f 1179//471 1170//1316 1224//1365
f 1148//751 524//750 1223//1312
f 1233//1375 996//1151 1128//1273
f 1224//1365 1219//1364 1229//1376
f 987//1133 1196//1350 1226//1377
f 1234//1378 1182//1328 1110//1325
f 1209//1361 1179//471 1224//1365
f 1100//1248 1234//1378 1110//1325
f 987//1133 1226//1377 1228//1379
f 1219//1364 1284//1380 1229//1376
f 1067//1214 1085//208 173//207
f 1227//1381 1028//1136 1225//1374
f 1224//1365 1229//1376 1209//1361
f 1100//1248 464//564 1234//1378
f 464//564 1248//1382 1234//1378
f 1231//1383 1225//1374 1204//1150
f 1052//1201 1197//1384 1174//1290
f 1190//1345 1195//1344 1198//1349
f 1175//1329 1174//1290 1197//1384
f 1243//1385 1195//1344 1185//1346
f 712//435 397//468 700//829
f 1232//1386 1205//1357 1209//1361
f 700//829 397//468 912//1060
f 1119//1277 1127//1282 1185//1346
f 1209//1361 1229//1376 1235//1387
f 1232//1386 1209//1361 1235//1387
f 1257//1388 1227//1381 1231//1383
f 1227//1381 1225//1374 1231//1383
f 996//1151 1233//1375 1206//1358
f 1010//1139 1174//1290 992//1175
f 1040//1179 992//1175 1174//1290
f 1237//507 402//464 394//455
f 397//468 1237//507 1236//1389
f 1028//1136 1227//1381 1204//1150
f 857//1004 848//989 1290//1390
f 397//468 1236//1389 1259//1391
f 1052//1201 1174//1290 1062//1210
f 1211//479 1201//1351 1239//1392
f 1231//1383 1204//1150 1217//1393
f 1238//1394 1181//1338 1175//1329
f 1241//1395 1134//1319 1131//1276
f 1227//1381 1240//1396 1217//1393
f 1197//1384 1192//1397 1175//1329
f 1241//1395 1243//1385 1134//1319
f 1211//479 1239//1392 1299//1398
f 1238//1394 1192//1397 1244//1399
f 1237//507 1259//1391 1236//1389
f 1204//1150 1227//1381 1217//1393
f 1234//1378 1124//1270 1242//1400
f 1238//1394 1175//1329 1192//1397
f 1134//1319 1243//1385 1127//1282
f 1234//1378 1099//1242 1124//1270
f 1248//1382 1148//751 1099//1242
f 1232//1386 1254//1401 1205//1357
f 1248//1382 1099//1242 1234//1378
f 411//569 1250//614 485//567
f 411//569 403//488 1250//614
f 403//488 426//501 1250//614
f 1249//1402 1201//1351 1200//1353
f 423//502 1346//1403 426//501
f 1247//1404 1181//1338 1238//1394
f 1176//1323 1180//1324 1617//1356
f 1237//507 701//817 1259//1391
f 1221//1405 1176//1323 1617//1356
f 653//789 1291//1406 1255//823
f 1239//1392 1201//1351 1249//1402
f 1289//1407 1297//1408 1253//1409
f 1240//1396 1227//1381 1257//1388
f 1253//1409 1297//1408 1380//1410
f 1181//1338 1247//1404 1385//1339
f 1145//1274 812//998 1240//1396
f 1145//1274 1240//1396 1257//1388
f 1249//1402 1245//1411 1258//1412
f 1249//1402 1258//1412 1357//1413
f 1256//1414 1234//1378 1302//1415
f 413//493 414//481 1270//499
f 1243//1385 1185//1346 1127//1282
f 1256//1414 1148//751 1248//1382
f 1242//1400 1302//1415 1234//1378
f 1291//1406 397//468 1259//1391
f 1261//1416 1265//1417 413//493
f 1245//1411 1432//1418 1265//1417
f 1245//1411 1265//1417 1261//1416
f 1234//1378 1256//1414 1282//1419
f 1264//1420 1268//1421 1267//1422
f 1248//1382 464//564 1256//1414
f 1264//1420 1269//1423 1268//1421
f 1086//1227 1088//1233 1262//1424
f 1219//1364 1269//1423 1284//1380
f 1268//1421 1219//1364 1203//1355
f 1268//1421 1203//1355 1267//1422
f 1292//1425 1294//1426 1260//1427
f 1131//1276 1126//1272 1241//1395
f 1264//1420 1263//1428 1269//1423
f 1270//499 1261//1416 413//493
f 1268//1421 1269//1423 1219//1364
f 1259//1391 701//817 1255//823
f 420//500 2764//1429 292//334
f 1223//1312 1242//1400 1124//1270
f 434//289 382//442 1272//512
f 1176//1323 1271//1430 1215//1369
f 638//740 1270//499 419//480
f 1365//1431 1275//1432 1261//1416
f 1261//1416 1275//1432 1245//1411
f 1126//1272 1173//1433 1241//1395
f 1192//1397 1274//1434 1244//1399
f 1258//1412 1245//1411 1275//1432
f 1233//1375 1759//1435 969//1064
f 969//1064 1206//1358 1233//1375
f 1267//1422 1277//1436 1264//1420
f 1281//1362 1217//1393 1240//1396
f 1264//1420 1277//1436 1276//1437
f 1241//1395 1266//1438 1243//1385
f 1271//1430 1176//1323 1221//1405
f 1241//1395 1279//1439 1266//1438
f 1263//1428 1264//1420 1276//1437
f 1182//1328 1234//1378 1282//1419
f 1269//1423 1263//1428 1284//1380
f 1273//1440 1284//1380 1263//1428
f 1274//1434 1260//1427 1278//1441
f 1192//1397 2748//1442 1260//1427
f 1195//1344 1243//1385 1266//1438
f 712//435 700//829 1280//1443
f 1288//1444 1198//1349 1195//1344
f 1280//1443 700//829 918//1066
f 1285//1445 1182//1328 1282//1419
f 1274//1434 1192//1397 1260//1427
f 1178//1326 1182//1328 1285//1445
f 1230//1446 1198//1349 1288//1444
f 1280//1443 918//1066 912//1060
f 1283//1447 1221//1405 1640//1448
f 930//1002 1098//1228 1287//1075
f 1253//1409 1254//1401 1232//1386
f 1232//1386 1235//1387 1289//1407
f 1286//1449 1288//1444 1195//1344
f 1255//823 1291//1406 1259//1391
f 1286//1449 1195//1344 1266//1438
f 1229//1376 1289//1407 1235//1387
f 1229//1376 1284//1380 1289//1407
f 1256//1414 644//749 1148//751
f 1295//1450 1286//1449 1293//1451
f 1545//1452 1284//1380 1273//1440
f 1223//1312 524//750 1242//1400
f 1242//1400 524//750 521//753
f 1256//1414 464//564 1313//1363
f 1256//1414 1313//1363 1296//1453
f 1271//1430 1221//1405 1283//1447
f 1298//1454 1288//1444 1286//1449
f 1282//1419 1256//1414 1296//1453
f 1168//1284 1176//1323 1163//1285
f 1298//1454 1286//1449 1295//1450
f 1143//1289 1168//1284 1059//1204
f 1289//1407 1253//1409 1232//1386
f 1231//1383 1217//1393 1281//1362
f 405//475 1211//479 1299//1398
f 1302//1415 1242//1400 521//753
f 1240//1396 812//998 1281//1362
f 1278//1441 1260//1427 1294//1426
f 1163//1285 1213//1368 1166//1314
f 1289//1407 1284//1380 1545//1452
f 1278//1441 1294//1426 1300//1455
f 1304//577 411//569 486//568
f 1295//1450 1293//1451 1303//1456
f 1213//1368 1176//1323 1215//1369
f 1305//1457 1251//1458 1252//1459
f 403//488 1304//577 3332//487
f 1304//577 403//488 411//569
f 1321//1460 1246//1461 1306//1462
f 1176//1323 1213//1368 1163//1285
f 1308//1463 1309//1464 1307//1465
f 1301//1466 405//475 1299//1398
f 543//639 405//475 1301//1466
f 912//1060 397//468 1291//1406
f 543//639 1301//1466 542//640
f 1317//1467 1311//1468 1328//1469
f 1291//1406 1280//1443 912//1060
f 1306//1462 1246//1461 1238//1394
f 1238//1394 1244//1399 1306//1462
f 1305//1457 1252//1459 1314//1470
f 1280//1443 1291//1406 928//1069
f 1305//1457 1350//1471 1098//1228
f 1310//1472 1308//1463 1307//1465
f 1310//1472 1307//1465 1322//1473
f 1098//1228 1086//1227 1305//1457
f 542//640 208//246 210//247
f 1247//1404 1238//1394 1246//1461
f 1310//1472 1322//1473 1319//1474
f 1317//1467 1021//1165 1005//1164
f 1311//1468 1317//1467 1005//1164
f 1116//1259 997//1142 1312//1475
f 1316//1476 1251//1458 1262//1424
f 1313//1363 1689//1477 1296//1453
f 1332//1478 1280//1443 1315//1479
f 1280//1443 1332//1478 1326//1480
f 1316//1476 1252//1459 1251//1458
f 1296//1453 1285//1445 1282//1419
f 1280//1443 928//1069 1315//1479
f 1318//1481 1309//1464 1308//1463
f 712//435 1280//1443 1326//1480
f 1116//1259 1312//1475 1327//1482
f 1272//512 400//474 1326//1480
f 1326//1480 400//474 712//435
f 1321//1460 1306//1462 1320//1483
f 1316//1476 1314//1470 1252//1459
f 1325//1484 3717//1485 1186//1335
f 1126//1272 1116//1259 1327//1482
f 1321//1460 1371//1486 1246//1461
f 845//983 1136//984 1331//1487
f 1262//1424 1305//1457 1086//1227
f 845//983 1331//1487 848//989
f 1319//1474 1330//1488 1339//1489
f 1262//1424 1251//1458 1305//1457
f 1338//1490 1325//1484 1342//1491
f 1323//1492 1328//1469 1324//1493
f 1354//1494 1299//1398 1337//1495
f 1338//1490 1336//1496 1333//116
f 1299//1398 542//640 1301//1466
f 1299//1398 3401//1497 542//640
f 1329//1498 1327//1482 1312//1475
f 928//1069 1291//1406 653//789
f 1338//1490 1342//1491 1336//1496
f 1274//1434 1353//1499 1334//1500
f 1343//1501 1274//1434 1334//1500
f 1136//984 1193//1343 1331//1487
f 1328//1469 1340//1502 1317//1467
f 1332//1478 1200//1353 1326//1480
f 1136//984 1135//1281 1193//1343
f 1326//1480 1200//1353 1272//512
f 1287//1075 1098//1228 1350//1471
f 1135//1281 1139//1287 1193//1343
f 1193//1343 1139//1287 1177//1331
f 1336//1496 1342//1491 1352//1503
f 1200//1353 1212//466 1272//512
f 1340//1502 1328//1469 1323//1492
f 1212//466 434//289 1272//512
f 1331//1487 1193//1343 1187//1342
f 1212//466 1200//1353 1202//1352
f 1344//1504 1327//1482 1329//1498
f 1344//1504 1126//1272 1327//1482
f 1274//1434 1343//1501 1244//1399
f 1173//1433 1126//1272 1344//1504
f 1177//1331 1189//1336 1187//1342
f 1320//1483 1306//1462 1347//1505
f 1335//1506 1451//1507 1341//1508
f 1347//1505 1343//1501 1334//1500
f 1306//1462 1343//1501 1347//1505
f 1306//1462 1244//1399 1343//1501
f 1329//1498 1335//1506 1341//1508
f 1353//1499 1274//1434 1278//1441
f 1348//1509 1331//1487 1187//1342
f 1300//1455 1355//1510 1278//1441
f 1355//1510 1353//1499 1278//1441
f 1334//1500 1353//1499 1320//1483
f 1320//1483 1347//1505 1334//1500
f 1357//1413 1337//1495 1239//1392
f 1329//1498 1341//1508 1344//1504
f 1337//1495 1299//1398 1239//1392
f 1321//1460 1320//1483 1353//1499
f 1239//1392 1249//1402 1357//1413
f 1314//1470 1350//1471 1305//1457
f 1363//1511 1357//1413 1360//1512
f 1021//1165 1317//1467 1359//1513
f 1357//1413 1363//1511 1337//1495
f 1361//1514 1363//1511 1360//1512
f 485//567 1346//1403 520//621
f 1363//1511 1354//1494 1337//1495
f 485//567 426//501 1346//1403
f 1314//1470 1316//1476 1517//1515
f 1341//1508 1356//1516 1344//1504
f 1517//1515 1788//1517 1314//1470
f 520//621 1346//1403 850//1010
f 1768//1518 850//1010 1346//1403
f 1129//1171 1369//1302 1153//1299
f 1367//1519 1372//1307 1129//1171
f 1194//1341 1582//1520 1191//1340
f 1366//1521 1376//1347 1367//1522
f 1325//1484 1377//1523 1342//1491
f 1186//1335 1378//1524 1377//1523
f 1325//1484 1186//1335 1377//1523
f 1480//1525 1344//1504 1356//1516
f 1369//1302 1372//1526 1109//1191
f 1365//1431 638//740 1364//1527
f 1345//1528 1474//1529 1465//1530
f 638//740 634//821 1364//1527
f 1372//1526 1367//1531 1109//1191
f 1388//1532 1109//1191 1366//1533
f 1270//499 1365//1431 1261//1416
f 1369//1534 1392//1535 1372//1536
f 1761//1537 1351//1538 1465//1530
f 1270//499 638//740 1365//1431
f 1173//1433 1344//1504 1480//1525
f 1351//1538 1345//1528 1465//1530
f 638//740 639//761 634//821
f 1275//1432 1365//1431 1383//1539
f 1373//1540 1246//1461 1371//1486
f 1373//1540 1247//1404 1246//1461
f 1128//1273 1032//1181 1080//1321
f 1365//1431 1364//1527 3499//1541
f 1028//1136 1128//1273 1225//1374
f 1375//1348 1033//1174 1159//1208
f 1379//1542 1373//1540 1371//1486
f 1364//1527 634//821 717//835
f 1186//1335 1191//1340 1378//1524
f 1312//1475 997//1142 1016//1167
f 1016//1167 997//1142 1015//1152
f 1247//1404 1373//1540 1385//1339
f 2788//1543 1373//1540 1379//1542
f 1258//1412 1275//1432 1383//1539
f 1383//1539 1360//1512 1258//1412
f 1367//1531 1366//1533 1109//1191
f 1357//1413 1258//1412 1360//1512
f 1048//1185 1388//1544 1129//1171
f 1389//1545 2798//1546 1387//1547
f 1375//1348 1388//1544 1048//1185
f 1367//1519 1129//1171 1366//1548
f 1388//1544 1366//1548 1129//1171
f 1307//1465 1318//1481 1390//1549
f 1387//1547 1292//1425 1389//1545
f 1372//1536 1392//1535 1367//1550
f 1367//1550 1392//1535 1366//1551
f 1377//1523 1358//1552 1368//1553
f 1388//1544 1375//1348 1376//1347
f 1366//1521 1388//1544 1376//1347
f 1369//1534 1372//1554 1376//1347
f 1372//1554 1367//1522 1376//1347
f 1387//1547 1294//1426 1292//1425
f 3499//1541 1383//1539 1365//1431
f 1378//1524 1358//1552 1377//1523
f 1391//1555 1383//1539 3499//1541
f 1369//1534 1376//1347 1392//1535
f 1374//1556 1016//1167 1384//1173
f 1388//1532 1366//1551 1392//1535
f 1383//1539 1391//1555 1360//1512
f 1309//1464 1318//1481 1307//1465
f 1392//1535 1109//1191 1388//1532
f 1392//1535 1376//1347 1048//1185
f 1300//1455 1393//1557 1355//1510
f 1361//1514 1360//1512 1391//1555
f 1393//1557 1379//1542 1371//1486
f 1048//1185 1109//1191 1392//1535
f 1387//1547 1393//1557 1294//1426
f 1290//1390 848//989 1331//1487
f 1393//1557 1387//1547 1379//1542
f 1376//1347 1184//537 1362//536
f 1084//1333 1184//537 1376//1347
f 1348//1509 2970//1558 1395//1559
f 1290//1390 1331//1487 1348//1509
f 1290//1390 1348//1509 1395//1559
f 1378//1524 1191//1340 1358//1552
f 1159//1208 1084//1333 1376//1347
f 1439//1560 1451//1507 1394//1561
f 1399//1562 1382//1563 1400//1564
f 1377//1523 1349//1565 1342//1491
f 1342//1491 1349//1565 1352//1503
f 3647//1566 1361//1514 1391//1555
f 1382//1563 1403//1567 1400//1564
f 1359//1513 1317//1467 1396//1568
f 1396//1568 1317//1467 1340//1502
f 1377//1523 1368//1553 1349//1565
f 1404//1569 1403//1567 1399//1570
f 1376//1347 1362//536 1420//1571
f 1370//1572 1359//1513 1396//1568
f 1402//1573 1405//1574 1401//1575
f 1459//1576 1382//1563 1404//1577
f 1349//1565 1368//1553 1398//1578
f 1396//1568 1397//1579 1370//1572
f 1399//1562 1400//1564 1404//1580
f 1300//1455 1294//1426 1393//1557
f 1332//1478 1315//1479 1048//1185
f 1321//1460 1353//1499 1371//1486
f 1312//1475 1374//1556 1394//1561
f 1355//1510 1371//1486 1353//1499
f 1016//1167 1374//1556 1312//1475
f 1402//1573 1401//1575 1406//1581
f 1402//1573 1406//1581 1492//1582
f 1394//1561 1386//1583 1439//1560
f 1384//1173 1386//1583 1394//1561
f 1384//1173 1394//1561 1374//1556
f 1393//1557 1371//1486 1355//1510
f 1322//1473 1307//1465 1390//1549
f 1335//1506 1329//1498 1312//1475
f 1216//1360 1375//1348 1048//1185
f 1097//1243 1151//1296 1409//1298
f 1216//1360 1315//1479 928//1069
f 993//607 1083//869 1409//1298
f 1083//869 1097//1243 1409//1298
f 1048//1185 1315//1479 1216//1360
f 1097//1243 1169//1244 1151//1296
f 1340//1502 1397//1579 1396//1568
f 1147//1141 993//607 1409//1298
f 1375//1348 1216//1360 1033//1174
f 1426//1584 1322//1473 1390//1549
f 1322//1473 1414//1585 1319//1474
f 1412//1586 1406//1581 1401//1575
f 1415//1587 1308//1463 1310//1472
f 1415//1587 1310//1472 1319//1474
f 1412//1586 1401//1575 1416//1588
f 1411//1589 1051//1197 963//1104
f 1405//1574 1416//1588 1401//1575
f 1405//1574 1454//1590 1416//1588
f 1031//1172 1421//1591 1408//1592
f 1408//1592 1421//1591 1407//1593
f 1419//1594 1417//1595 1460//1596
f 1031//1172 1386//1583 1384//1173
f 1386//1583 1031//1172 1408//1592
f 1413//1597 1417//1595 1419//1594
f 1048//1185 1376//1347 1420//1571
f 1332//1478 1048//1185 1420//1571
f 1332//1478 1420//1571 1423//1598
f 1432//1418 1245//1411 1420//1571
f 1031//1172 1037//1194 1421//1591
f 1412//1586 1424//1599 1422//1600
f 1037//1194 1068//1212 1421//1591
f 1408//1592 1437//1601 1386//1583
f 1423//1598 1420//1571 1245//1411
f 1414//1585 1330//1488 1319//1474
f 1006//1163 1411//1589 1005//1164
f 1412//1586 1416//1588 1424//1599
f 1411//1589 1006//1163 1022//1162
f 1411//1589 1022//1162 1051//1197
f 1249//1402 1423//1598 1245//1411
f 1200//1353 1332//1478 1423//1598
f 1120//1260 1431//1267 1430//1602
f 1200//1353 1423//1598 1249//1402
f 3389//1603 1425//1604 1429//1605
f 1122//634 1431//1267 1120//1260
f 1432//1418 441//218 413//493
f 1362//536 441//218 1432//1418
f 1415//1587 1322//1473 1318//1481
f 3438//1606 1428//1607 1427//1608
f 1432//1418 1420//1571 1362//536
f 1318//1481 1308//1463 1415//1587
f 1417//1595 1413//1597 1429//1605
f 1429//1605 1413//1597 1433//1609
f 1426//1584 1318//1481 1322//1473
f 413//493 1265//1417 1432//1418
f 963//1104 1434//1610 1411//1589
f 910//1078 1005//1164 1411//1589
f 531//631 1431//1267 532//632
f 1435//1611 1510//1612 1452//1613
f 531//631 1435//1611 1431//1267
f 1130//1211 1418//1614 1475//1615
f 1382//1563 1079//1275 1145//1274
f 1437//1601 1408//1592 2219//1616
f 1145//1274 1079//1275 1032//1181
f 1418//1614 1130//1211 1079//1275
f 1426//1584 1474//1529 1318//1481
f 1435//1611 531//631 1510//1612
f 1437//1601 1449//1617 1439//1560
f 1386//1583 1437//1601 1439//1560
f 1443//1618 1441//1619 1436//1620
f 1381//1621 1390//1549 1318//1481
f 1428//1607 1438//1622 1427//1608
f 1311//1468 910//1078 1328//1469
f 910//1078 1311//1468 1005//1164
f 1328//1469 910//1078 1324//1493
f 910//1078 933//1077 1324//1493
f 1345//1528 1381//1621 1318//1481
f 1459//1576 1079//1275 1382//1563
f 1434//1610 910//1078 1411//1589
f 1440//1623 1438//1622 1428//1607
f 1434//1610 963//1104 910//1078
f 1426//1584 1330//1488 1414//1585
f 1446//1624 3263//1625 2488//1626
f 1430//1602 1167//1315 1120//1260
f 1443//1618 1442//1627 1441//1619
f 1167//1315 1430//1602 1444//1628
f 3438//1606 1427//1608 1410//1629
f 1431//1267 1435//1611 1452//1613
f 1454//1590 1438//1622 1453//1630
f 1426//1584 1390//1549 1512//1631
f 1450//1632 1433//1609 1413//1597
f 1431//1267 1452//1613 1430//1602
f 1145//1274 1257//1388 1382//1563
f 1452//1613 1444//1628 1430//1602
f 1438//1622 1440//1623 1453//1630
f 1418//1614 1445//1633 1505//1634
f 1312//1475 1394//1561 1451//1507
f 1312//1475 1451//1507 1335//1506
f 1457//1635 1455//1636 1453//1630
f 1456//1637 1164//411 1167//1315
f 3389//1603 1429//1605 1433//1609
f 1451//1507 1356//1516 1341//1508
f 1480//1525 1356//1516 1451//1507
f 1440//1623 1457//1635 1453//1630
f 1440//1623 1446//1624 1457//1635
f 1399//1562 1404//1577 1382//1563
f 362//412 1164//411 1456//1637
f 1456//1637 1463//1638 362//412
f 1380//1410 1381//1621 1253//1409
f 1079//1275 1458//1639 1418//1614
f 1461//1640 1462//1641 1460//1596
f 1445//1633 1418//1614 1458//1639
f 1447//1642 1323//1492 1324//1493
f 1459//1576 1458//1639 1079//1275
f 1456//1637 1499//1643 1463//1638
f 1404//1569 1459//1644 1403//1567
f 1381//1621 1345//1528 1253//1409
f 1459//1576 1404//1645 1458//1639
f 1399//1570 1458//1639 1404//1645
f 1399//1570 1483//1646 1458//1639
f 1400//1564 1403//1567 1459//1644
f 1463//1638 539//635 362//412
f 1459//1644 1404//1580 1400//1564
f 1253//1409 1351//1538 1664//1647
f 1351//1538 1253//1409 1345//1528
f 1448//1648 1482//1649 1442//1627
f 1424//1599 1453//1630 1467//1650
f 1233//1375 1128//1273 2367//1651
f 1466//1652 531//631 539//635
f 1510//1612 531//631 1466//1652
f 1340//1502 1323//1492 1468//1653
f 539//635 1463//1638 1466//1652
f 1454//1590 1427//1608 1438//1622
f 1448//1648 1516//1654 1574//1655
f 2338//1269 1130//1211 1475//1615
f 1419//1594 1462//1641 1484//1656
f 1468//1653 1323//1492 1447//1642
f 1462//1641 1419//1594 1460//1596
f 1436//1620 1441//1619 1469//1657
f 1418//1614 1554//1658 1475//1615
f 1415//1587 1414//1585 1322//1473
f 916//1092 1324//1493 933//1077
f 1319//1474 1474//1529 1415//1587
f 1427//1608 1454//1590 1410//1629
f 1410//1629 1454//1590 1405//1574
f 1447//1642 1324//1493 916//1092
f 1318//1481 1474//1529 1345//1528
f 1476//1659 1477//1660 1482//1649
f 1469//1657 1441//1619 1482//1649
f 1454//1590 1453//1630 1424//1599
f 1482//1649 1471//1661 1469//1657
f 1441//1619 1442//1627 1482//1649
f 1415//1587 1474//1529 1426//1584
f 1414//1585 1415//1587 1426//1584
f 1454//1590 1424//1599 1416//1588
f 1231//1383 1281//1362 1483//1646
f 1257//1388 1231//1383 1483//1646
f 1382//1563 1257//1388 1483//1646
f 1382//1563 1483//1646 1403//1567
f 1447//1642 916//1092 1468//1653
f 1399//1570 1403//1567 1483//1646
f 1491//1662 1465//1530 1474//1529
f 1413//1597 1419//1594 1484//1656
f 1470//1663 1471//1661 1482//1649
f 1470//1663 1482//1649 1477//1660
f 1413//1597 1488//1664 1450//1632
f 1462//1641 1472//1665 1484//1656
f 1518//1666 1489//1667 1481//1668
f 1491//1662 1339//1489 1657//1669
f 1444//1628 1493//1670 1167//1315
f 1489//1667 1521//1671 1468//1653
f 1485//1672 1490//1673 1470//1663
f 1481//1668 916//1092 1478//1674
f 1468//1653 916//1092 1481//1668
f 1480//1525 1479//1675 1173//1433
f 1279//1439 1173//1433 1479//1675
f 1489//1667 1468//1653 1481//1668
f 1413//1597 1484//1656 1488//1664
f 1279//1439 1241//1395 1173//1433
f 1339//1489 1491//1662 1319//1474
f 1491//1662 1474//1529 1319//1474
f 916//1092 915//1091 1496//1676
f 1497//1677 1480//1525 1451//1507
f 1451//1507 1449//1617 1497//1677
f 1487//1678 3400//1679 1492//1582
f 1478//1674 916//1092 1496//1676
f 1167//1315 1493//1670 1456//1637
f 1497//1677 1449//1617 1464//1680
f 1499//1643 1456//1637 1493//1670
f 1448//1648 1494//1681 1482//1649
f 1462//1641 1498//1682 1472//1665
f 1482//1649 1494//1681 1476//1659
f 1503//1683 1529//1684 1501//1685
f 1458//1639 1483//1646 1445//1633
f 1493//1670 1178//1326 1499//1643
f 1483//1646 1505//1634 1445//1633
f 1496//1676 915//1091 1500//1686
f 1088//1233 1473//1232 1262//1424
f 1262//1424 1473//1232 1533//1687
f 1501//1685 1560//1688 1509//1689
f 1472//1665 1498//1682 1508//1690
f 1506//1691 1452//1613 1510//1612
f 1509//1689 1503//1683 1501//1685
f 1502//1692 1330//1488 1512//1631
f 1330//1488 1502//1692 1504//1693
f 1503//1683 1514//1694 1516//1654
f 1340//1502 1468//1653 1397//1579
f 1397//1579 1468//1653 1521//1671
f 1506//1691 1510//1612 1515//1695
f 1497//1677 1479//1675 1480//1525
f 1262//1424 1517//1515 1316//1476
f 3291//1696 1513//1697 1515//1695
f 1515//1695 1513//1697 1506//1691
f 1518//1666 1520//1698 1489//1667
f 1472//1665 1508//1690 1523//1699
f 1504//1693 1339//1489 1330//1488
f 1515//1695 1510//1612 1546//1700
f 1520//1698 1521//1671 1489//1667
f 1511//1701 1507//1702 3483//1703
f 1330//1488 1426//1584 1512//1631
f 1444//1628 1194//1341 1199//1327
f 1262//1424 1533//1687 1517//1515
f 1531//28 1370//1572 1397//1579
f 1493//1670 1444//1628 1199//1327
f 1506//1691 1532//1704 1452//1613
f 1504//1693 1502//1692 2026//1705
f 1503//1683 1443//1618 1529//1684
f 1021//1165 1359//1513 1158//1301
f 1194//1341 1452//1613 1527//1706
f 1194//1341 1444//1628 1452//1613
f 1511//1701 1486//1707 1525//1708
f 1443//1618 1503//1683 1516//1654
f 1505//1634 1483//1646 1517//1515
f 1158//1301 1359//1513 1370//1572
f 1150//1310 1158//1301 1531//28
f 1443//1618 1516//1654 1442//1627
f 1178//1326 1493//1670 1199//1327
f 1525//1708 1486//1707 1487//1678
f 1531//28 1397//1579 1541//35
f 1541//35 34//26 1531//28
f 1533//1687 1418//1614 1505//1634
f 8//6 1150//1310 1531//28
f 1418//1614 1533//1687 1554//1658
f 1442//1627 1516//1654 1448//1648
f 1532//1704 1530//1709 1583//1710
f 1527//1706 1452//1613 1532//1704
f 1591//1711 1150//1310 8//6
f 1494//1681 1448//1648 1574//1655
f 1532//1704 1506//1691 1513//1697
f 1039//1178 1021//1165 1158//1301
f 1531//28 1158//1301 1370//1572
f 1536//1712 1484//1656 1472//1665
f 1464//1680 1528//1713 1522//1714
f 1488//1664 1484//1656 1536//1712
f 1537//1715 1466//1652 1463//1638
f 1536//1712 1472//1665 1538//1716
f 1546//1700 1466//1652 1537//1715
f 1505//1634 1517//1515 1533//1687
f 1437//1601 1519//1717 1528//1713
f 1520//1698 1539//1718 1541//35
f 1487//1678 1492//1582 1557//1719
f 1499//1643 1537//1715 1463//1638
f 1543//1720 1537//1715 1499//1643
f 1494//1681 1574//1655 1535//1721
f 1178//1326 1285//1445 1499//1643
f 1541//35 1521//1671 1520//1698
f 1285//1445 1296//1453 1543//1720
f 1499//1643 1285//1445 1543//1720
f 1449//1617 1437//1601 1528//1713
f 1523//1699 1542//1722 1538//1716
f 1296//1453 2149//1723 1543//1720
f 1451//1507 1439//1560 1449//1617
f 1503//1683 1509//1689 1514//1694
f 1406//1581 1412//1586 1557//1719
f 1412//1586 1422//1600 1557//1719
f 1546//1700 1537//1715 1543//1720
f 1547//1724 1514//1694 1544//1725
f 1528//1713 1464//1680 1449//1617
f 1523//1699 1538//1716 1472//1665
f 1276//1437 1545//1452 1273//1440
f 2452//1726 1556//1727 1548//1728
f 1512//1631 1596//1729 1545//1452
f 1397//1579 1521//1671 1541//35
f 1276//1437 1502//1692 1512//1631
f 1277//1436 1502//1692 1276//1437
f 1276//1437 1512//1631 1545//1452
f 1546//1700 1510//1612 1466//1652
f 1276//1437 1273//1440 1263//1428
f 1551//1730 1549//1731 1550//1732
f 836//986 44//29 1553//1733
f 1492//1582 1406//1581 1557//1719
f 1509//1689 1560//1688 1544//1725
f 1508//1690 2452//1726 1548//1728
f 1544//1725 1514//1694 1509//1689
f 1523//1699 1508//1690 1548//1728
f 44//29 1541//35 1553//1733
f 1553//1733 1541//35 1539//1718
f 1565//1734 1547//1724 1544//1725
f 1487//1678 1557//1719 1561//1735
f 1540//1736 1475//1615 1554//1658
f 1568//1737 1511//1701 1525//1708
f 1555//1738 1558//1739 1504//1693
f 1564//1740 1555//1738 1504//1693
f 1504//1693 2026//1705 1564//1740
f 1165//1313 1566//1741 1563//1742
f 1563//1742 957//1113 1165//1313
f 1558//1739 1555//1738 1564//1740
f 1544//1725 1572//1743 1571//1744
f 963//1104 1104//1286 959//1079
f 1104//1286 1163//1285 957//1113
f 1571//1744 1562//1745 1565//1734
f 1544//1725 1560//1688 1572//1743
f 1565//1734 1544//1725 1571//1744
f 957//1113 959//1079 1104//1286
f 1475//1615 1586//1746 1570//1747
f 1550//1732 2935//1748 1567//1749
f 957//1113 1163//1285 1165//1313
f 1568//1737 1507//1702 1511//1701
f 1586//1746 1475//1615 1540//1736
f 1558//1739 1564//1740 1581//1750
f 1003//1146 957//1113 1563//1742
f 1574//1655 1534//1751 1535//1721
f 1630//1752 1534//1751 1574//1655
f 1574//1655 1514//1694 1547//1724
f 1547//1724 1569//1753 1574//1655
f 1516//1654 1514//1694 1574//1655
f 1551//1730 1550//1732 1680//1754
f 1477//1660 1476//1659 1589//1755
f 1578//1756 1582//1520 1583//1710
f 1581//1750 1339//1489 1504//1693
f 1585//1757 1603//1758 1584//1759
f 1587//1760 1580//1761 1579//1762
f 1581//1750 1504//1693 1558//1739
f 1577//1293 1161//1300 1150//1310
f 1554//1658 2539//1763 1586//1746
f 1279//1439 1580//1761 1587//1760
f 1588//1764 1590//1765 1577//1293
f 1589//1755 1585//1757 1477//1660
f 1588//1764 12//5 22//7
f 1279//1439 1587//1760 1266//1438
f 1532//1704 1583//1710 1527//1706
f 1286//1449 1266//1438 1780//1766
f 1587//1760 1780//1766 1266//1438
f 1293//1451 1286//1449 1780//1766
f 1358//1552 1191//1340 1582//1520
f 1381//1621 1380//1410 1512//1631
f 1527//1706 1583//1710 1194//1341
f 1582//1520 1194//1341 1583//1710
f 1589//1755 1603//1758 1585//1757
f 1595//1767 1576//1768 1548//1728
f 1533//1687 1473//1232 2539//1763
f 1593//1769 1298//1454 1295//1450
f 1595//1767 1548//1728 2077//1770
f 1525//1708 1561//1735 1714//1771
f 1591//1711 8//6 12//5
f 1487//1678 1561//1735 1525//1708
f 1303//1456 1597//1772 1593//1769
f 1576//1768 1924//1773 1542//1722
f 1548//1728 1576//1768 1523//1699
f 1485//1672 1585//1757 1584//1759
f 1576//1768 1800//1774 1924//1773
f 1585//1757 1485//1672 1477//1660
f 1545//1452 1297//1408 1289//1407
f 1573//1775 1524//1776 1507//1702
f 1477//1660 1485//1672 1470//1663
f 1476//1659 1535//1721 1589//1755
f 1535//1721 1736//1777 1589//1755
f 1602//1778 1599//1779 1598//1780
f 1577//1293 1150//1310 1588//1764
f 1476//1659 1494//1681 1535//1721
f 1591//1711 1588//1764 1150//1310
f 1591//1711 12//5 1588//1764
f 1593//1769 1295//1450 1303//1456
f 1609//1781 1605//1782 1600//1783
f 1297//1408 1545//1452 1601//1784
f 1368//1553 1578//1756 1594//1785
f 1368//1553 1358//1552 1578//1756
f 1601//1784 1545//1452 1596//1729
f 1398//1578 1368//1553 1594//1785
f 1358//1552 1582//1520 1578//1756
f 1512//1631 1390//1549 1381//1621
f 1542//1722 1523//1699 1576//1768
f 1607//1786 22//7 1606//1787
f 1600//1783 1424//1599 1467//1650
f 1600//1783 1422//1600 1424//1599
f 1578//1756 1610//1788 2176//1789
f 1594//1785 1578//1756 2176//1789
f 1538//1716 1697//1790 1536//1712
f 1607//1786 1590//1765 1588//1764
f 1611//1791 841//979 849//985
f 1607//1786 1588//1764 22//7
f 1604//1792 1608//1793 1603//1758
f 1567//1749 2935//1748 1893//1794
f 1550//1732 1612//1795 2935//1748
f 1536//1712 1697//1790 1488//1664
f 1613//1796 843//980 841//979
f 1613//1796 841//979 1611//1791
f 1607//1786 1654//1797 1590//1765
f 1380//1410 1616//1798 1596//1729
f 1380//1410 1596//1729 1512//1631
f 1108//1280 1613//1796 1628//1799
f 1081//1800 1613//1796 1108//1280
f 1467//1650 1609//1781 1600//1783
f 1495//1801 1488//1664 1697//1790
f 1078//1223 1613//1796 1081//1800
f 1078//1223 843//980 1613//1796
f 1495//1801 1697//1790 1705//1802
f 1577//1293 1590//1765 1617//1356
f 1619//1803 1611//1791 849//985
f 1144//1292 1577//1293 1617//1356
f 1549//1731 1612//1795 1550//1732
f 1697//1790 1538//1716 1622//1804
f 1071//1221 1623//1805 1070//1230
f 1071//1221 1073//1220 1623//1805
f 1620//1806 1682//1807 1698//1808
f 1619//1803 1628//1799 1611//1791
f 1623//1805 1073//1220 1625//1224
f 1628//1799 1619//1803 1624//1809
f 1613//1796 1611//1791 1628//1799
f 1731//1354 1628//1799 1624//1809
f 1530//1709 1578//1756 1583//1710
f 1625//1224 1074//1222 1087//1226
f 1627//1810 1625//1224 1087//1226
f 1614//1811 1535//1721 1534//1751
f 627//732 1633//1812 1634//736
f 1625//1224 1627//1810 1635//1813
f 1616//1798 1601//1784 1596//1729
f 1631//1814 1636//1815 1637//1816
f 1639//1817 1637//1816 1636//1815
f 1621//1818 1636//1815 1631//1814
f 1638//1819 1639//1817 1636//1815
f 1640//1448 1221//1405 1617//1356
f 1569//1753 1547//1724 1565//1734
f 1609//1781 1618//1820 1632//1821
f 1644//1822 515//613 1678//1823
f 1605//1782 1609//1781 1632//1821
f 1632//1821 1782//1824 1605//1782
f 1639//1825 1631//1814 1637//1816
f 1645//1826 1637//1827 1639//1828
f 1639//1828 1638//1829 1645//1826
f 627//732 515//613 1644//1822
f 1638//1830 1631//1814 1639//1825
f 1672//1831 942//976 1287//1075
f 1682//1807 1569//1753 1565//1734
f 1623//1805 1642//1832 1641//1833
f 1271//1430 1283//1447 1732//1834
f 1633//1812 627//732 1644//1822
f 1455//1636 1650//1835 1648//1836
f 1467//1650 1453//1630 1649//1837
f 1453//1630 1455//1636 1649//1837
f 1625//1224 1635//1813 1642//1832
f 1642//1832 1623//1805 1625//1224
f 1569//1753 1620//1806 1574//1655
f 1680//1754 1642//1832 1635//1813
f 1457//1635 2486//1838 1455//1636
f 1455//1636 2486//1838 1650//1835
f 1623//1805 1641//1833 1070//1230
f 1562//1745 1571//1744 1660//1839
f 1652//1840 1087//1226 1082//1225
f 1380//1410 1297//1408 1616//1798
f 1649//1837 1648//1836 1467//1650
f 1640//1448 1617//1356 1668//1841
f 1649//1837 1455//1636 1648//1836
f 1616//1798 1297//1408 1601//1784
f 1655//1842 1652//1840 1673//1843
f 1652//1840 1627//1810 1087//1226
f 1655//1842 1627//1810 1652//1840
f 1633//1812 1653//1844 1634//736
f 1648//1836 1650//1835 1656//1845
f 1207//1359 1634//736 1653//1844
f 1657//1669 1339//1489 1581//1750
f 1617//1356 1590//1765 1654//1797
f 1659//1846 1609//1781 1648//1836
f 1609//1781 1467//1650 1648//1836
f 1627//1810 1655//1842 1658//1847
f 1609//1781 1659//1846 1618//1820
f 1661//1848 1653//1844 81//102
f 1662//1849 1617//1356 1654//1797
f 1664//1647 1346//1403 423//502
f 1617//1356 1662//1849 1668//1841
f 1648//1836 1656//1845 1665//1850
f 81//102 1333//116 1661//1848
f 1635//1813 1627//1810 1658//1847
f 1663//1851 423//502 1210//504
f 1663//1851 1210//504 1254//1401
f 1254//1401 1210//504 1205//1357
f 1668//1841 2324//1852 1667//1853
f 1669//1854 1637//1827 1670//1855
f 1671//1856 1639//1857 1669//1854
f 1637//1827 1669//1854 1639//1857
f 1726//127 81//102 1653//1844
f 3222//1858 1673//1843 1733//1859
f 1651//1860 1669//1854 1670//1855
f 1651//1861 1670//1862 1671//1863
f 1670//1864 1626//1865 1651//1860
f 1653//1844 1661//1848 1207//1359
f 1253//1409 1664//1647 1254//1401
f 1661//1848 1313//1363 1207//1359
f 1663//1851 1664//1647 423//502
f 1313//1363 1661//1848 1686//1866
f 1215//1369 1271//1430 1674//1867
f 1664//1647 1663//1851 1254//1401
f 1637//1827 1645//1826 1670//1855
f 1639//1857 1671//1856 1638//1829
f 1653//1844 1633//1812 1726//127
f 1646//1868 1647//1869 1645//1870
f 1670//1864 1645//1870 1647//1869
f 1626//1865 1670//1864 1647//1869
f 1671//1863 1670//1862 1645//1826
f 1671//1863 1645//1826 1638//1829
f 1673//1843 1090//1234 1107//1238
f 1638//1830 1671//1856 1631//1814
f 1669//1854 1631//1814 1671//1856
f 1673//1843 1652//1840 1090//1234
f 1633//1812 1644//1822 1676//1871
f 1090//1234 1652//1840 1082//1225
f 1660//1839 1571//1744 1666//1872
f 3054//1873 1666//1872 1571//1744
f 1651//1861 1646//1868 1670//1874
f 1638//1819 1636//1815 1671//1863
f 1651//1861 1671//1863 1636//1815
f 3054//1873 1571//1744 1572//1743
f 1646//1868 1651//1861 1647//1869
f 1677//1875 1674//1867 1271//1430
f 1647//1869 1651//1861 1636//1815
f 1641//1833 1642//1832 1679//1876
f 1679//1876 1642//1832 1680//1754
f 1645//1870 1670//1874 1646//1868
f 1271//1430 1732//1834 1677//1875
f 1647//1869 1636//1815 1643//1877
f 1422//1600 1675//1878 1557//1719
f 1682//1807 1565//1734 1562//1745
f 1620//1806 1569//1753 1682//1807
f 1680//1754 1550//1732 1679//1876
f 1909//1879 1747//1880 1711//1881
f 1658//1847 1680//1754 1635//1813
f 1658//1847 2832//1882 1552//1883
f 1600//1783 1695//1884 1422//1600
f 1651//1860 1631//1814 1669//1854
f 1302//1415 644//749 1256//1414
f 1658//1847 1551//1730 1680//1754
f 1658//1847 1552//1883 1551//1730
f 521//753 667//794 1302//1415
f 1644//1822 1678//1823 1676//1871
f 1683//1885 1165//1313 1674//1867
f 1686//1866 1676//1871 1689//1477
f 1633//1812 1676//1871 1686//1866
f 1694//1886 1626//1865 1747//1880
f 1213//1368 1674//1867 1166//1314
f 1574//1655 1620//1806 1630//1752
f 1213//1368 1214//1370 1674//1867
f 1214//1370 1215//1369 1674//1867
f 1166//1314 1674//1867 1165//1313
f 1683//1885 1674//1867 1688//1887
f 1694//1886 1651//1860 1626//1865
f 1674//1867 1677//1875 1688//1887
f 1561//1735 1557//1719 1684//1888
f 1689//1477 1313//1363 1686//1866
f 1693//1889 1690//1890 1717//1891
f 1692//1892 1557//1719 1675//1878
f 1630//1752 1614//1811 1534//1751
f 1692//1892 1675//1878 1695//1884
f 1675//1878 1422//1600 1695//1884
f 1687//1893 1614//1811 1630//1752
f 1694//1886 1747//1880 1909//1879
f 644//749 1302//1415 668//1894
f 1557//1719 1692//1892 1691//1895
f 1691//1895 1684//1888 1557//1719
f 1563//1742 1566//1741 1699//1896
f 1620//1806 1698//1808 1630//1752
f 2853//1897 1630//1752 1698//1808
f 651//745 644//749 668//1894
f 1693//1889 3344//1898 1849//1899
f 1893//1794 3344//1898 1693//1889
f 1683//1885 1566//1741 1165//1313
f 1678//1823 515//613 651//745
f 651//745 668//1894 1678//1823
f 1600//1783 1605//1782 1695//1884
f 1696//1900 1563//1742 1699//1896
f 1566//1741 1683//1885 1699//1896
f 1719//1901 1678//1823 1681//1902
f 1699//1896 1683//1885 1703//1903
f 1550//1732 1567//1749 1679//1876
f 830//992 668//1894 1302//1415
f 1909//1879 1711//1881 1697//1790
f 1302//1415 667//794 867//1014
f 1697//1790 1622//1804 1909//1879
f 1714//1771 1707//1904 1568//1737
f 1705//1802 1697//1790 1708//1905
f 1568//1737 1525//1708 1714//1771
f 1699//1896 1727//1906 1710//1907
f 1709//1908 1568//1737 1707//1904
f 1679//1876 1704//1909 1702//1910
f 1568//1737 1573//1775 1507//1702
f 668//1894 830//992 1678//1823
f 1567//1749 1704//1909 1679//1876
f 1701//1911 1700//1912 3287//1913
f 1709//1908 1573//1775 1568//1737
f 1700//1912 1701//1911 1685//1914
f 1712//1915 1710//1907 1727//1906
f 1666//1872 1700//1912 1685//1914
f 1685//1914 1660//1839 1666//1872
f 1714//1771 1718//1916 1707//1904
f 1704//1909 1693//1889 1713//1917
f 1706//1918 1711//1881 1629//1919
f 1710//1907 1696//1900 1699//1896
f 1704//1909 1713//1917 1702//1910
f 1709//1908 1707//1904 1718//1916
f 1681//1902 1716//1920 1719//1901
f 1704//1909 1567//1749 1693//1889
f 942//976 1721//1921 849//985
f 1719//1901 1676//1871 1678//1823
f 1719//1901 1689//1477 1676//1871
f 1561//1735 1684//1888 1714//1771
f 1709//1908 1860//1922 1573//1775
f 1699//1896 1703//1903 1715//1923
f 61//91 1726//127 1722//1924
f 1721//1921 942//976 1672//1831
f 1495//1801 1705//1802 1723//1925
f 1727//1906 1699//1896 1715//1923
f 1661//1848 1333//116 1336//1496
f 1641//1833 1679//1876 1735//1926
f 1723//1925 1705//1802 1706//1918
f 1712//1915 1727//1906 1913//1927
f 1105//1255 1070//1230 1725//1928
f 1107//1238 1105//1255 1725//1928
f 1070//1230 1641//1833 1725//1928
f 1641//1833 1734//1929 1725//1928
f 1336//1496 1743//1930 1661//1848
f 1615//1931 1728//1932 1729//1933
f 1733//1859 1725//1928 1734//1929
f 1628//1799 1731//1354 1108//1280
f 1688//1887 1677//1875 1730//1934
f 1138//1278 1108//1280 1731//1354
f 1633//1812 1743//1930 1726//127
f 1733//1859 1107//1238 1725//1928
f 1677//1875 1732//1834 1730//1934
f 1673//1843 1107//1238 1733//1859
f 1614//1811 1615//1931 1729//1933
f 1692//1892 1770//1935 1724//1936
f 1140//1317 1138//1278 1731//1354
f 1640//1448 1732//1834 1283//1447
f 1640//1448 1741//1937 1732//1834
f 1729//1933 1736//1777 1535//1721
f 1722//1924 1726//127 1743//1930
f 1614//1811 1729//1933 1535//1721
f 1740//1938 1624//1809 1619//1803
f 1714//1771 1684//1888 1737//1939
f 1697//1790 1711//1881 1708//1905
f 198//244 123//190 1739//1940
f 1705//1802 1711//1881 1706//1918
f 1738//239 1754//1941 146//105
f 1737//1939 1754//1941 1738//239
f 1722//1924 123//190 61//91
f 1722//1924 1739//1940 123//190
f 1737//1939 1684//1888 1742//1942
f 1731//1354 1624//1809 1740//1938
f 1708//1905 1711//1881 1705//1802
f 1967//1943 1740//1938 1745//1944
f 1744//1945 1730//1934 1741//1937
f 1730//1934 1732//1834 1741//1937
f 1626//1865 1629//1919 1747//1880
f 1731//1354 1740//1938 1967//1943
f 1711//1881 1747//1880 1629//1919
f 1640//1448 1668//1841 1741//1937
f 1740//1938 1619//1803 1745//1944
f 1686//1866 1661//1848 1743//1930
f 1748//1946 849//985 1721//1921
f 1741//1937 1668//1841 1744//1945
f 1686//1866 1743//1930 1633//1812
f 1748//1946 1619//1803 849//985
f 1352//1503 1722//1924 1743//1930
f 1626//1865 1643//1877 1629//1919
f 1647//1869 1643//1877 1626//1865
f 1706//1918 1629//1919 1643//1877
f 1749//1947 1703//1903 1683//1885
f 1672//1831 1748//1946 1721//1921
f 1751//1948 1773//1949 1749//1947
f 155//199 164//200 1746//1950
f 1749//1947 1683//1885 1688//1887
f 1743//1930 1336//1496 1352//1503
f 1751//1948 1749//1947 1688//1887
f 1745//1944 1619//1803 1748//1946
f 1723//1925 1643//1877 1750//1951
f 146//105 1754//1941 164//200
f 1723//1925 1706//1918 1643//1877
f 1757//1008 1851//1952 1755//1953
f 631//731 1030//1168 630//733
f 631//731 630//733 2061//1954
f 1734//1929 1702//1910 1733//1859
f 1735//1926 1702//1910 1734//1929
f 1753//995 1757//1008 1755//1953
f 1664//1647 1761//1537 1346//1403
f 1751//1948 1730//1934 1744//1945
f 1688//1887 1730//1934 1751//1948
f 1734//1929 1641//1833 1735//1926
f 1287//1075 1350//1471 1788//1517
f 1754//1941 1737//1939 1724//1936
f 1724//1936 1770//1935 1765//1955
f 1746//1950 1754//1941 1724//1936
f 1735//1926 1679//1876 1702//1910
f 1724//1936 1737//1939 1742//1942
f 1736//1777 1728//1932 1758//1956
f 1754//1941 1746//1950 164//200
f 1751//1948 1763//1957 1773//1949
f 1603//1758 1589//1755 1736//1777
f 1761//1537 1664//1647 1351//1538
f 1736//1777 1604//1792 1603//1758
f 1736//1777 1758//1956 1604//1792
f 1479//1675 1497//1677 1764//1958
f 1776//1959 1479//1675 1764//1958
f 1766//1960 1604//1792 1758//1956
f 1346//1403 1761//1537 1768//1518
f 1608//1793 1604//1792 1760//1961
f 1724//1936 1765//1955 1746//1950
f 1759//1435 1281//1362 937//1108
f 851//1962 850//1010 1768//1518
f 1692//1892 1695//1884 1769//1963
f 1580//1761 1279//1439 1479//1675
f 1604//1792 1766//1960 1760//1961
f 1729//1933 1728//1932 1736//1777
f 1233//1375 1756//1964 1759//1435
f 1692//1892 1769//1963 1772//1965
f 1692//1892 1772//1965 1770//1935
f 1775//1966 1768//1518 1761//1537
f 1773//1949 1763//1957 1783//1967
f 1580//1761 1801//1968 1579//1762
f 855//1011 851//1962 1768//1518
f 1672//1831 1287//1075 1781//1969
f 851//1962 855//1011 850//1010
f 1767//1970 1749//1947 1773//1949
f 1775//1966 1761//1537 1465//1530
f 1773//1949 1783//1967 1856//1971
f 855//1011 1768//1518 1775//1966
f 1856//1971 1767//1970 1773//1949
f 1922//1972 1681//1902 1753//995
f 937//1108 969//1064 1759//1435
f 1744//1945 1667//1853 1798//1973
f 1776//1959 1764//1958 1786//1974
f 1728//1932 1774//1975 1758//1956
f 1580//1761 1479//1675 1776//1959
f 1769//1963 1695//1884 1782//1824
f 1605//1782 1782//1824 1695//1884
f 1692//1892 1724//1936 1742//1942
f 1691//1895 1692//1892 1742//1942
f 1684//1888 1691//1895 1742//1942
f 1764//1958 1497//1677 1464//1680
f 1779//1976 870//1015 855//1011
f 1464//1680 1780//1766 1764//1958
f 1777//1977 1804//1978 1792//885
f 1281//1362 1759//1435 1756//1964
f 1792//885 743//854 1777//1977
f 1769//1963 1782//1824 1772//1965
f 743//854 166//228 1777//1977
f 1781//1969 1788//1517 1812//1979
f 1779//1976 855//1011 1775//1966
f 1781//1969 1287//1075 1788//1517
f 1772//1965 1782//1824 1778//1980
f 1587//1760 1796//1981 1780//1766
f 1668//1841 1667//1853 1744//1945
f 1772//1965 1778//1980 1765//1955
f 1785//1982 1491//1662 1657//1669
f 1765//1955 1770//1935 1772//1965
f 1787//1983 1898//1984 1819//1985
f 1776//1959 1786//1974 1823//1986
f 1718//1916 1714//1771 1738//239
f 1801//1968 1580//1761 1776//1959
f 1738//239 146//105 181//227
f 1720//1987 1709//1908 1718//1916
f 1491//1662 1785//1982 1775//1966
f 1775//1966 1465//1530 1491//1662
f 1785//1982 1784//1988 1775//1966
f 1718//1916 1738//239 217//238
f 1774//1975 1766//1960 1758//1956
f 780//903 734//881 1792//885
f 1720//1987 1718//1916 217//238
f 1714//1771 1737//1939 1738//239
f 1281//1362 1834//1989 1843//1990
f 1314//1470 1788//1517 1350//1471
f 923//1068 1789//1991 1791//1992
f 1791//1992 914//735 923//1068
f 630//733 914//735 1791//1992
f 1798//1973 1763//1957 1744//1945
f 1587//1760 1579//1762 1796//1981
f 1763//1957 1751//1948 1744//1945
f 2071//1993 1791//1992 1797//1994
f 1797//1994 1791//1992 1789//1991
f 1800//1774 1592//1995 1575//1996
f 1802//1997 1863//1998 1720//1987
f 1799//1999 1801//1968 1776//1959
f 1802//1997 1720//1987 217//238
f 1789//1991 923//1068 1803//2000
f 217//238 208//246 1802//1997
f 1843//1990 1483//1646 1281//1362
f 1774//1975 1793//2001 1794//2002
f 1807//2003 1793//2001 1774//1975
f 1807//2003 1774//1975 1728//1932
f 1805//2004 1812//1979 1788//1517
f 1794//2002 1766//1960 1774//1975
f 1575//1996 1592//1995 1771//2005
f 1816//2006 3552//2007 1808//2008
f 1595//1767 1800//1774 1576//1768
f 1672//1831 1781//1969 1822//2009
f 1803//2000 949//1085 1779//1976
f 1806//2010 1810//2011 1820//2012
f 949//1085 870//1015 1779//1976
f 1808//2008 1810//2011 1806//2010
f 1524//1776 1808//2008 1811//2013
f 1800//1774 1595//1767 1592//1995
f 1810//2011 1808//2008 1524//1776
f 1524//1776 1573//1775 1810//2011
f 1809//2014 749//1007 1792//2015
f 1809//2014 1792//2015 1818//2016
f 1813//2017 1592//1995 1595//1767
f 1779//1976 1775//1966 1784//1988
f 1803//2000 1797//1994 1789//1991
f 1763//1957 1798//1973 1815//2018
f 949//1085 1803//2000 923//1068
f 264//305 3211//2019 1817//2020
f 1810//2011 1855//2021 1820//2012
f 1485//1672 1821//2022 1836//2023
f 1855//2021 1573//1775 1860//1922
f 1573//1775 1855//2021 1810//2011
f 1825//2024 1786//1974 1764//1958
f 749//1007 1790//2025 1792//2015
f 1781//1969 1812//1979 1756//1964
f 1816//2006 1826//2026 1814//2027
f 1812//1979 1281//1362 1756//1964
f 1816//2006 1806//2010 1826//2026
f 1826//2026 1806//2010 1820//2012
f 1485//1672 1584//1759 1821//2022
f 1812//1979 1805//2004 1834//1989
f 1818//2016 1792//2015 1790//2025
f 1281//1362 1812//1979 1834//1989
f 1824//2028 1490//1673 1485//1672
f 1818//2016 1828//2029 1809//2014
f 1820//2012 1855//2021 1826//2026
f 1792//885 1804//1978 1828//2029
f 1771//2005 1819//1985 1935//2030
f 949//1085 923//1068 925//1043
f 1783//1967 1763//1957 1815//2018
f 1771//2005 1592//1995 1819//1985
f 1776//1959 1823//1986 1799//1999
f 1603//1758 1608//1793 1584//1759
f 1803//2000 1832//2031 1797//1994
f 1792//885 1828//2029 780//903
f 1777//1977 780//903 1828//2029
f 768//275 780//903 1777//1977
f 2071//1993 1797//1994 1832//2031
f 1780//1766 1825//2024 1764//1958
f 1803//2000 1835//2032 1832//2031
f 1835//2032 1803//2000 1784//1988
f 1783//1967 1815//2018 1833//2033
f 1803//2000 1779//1976 1784//1988
f 1780//1766 1796//1981 1825//2024
f 1834//1989 1805//2004 1827//2034
f 1756//1964 1822//2009 1781//1969
f 1522//1714 2196//2035 1303//1456
f 1822//2009 1756//1964 1233//1375
f 1303//1456 1293//1451 1522//1714
f 1522//1714 1293//1451 1780//1766
f 1780//1766 1464//1680 1522//1714
f 2079//2036 2071//1993 1832//2031
f 1608//1793 1846//2037 1821//2022
f 1703//1903 1749//1947 1767//1970
f 1608//1793 1821//2022 1584//1759
f 1757//1008 749//1007 1818//2016
f 1825//2024 1796//1981 1579//1762
f 1795//2038 1841//2039 1831//2040
f 1819//1985 1841//2039 1795//2038
f 1787//1983 1819//1985 1795//2038
f 1790//2025 1757//1008 1818//2016
f 1830//2041 1838//2042 1839//2043
f 1839//2043 1829//2044 1830//2041
f 1657//1669 1784//1988 1785//1982
f 1817//2020 1829//2044 1839//2043
f 1845//322 1817//2020 1839//2043
f 1842//2045 1657//1669 1840//2046
f 1842//2045 1784//1988 1657//1669
f 1814//2027 1838//2042 1830//2041
f 1844//2047 1839//2043 1838//2042
f 1823//1986 1801//1968 1799//1999
f 1842//2045 1840//2046 1858//2048
f 1817//2020 1845//322 264//305
f 1790//2025 846//990 1920//2049
f 749//1007 842//991 1790//2025
f 1485//1672 1836//2023 1824//2028
f 1849//1899 1579//1762 1801//1968
f 1608//1793 1760//1961 1846//2037
f 1849//1899 1848//2050 1579//1762
f 1760//1961 1766//1960 1850//1107
f 1790//2025 842//991 846//990
f 1715//1923 1847//2051 1901//2052
f 1760//1961 1850//1107 1846//2037
f 1838//2042 1853//2053 1844//2047
f 1845//322 1839//2043 1844//2047
f 1879//2054 1866//2055 1825//2024
f 1851//1952 1920//2049 1939//2056
f 1837//2057 1715//1923 1703//1903
f 1814//2027 1826//2026 1838//2042
f 1842//2045 1835//2032 1784//1988
f 1851//1952 1757//1008 1790//2025
f 1826//2026 1865//2058 1838//2042
f 1715//1923 1837//2057 1847//2051
f 1843//1990 1834//1989 1852//2059
f 1857//2060 1858//2048 1840//2046
f 1825//2024 1848//2050 1879//2054
f 1860//1922 1709//1908 1720//1987
f 1872//2061 1857//2060 1840//2046
f 1854//2062 749//1007 1809//2014
f 1809//2014 1861//2063 1854//2062
f 1827//2034 1805//2004 1788//1517
f 1827//2034 1788//1517 1843//1990
f 1855//2021 1860//1922 1862//2064
f 1657//1669 1581//1750 1840//2046
f 1862//2064 1860//1922 1863//1998
f 1863//1998 1802//1997 1864//2065
f 1852//2059 1827//2034 1859//2066
f 1720//1987 1863//1998 1860//1922
f 1827//2034 1843//1990 1859//2066
f 1828//2029 1804//1978 1809//2014
f 1852//2059 1834//1989 1827//2034
f 1818//2016 749//1007 1755//1953
f 1825//2024 1579//1762 1848//2050
f 964//1109 1794//2002 3371//2067
f 1843//1990 1852//2059 1586//2068
f 1766//1960 1794//2002 1850//1107
f 1859//2066 1586//2068 1852//2059
f 1794//2002 964//1109 1850//1107
f 1843//1990 1586//2068 1859//2066
f 1836//2023 1821//2022 1846//2037
f 1823//1986 1786//1974 1825//2024
f 1703//1903 1767//1970 1837//2057
f 1767//1970 1856//1971 1837//2057
f 1868//2069 1874//2070 1867//2071
f 1823//1986 1825//2024 1866//2055
f 1853//2053 1868//2069 1867//2071
f 2121//2072 1840//2046 1581//1750
f 1866//2055 1717//1891 1690//1890
f 1690//1890 1801//1968 1823//1986
f 1849//1899 1801//1968 1690//1890
f 1857//2060 1870//2073 1842//2045
f 1857//2060 1842//2045 1858//2048
f 1844//2047 1853//2053 1867//2071
f 1843//1990 1517//1515 1483//1646
f 1843//1990 1788//1517 1517//1515
f 1828//2029 1818//2016 1755//1953
f 1845//322 1844//2047 1867//2071
f 1870//2073 1835//2032 1842//2045
f 1804//1978 1861//2063 1809//2014
f 1865//2058 1868//2069 1853//2053
f 1838//2042 1865//2058 1853//2053
f 695//819 1871//2074 717//835
f 1777//1977 1828//2029 1861//2063
f 1804//1978 1777//1977 1861//2063
f 749//1007 1854//2062 1755//1953
f 1857//2060 1872//2061 1870//2073
f 2231//2075 2476//2076 1872//2061
f 1540//1736 1554//1658 1586//1746
f 1873//2077 1861//2063 1755//1953
f 958//1106 1846//2037 1850//1107
f 1828//2029 1755//1953 1861//2063
f 1871//2074 695//819 711//820
f 1874//2070 1875//2078 1877//730
f 1874//2070 1877//730 1867//2071
f 1876//2079 1877//730 1875//2078
f 711//820 618//600 1876//2079
f 195//250 1888//2080 2017//2081
f 1845//322 1867//2071 1877//730
f 618//600 1877//730 1876//2079
f 195//250 1777//1977 1888//2080
f 195//250 768//275 1777//1977
f 1874//2070 3600//2082 1896//2083
f 1871//2074 711//820 1876//2079
f 1888//2080 1777//1977 1884//2084
f 1777//1977 166//228 1884//2084
f 166//228 184//229 1884//2084
f 1882//2085 1883//2086 1884//2084
f 1871//2074 1876//2079 3491//2087
f 1854//2062 1861//2063 1883//2088
f 1889//2089 1881//2090 1880//2091
f 1885//2092 1831//2040 1841//2039
f 1883//2088 1882//2085 1854//2062
f 1883//2086 1882//2093 1888//2080
f 1861//2063 1882//2093 1883//2088
f 1856//1971 1847//2051 1837//2057
f 1888//2080 1884//2084 1883//2086
f 1847//2051 1856//1971 1869//2094
f 1592//1995 1813//2017 1819//1985
f 1887//2095 1876//2079 1875//2078
f 1887//2095 1886//2096 1876//2079
f 1882//2093 1959//2097 1888//2080
f 1874//2070 1886//2096 1887//2095
f 1890//2098 1892//2099 1903//2100
f 1874//2070 1887//2095 1875//2078
f 1874//2070 1896//2083 1886//2096
f 3491//2087 1876//2079 1886//2096
f 1795//2038 1831//2040 1891//2101
f 958//1106 966//1115 1892//2099
f 1567//1749 1893//1794 1693//1889
f 1849//1899 1690//1890 1693//1889
f 1901//2052 1895//2102 1715//1923
f 1891//2101 2472//2103 2931//2104
f 1727//1906 1715//1923 1895//2102
f 1891//2101 1831//2040 2472//2103
f 1622//1804 1538//1716 1542//1722
f 1892//2099 966//1115 1900//2105
f 1892//2099 1900//2105 1894//2106
f 1866//2055 1690//1890 1823//1986
f 1586//1746 2629//2107 1570//1747
f 1865//2058 1826//2026 1902//2108
f 1902//2108 1826//2026 1855//2021
f 1866//2055 1879//2054 1897//2109
f 1903//2100 1894//2106 1949//2110
f 1892//2099 1894//2106 1903//2100
f 1902//2108 1855//2021 1862//2064
f 1717//1891 1866//2055 1897//2109
f 1915//2111 1660//1839 1685//1914
f 1915//2111 1562//1745 1660//1839
f 1915//2111 1906//2112 1562//1745
f 1884//2084 1966//2113 1882//2085
f 1621//1818 1898//1984 1636//1815
f 1953//2114 1854//2062 1882//2085
f 1302//1415 1920//2049 830//992
f 1994//2115 1988//2116 1904//2117
f 1618//1820 1905//2118 1632//1821
f 1678//1823 830//992 1753//995
f 1682//1807 1562//1745 1906//2112
f 1895//2102 1901//2052 1727//1906
f 1727//1906 1901//2052 1899//2119
f 857//1004 1290//1390 1911//2120
f 1701//1911 1915//2111 1685//1914
f 1908//2121 1910//2122 1822//2009
f 1878//2123 1880//2091 2148//2124
f 1878//2123 1889//2089 1880//2091
f 1681//1902 1678//1823 1753//995
f 1656//1845 1918//2125 1916//2126
f 1753//995 842//991 1757//1008
f 2492//2127 1656//1845 1650//1835
f 1659//1846 1648//1836 1665//1850
f 1302//1415 867//1014 1920//2049
f 1904//2117 1949//2110 1994//2115
f 1903//2100 1949//2110 1904//2117
f 1912//2128 1903//2100 1904//2117
f 1920//2049 846//990 830//992
f 1924//1773 1909//1879 1622//1804
f 1923//2129 1618//1820 1659//1846
f 1890//2098 1903//2100 1912//2128
f 1923//2129 1665//1850 1927//2130
f 1659//1846 1665//1850 1923//2129
f 1755//1953 1922//1972 1753//995
f 1917//2131 1906//2112 1915//2111
f 1618//1820 1923//2129 1905//2118
f 1682//1807 1906//2112 1917//2131
f 1681//1902 1922//1972 1716//1920
f 1934//2132 1682//1807 1917//2131
f 1924//1773 1800//1774 1928//2133
f 1912//2128 1904//2117 1925//2134
f 1672//1831 1822//2009 1910//2122
f 1881//2090 2056//2135 1926//2136
f 1907//2137 1908//2121 1822//2009
f 1954//2138 1929//2139 1922//1972
f 1716//1920 1922//1972 1929//2139
f 1914//2140 1945//2141 1913//1927
f 1917//2131 1931//2142 1934//2132
f 1923//2129 1927//2130 1930//2143
f 1930//2143 1936//2144 1923//2129
f 1934//2132 1931//2142 2861//2145
f 1899//2119 1914//2140 1913//1927
f 1727//1906 1899//2119 1913//1927
f 966//1115 981//1119 1958//2146
f 571//2147 1933//2148 567//2149
f 1958//2146 1900//2105 966//1115
f 1698//1808 1682//1807 1934//2132
f 1914//2140 1899//2119 1945//2141
f 1938//2150 1921//2151 1880//2091
f 867//1014 1939//2056 1920//2049
f 1880//2091 1926//2136 1938//2150
f 1898//1984 1935//2030 1819//1985
f 1928//2133 1771//2005 1935//2030
f 1938//2150 1940//2152 1921//2151
f 1851//1952 1790//2025 1920//2049
f 1880//2091 1881//2090 1926//2136
f 1873//2077 1755//1953 1851//1952
f 1937//2153 1899//2119 1901//2052
f 1933//2148 1599//1779 1965//2154
f 1947//2155 1873//2077 1939//2056
f 1854//2062 1922//1972 1755//1953
f 1847//2051 1937//2153 1901//2052
f 1847//2051 1869//2094 1937//2153
f 1599//1779 1933//2148 571//2147
f 1873//2077 1851//1952 1939//2056
f 1909//1879 1928//2133 1935//2030
f 1936//2144 1942//2156 1923//2129
f 1598//1780 1599//1779 571//2147
f 1941//2157 1894//2106 1900//2105
f 1542//1722 1924//1773 1622//1804
f 1924//1773 1928//2133 1909//1879
f 1898//1984 1952//2158 1935//2030
f 567//2149 1946//2159 569//670
f 2064//2160 1942//2156 2063//2161
f 867//1014 895//1046 1939//2056
f 1900//2105 1958//2146 1941//2157
f 1944//2162 1945//2141 1937//2153
f 1937//2153 1945//2141 1899//2119
f 1665//1850 1656//1845 1916//2126
f 1943//2163 1951//2164 1946//2159
f 1941//2157 1949//2110 1894//2106
f 1946//2159 726//832 569//670
f 1950//2165 1916//2126 1957//2166
f 1937//2153 1869//2094 1948//2167
f 1939//2056 2673//2168 1947//2155
f 1909//1879 1935//2030 1952//2158
f 726//832 1946//2159 1951//2164
f 1869//2094 1856//1971 1948//2167
f 1938//2150 2218//2169 1940//2152
f 1952//2158 1631//1814 1694//1886
f 1694//1886 1631//1814 1651//1860
f 1898//1984 1643//1877 1636//1815
f 1931//2142 1917//2131 1915//2111
f 1933//2148 1946//2159 567//2149
f 1918//2125 2492//2127 1961//2170
f 1952//2158 1621//1818 1631//1814
f 1955//1126 1038//1193 979//1127
f 1002//1138 1958//2146 981//1119
f 1953//2114 1922//1972 1854//2062
f 1948//2167 1783//1967 1956//2171
f 1861//2063 1959//2097 1882//2093
f 1948//2167 1856//1971 1783//1967
f 1918//2125 1961//2170 1957//2166
f 1959//2097 1861//2063 1873//2077
f 1947//2155 1990//2172 1873//2077
f 1898//1984 1621//1818 1952//2158
f 1962//2173 2038//2174 1964//2175
f 1919//2176 1921//2151 1968//2177
f 994//1129 987//1133 1960//2178
f 1973//2179 1964//2180 1981//2181
f 1962//2182 1981//2181 1964//2180
f 1966//2113 1884//2084 2038//2174
f 987//1133 1228//1379 1960//2178
f 1953//2114 1882//2085 1966//2113
f 1643//1877 1898//1984 1787//1983
f 1965//2154 1599//1779 3326//2183
f 1643//1877 1787//1983 1795//2038
f 1957//2166 1961//2170 2042//2184
f 1203//1355 1967//1943 1979//2185
f 1919//2176 1968//2177 1963//2186
f 1203//1355 1731//1354 1967//1943
f 1962//2182 1954//2138 1953//2114
f 1937//2153 1975//2187 1972//2188
f 1981//2181 1962//2182 1953//2114
f 1748//1946 1672//1831 2136//2189
f 2136//2189 1672//1831 1910//2122
f 1909//1879 1952//2158 1694//1886
f 1969//2190 1978//2191 1991//2192
f 1748//1946 2136//2189 1745//1944
f 1977//2193 1745//1944 2136//2189
f 1954//2138 1962//2182 1964//2194
f 1954//2138 1922//1972 1953//2114
f 1959//2097 1953//2114 1966//2113
f 1967//1943 1745//1944 1979//2185
f 1966//2113 1888//2080 1959//2097
f 1919//2176 1963//2186 1971//2195
f 2032//2196 1941//2157 1958//2146
f 1959//2097 1873//2077 1953//2114
f 1970//2197 1944//2162 1972//2188
f 1973//2198 1966//2113 1964//2199
f 1771//2005 1800//1774 1575//1996
f 1968//2177 1976//2200 1974//2201
f 1038//1193 1955//1126 1969//2190
f 1771//2005 1928//2133 1800//1774
f 1940//2152 1976//2200 1968//2177
f 1955//1126 1980//2202 1969//2190
f 1940//2152 2218//2169 1976//2200
f 1960//2178 1980//2202 1955//1126
f 1921//2151 1940//2152 1968//2177
f 1955//1126 994//1129 1960//2178
f 1964//2194 1973//2203 1954//2138
f 1980//2202 1978//2191 1969//2190
f 1984//2204 1949//2110 1941//2157
f 1984//2204 1941//2157 2032//2196
f 1954//2138 1981//2181 1929//2139
f 1985//2205 1929//2139 1981//2181
f 1944//2162 1937//2153 1972//2188
f 1990//2172 1985//2205 1981//2181
f 1975//2187 1970//2197 1972//2188
f 1987//2206 1643//1877 1891//2101
f 1933//2148 1965//2154 1986//2207
f 1529//1684 1443//1618 1436//1620
f 1953//2114 1873//2077 1981//2181
f 1986//2207 1965//2154 1995//2208
f 1992//2209 1529//1684 1436//1620
f 1950//2165 1957//2166 2042//2184
f 1987//2206 1891//2101 2931//2104
f 1981//2181 1873//2077 1990//2172
f 1933//2148 1943//2163 1946//2159
f 1986//2207 1943//2163 1933//2148
f 2909//2210 1990//2172 1947//2155
f 1038//1193 1969//2190 1068//1212
f 1943//2163 3133//2211 1951//2164
f 1891//2101 1643//1877 1795//2038
f 1991//2192 1068//1212 1969//2190
f 1948//2167 1989//2212 1975//2187
f 1995//2208 3332//487 1304//577
f 1987//2206 1750//1951 1643//1877
f 1993//2213 1750//1951 1987//2206
f 1421//1591 1068//1212 1407//1593
f 1956//2171 2666//2214 1948//2167
f 1996//2215 1745//1944 1977//2193
f 1996//2215 1979//2185 1745//1944
f 1752//2216 1762//2217 1997//2218
f 1937//2153 1948//2167 1975//2187
f 1979//2185 1996//2215 1998//2219
f 1979//2185 2005//2220 1267//1422
f 1988//2116 1994//2115 2000//2221
f 1203//1355 1979//2185 1267//1422
f 2046//2222 1999//2223 2000//2221
f 2000//2221 1994//2115 1949//2110
f 1992//2209 1436//1620 1983//2224
f 2001//970 1975//2187 1989//2212
f 1970//2197 2001//970 15//965
f 2004//2225 1998//2219 1996//2215
f 1988//2116 2007//2226 2006//2227
f 2005//2220 1979//2185 1998//2219
f 1988//2116 2000//2221 2007//2226
f 2006//2227 1904//2117 1988//2116
f 1469//1657 1983//2224 1436//1620
f 1992//2209 1983//2224 2008//2228
f 2005//2220 1277//1436 1267//1422
f 1995//2208 2009//578 1986//2207
f 1983//2224 2018//2229 1982//2230
f 3376//2231 1986//2207 2009//578
f 1995//2208 1304//577 2009//578
f 1983//2224 1982//2230 2008//2228
f 2003//2232 184//229 198//244
f 2006//2227 1925//2134 1904//2117
f 2001//970 1970//2197 1975//2187
f 2000//2221 1999//2223 2007//2226
f 3376//2231 1943//2163 1986//2207
f 1762//2217 2040//2233 1997//2218
f 1932//2234 1925//2134 2006//2227
f 1884//2084 184//229 2003//2232
f 476//561 483//596 2010//2235
f 476//561 2010//2235 2021//2236
f 2004//2225 2005//2220 1998//2219
f 195//250 2017//2081 2717//251
f 195//250 2717//251 196//248
f 1993//2213 2020//2237 2040//2233
f 1469//1657 2022//2238 2018//2229
f 2016//2239 1888//2080 1966//2113
f 2005//2220 2026//1705 2019//2240
f 2018//2229 1983//2224 1469//1657
f 1997//2218 2040//2233 2020//2237
f 1526//2241 1277//1436 2019//2240
f 1958//2146 1002//1138 1019//1166
f 1469//1657 1471//1661 2023//2242
f 2005//2220 2019//2240 1277//1436
f 2017//2081 1888//2080 2016//2239
f 1502//1692 1277//1436 2026//1705
f 2026//1705 1277//1436 1526//2241
f 1469//1657 2023//2242 2022//2238
f 2024//2243 2028//2244 2021//2236
f 2023//2242 1471//1661 1470//1663
f 2028//2244 476//561 2021//2236
f 2056//2135 2018//2229 2022//2238
f 2025//2245 1997//2218 2020//2237
f 2016//2239 2029//2246 2017//2081
f 2061//1954 2014//2247 1018//1158
f 1019//1166 1018//1158 2014//2247
f 1958//2146 1019//1166 2014//2247
f 631//731 2061//1954 1018//1158
f 631//731 1018//1158 623//723
f 435//422 476//561 2028//2244
f 2016//2239 2037//2248 2029//2246
f 2034//2249 2056//2135 1881//2090
f 2030//2250 2047//2251 2031//2252
f 2002//2253 2036//2254 2003//2232
f 1982//2230 2018//2229 2034//2249
f 2016//2239 1966//2113 2037//2248
f 2038//2174 1884//2084 2003//2232
f 2003//2232 2037//2248 2038//2174
f 1962//2173 1966//2113 2038//2174
f 1958//2146 2014//2247 2032//2196
f 2032//2196 2041//2255 1984//2204
f 2042//2184 2043//2256 1950//2165
f 2034//2249 2018//2229 2056//2135
f 2041//2255 2045//2257 1984//2204
f 1916//2126 1918//2125 1957//2166
f 2039//2258 2047//2251 2030//2250
f 2037//2248 1966//2113 2048//2259
f 1964//2175 2038//2174 1973//2203
f 2048//2259 1973//2203 2038//2174
f 2038//2174 2037//2248 2048//2259
f 2048//2259 1966//2113 1973//2198
f 1962//2173 1964//2199 1966//2113
f 1750//1951 1993//2213 2040//2233
f 1981//2181 1954//2138 2048//2260
f 2048//2260 1973//2179 1981//2181
f 2048//2260 1954//2138 1973//2203
f 2033//2261 2050//2262 2027//2263
f 1936//2144 1930//2143 2055//2264
f 2003//2232 2036//2254 2037//2248
f 3670//2265 2020//2237 1993//2213
f 2056//2135 2022//2238 2049//2266
f 2029//2246 2037//2248 2036//2254
f 2025//2245 2020//2237 3670//2265
f 1936//2144 2055//2264 2063//2161
f 1984//2204 2046//2222 1949//2110
f 2046//2222 2000//2221 1949//2110
f 2049//2266 1926//2136 2056//2135
f 1930//2143 1927//2130 1950//2165
f 2058//2267 2003//2232 198//244
f 1930//2143 1950//2165 2055//2264
f 2058//2267 198//244 1739//1940
f 2093//2268 2003//2232 2058//2267
f 2050//2262 2028//2244 2027//2263
f 2054//2269 2031//2252 2047//2251
f 2054//2269 2035//2270 2031//2252
f 1984//2204 2045//2257 2046//2222
f 2028//2244 2051//2271 2027//2263
f 2014//2247 2061//1954 2060//2272
f 2028//2244 2024//2243 2051//2271
f 1982//2230 2059//2273 2107//2274
f 2065//2275 1548//1728 1556//1727
f 2093//2268 2058//2267 1739//1940
f 1942//2156 1936//2144 2063//2161
f 1548//1728 2065//2275 2057//2276
f 2053//2277 2054//2269 2052//2278
f 2053//2277 2035//2270 2054//2269
f 2062//783 2010//2235 664//767
f 2063//2161 2069//2279 2064//2160
f 2055//2264 2069//2279 2063//2161
f 2032//2196 2014//2247 2060//2272
f 2041//2255 2032//2196 2060//2272
f 2064//2160 2069//2279 2070//2280
f 2061//1954 630//733 1791//1992
f 1791//1992 2071//1993 2061//1954
f 2065//2275 2068//2281 2057//2276
f 2010//2235 483//596 664//767
f 2071//1993 2060//2272 2061//1954
f 2074//2282 2046//2222 2045//2257
f 2045//2257 2095//2283 2074//2282
f 2080//2284 2163//2285 2189//2286
f 2079//2036 2060//2272 2071//1993
f 2060//2272 2079//2036 2041//2255
f 2067//2287 1398//1578 2066//2288
f 2081//2289 1548//1728 2057//2276
f 2077//1770 1548//1728 2081//2289
f 2055//2264 2078//2290 2069//2279
f 2059//2273 2080//2284 2094//2291
f 2057//2276 2068//2281 2081//2289
f 2059//2273 2163//2285 2080//2284
f 2081//2289 2068//2281 2111//2292
f 2067//2287 1349//1565 1398//1578
f 2067//2287 1739//1940 1722//1924
f 1352//1503 1349//1565 2067//2287
f 1722//1924 1352//1503 2067//2287
f 2093//2268 1739//1940 2067//2287
f 2093//2268 2067//2287 2066//2288
f 2082//2293 2072//2294 2078//2290
f 2083//2295 2073//2296 2054//2269
f 2054//2269 2073//2296 2052//2278
f 679//784 2075//2297 2062//783
f 2075//2297 2010//2235 2062//783
f 2087//2298 2085//2299 2086//2300
f 2087//2298 2075//2297 2085//2299
f 2072//2294 2140//2301 2092//2302
f 2079//2036 2090//2303 2041//2255
f 2109//2304 2090//2303 1832//2031
f 2090//2303 2079//2036 1832//2031
f 2116//2305 2087//2298 2086//2300
f 2072//2294 2092//2302 2070//2280
f 2097//2306 2088//2307 2089//2308
f 2044//2309 2005//2220 2004//2225
f 2097//2306 2039//2258 2306//2310
f 2087//2298 2010//2235 2075//2297
f 2069//2279 2078//2290 2072//2294
f 2099//2311 2098//2312 2093//2268
f 2069//2279 2072//2294 2070//2280
f 2024//2243 2021//2236 2087//2298
f 2021//2236 2010//2235 2087//2298
f 2109//2304 1832//2031 1835//2032
f 2096//2313 2714//2314 2103//2315
f 2097//2306 2047//2251 2039//2258
f 2714//2314 2164//2316 2103//2315
f 2093//2268 2066//2288 2099//2311
f 2089//2308 2102//2317 2097//2306
f 772//887 2075//2297 679//784
f 2076//2318 2054//2269 2047//2251
f 2082//2293 2078//2290 2055//2264
f 2047//2251 2097//2306 2076//2318
f 2003//2232 2093//2268 2002//2253
f 2100//902 2075//2297 772//887
f 2102//2317 2076//2318 2097//2306
f 2100//902 2085//2299 2075//2297
f 2085//2299 2100//902 2105//2319
f 1950//2165 2115//2320 2055//2264
f 2101//2321 2074//2282 2095//2283
f 753//873 905//1051 2100//902
f 2026//1705 2005//2220 2044//2309
f 2101//2321 2095//2283 2090//2303
f 2395//2322 2105//2319 2394//2323
f 2044//2309 2121//2072 2026//1705
f 2105//2319 2100//902 2394//2323
f 2082//2293 2055//2264 2108//2324
f 2113//2325 2094//2291 2119//2326
f 2086//2300 2085//2299 2105//2319
f 2068//2281 2096//2313 2111//2292
f 2055//2264 2115//2320 2108//2324
f 1526//2241 2019//2240 2026//1705
f 2116//2305 2051//2271 2024//2243
f 2081//2289 2111//2292 2110//2327
f 2109//2304 2084//2328 2126//2329
f 2116//2305 2024//2243 2087//2298
f 1835//2032 2084//2328 2109//2304
f 2093//2268 2112//2330 2002//2253
f 2090//2303 2045//2257 2041//2255
f 2045//2257 2090//2303 2095//2283
f 2113//2325 2119//2326 2114//2331
f 2059//2273 2094//2291 2113//2325
f 2093//2268 2098//2312 2112//2330
f 2105//2319 2125//2332 2086//2300
f 2033//2261 2051//2271 2122//2333
f 2123//2334 2091//2335 2120//2336
f 2122//2333 2051//2271 2125//2332
f 2395//2322 2122//2333 2125//2332
f 2116//2305 2086//2300 2125//2332
f 2098//2312 2099//2311 2127//2337
f 2116//2305 2125//2332 2051//2271
f 2106//2338 2307//2339 2124//2340
f 2104//2341 2076//2318 2102//2317
f 2051//2271 2033//2261 2027//2263
f 2120//2336 2179//2342 2123//2334
f 2179//2342 2118//2343 2123//2334
f 2130//2344 2098//2312 2127//2337
f 2107//2274 2059//2273 2113//2325
f 2101//2321 2090//2303 2132//2345
f 2088//2307 2011//2346 2012//2347
f 2126//2329 2168//2348 2109//2304
f 2118//2343 2179//2342 2128//2349
f 2105//2319 2395//2322 2125//2332
f 2088//2307 2012//2347 2089//2308
f 2094//2291 2355//2350 2119//2326
f 2121//2072 1581//1750 2026//1705
f 1581//1750 1564//1740 2026//1705
f 2090//2303 2109//2304 2132//2345
f 1665//1850 1916//2126 1927//2130
f 2104//2341 2089//2308 2012//2347
f 2130//2344 2127//2337 2131//2351
f 1980//2202 1960//2178 1228//1379
f 2127//2337 2245//2352 2131//2351
f 1228//1379 1226//1377 2134//2353
f 2712//2354 2029//2246 2143//2355
f 2117//2356 2110//2327 2129//2357
f 1916//2126 1950//2165 1927//2130
f 2137//2358 2143//2355 2029//2246
f 2036//2254 2137//2358 2029//2246
f 1999//2223 2046//2222 2141//2359
f 2141//2359 2013//2360 1999//2223
f 2137//2358 2002//2253 2112//2330
f 2036//2254 2002//2253 2137//2358
f 2129//2357 2135//2361 2117//2356
f 1982//2230 2133//2362 2008//2228
f 2133//2362 1982//2230 2107//2274
f 2108//2324 2139//2363 2082//2293
f 2139//2363 2072//2294 2082//2293
f 1978//2191 2138//2364 1991//2192
f 2092//2302 2120//2336 2091//2335
f 1878//2123 1982//2230 2034//2249
f 2112//2330 2098//2312 2143//2355
f 2137//2358 2112//2330 2143//2355
f 1889//2089 2034//2249 1881//2090
f 2103//2315 2144//2365 2147//2366
f 2140//2301 2072//2294 2139//2363
f 2103//2315 2147//2366 2096//2313
f 2147//2366 2144//2365 2129//2357
f 2110//2327 2111//2292 2129//2357
f 2145//2367 2136//2189 1908//2121
f 2111//2292 2147//2366 2129//2357
f 2111//2292 2096//2313 2147//2366
f 2130//2344 2143//2355 2098//2312
f 2182//2368 2141//2359 2156//2369
f 2146//2370 2142//2371 2130//2344
f 2089//2308 2104//2341 2102//2317
f 2142//2371 2143//2355 2130//2344
f 2149//1723 1296//1453 1689//1477
f 1908//2121 1907//2137 2145//2367
f 1716//1920 2149//1723 1719//1901
f 2136//2189 1910//2122 1908//2121
f 2154//2372 2197//2373 421//503
f 421//503 294//333 422//344
f 1689//1477 1719//1901 2149//1723
f 2074//2282 2156//2369 2141//2359
f 2074//2282 2141//2359 2046//2222
f 422//344 720//517 2151//2374
f 2136//2189 2145//2367 2181//2375
f 1543//1720 1559//2376 1546//1700
f 2012//2347 2015//2377 2104//2341
f 422//344 2154//2372 421//503
f 2151//2374 2154//2372 422//344
f 2134//2353 1980//2202 1228//1379
f 2134//2353 1978//2191 1980//2202
f 2134//2353 2138//2364 1978//2191
f 2092//2302 2140//2301 2152//2378
f 2134//2353 1230//1446 2157//2379
f 2149//1723 2172//2380 1543//1720
f 2134//2353 2157//2379 2158//2381
f 2159//2382 2160//2383 2154//2372
f 1878//2123 2148//2124 2175//2384
f 2139//2363 2152//2378 2140//2301
f 2161//2385 1929//2139 1985//2205
f 2161//2385 1716//1920 1929//2139
f 1878//2123 2034//2249 1889//2089
f 2149//1723 1716//1920 2161//2385
f 2108//2324 2115//2320 2139//2363
f 2129//2357 2160//2383 2159//2382
f 2129//2357 2144//2365 2160//2383
f 2161//2385 1985//2205 1990//2172
f 2150//2386 2418//2387 2155//2388
f 2199//2389 2197//2373 2162//2390
f 2164//2316 2199//2389 2162//2390
f 2156//2369 2101//2321 2132//2345
f 2155//2388 2104//2341 2150//2386
f 2167//2391 2103//2315 2162//2390
f 2101//2321 2156//2369 2074//2282
f 2059//2273 1982//2230 2163//2285
f 2132//2345 2109//2304 2168//2348
f 1872//2061 2169//2392 1870//2073
f 2115//2320 2171//2393 2139//2363
f 1198//1349 1230//1446 2134//2353
f 1196//1350 1198//1349 2134//2353
f 2084//2328 1835//2032 1870//2073
f 2161//2385 2172//2380 2149//1723
f 2134//2353 1226//1377 1196//1350
f 1870//2073 2169//2392 2084//2328
f 2084//2328 2169//2392 2126//2329
f 2126//2329 2169//2392 2193//2394
f 2166//2395 2165//2396 2167//2391
f 2171//2393 2043//2256 2042//2184
f 2163//2285 1982//2230 1878//2123
f 2115//2320 1950//2165 2043//2256
f 2104//2341 2155//2388 2170//2397
f 1559//2376 1543//1720 2174//2398
f 2172//2380 2174//2398 1543//1720
f 2073//2296 2083//2295 2170//2397
f 629//747 3652//2399 2174//2398
f 2076//2318 2104//2341 2083//2295
f 2043//2256 2171//2393 2115//2320
f 2170//2397 2083//2295 2104//2341
f 2083//2295 2054//2269 2076//2318
f 1594//1785 2176//1789 2099//2311
f 1594//1785 2066//2288 1398//1578
f 2006//2227 2007//2226 2013//2360
f 1996//2215 2136//2189 2181//2375
f 1594//1785 2099//2311 2066//2288
f 2197//2373 2166//2395 2167//2391
f 2013//2360 2007//2226 1999//2223
f 2141//2359 2182//2368 2013//2360
f 2138//2364 2158//2381 2173//2400
f 2163//2285 1878//2123 2175//2384
f 2099//2311 2176//1789 2183//2401
f 2152//2378 2171//2393 2178//2402
f 2183//2401 2127//2337 2099//2311
f 2184//2403 2013//2360 2239//2404
f 2238//2405 2178//2402 2171//2393
f 2013//2360 2182//2368 2185//2406
f 2183//2401 2242//2407 2127//2337
f 2013//2360 2185//2406 2239//2404
f 2152//2378 2139//2363 2171//2393
f 2138//2364 2134//2353 2158//2381
f 2163//2285 2191//2408 2189//2286
f 2197//2373 2167//2391 2162//2390
f 2180//2409 2015//2377 2012//2347
f 2150//2386 2104//2341 2015//2377
f 30//21 63//123 1606//1787
f 2157//2379 2173//2400 2158//2381
f 2165//2396 2103//2315 2167//2391
f 1996//2215 1977//2193 2136//2189
f 63//123 2186//2410 1606//1787
f 1996//2215 2181//2375 2187//2411
f 2166//2395 2144//2365 2165//2396
f 1606//1787 22//7 30//21
f 2181//2375 2190//2412 2187//2411
f 2156//2369 2185//2406 2182//2368
f 2163//2285 2175//2384 2191//2408
f 2186//2410 1607//1786 1606//1787
f 2178//2402 2120//2336 2152//2378
f 2178//2402 2179//2342 2120//2336
f 2103//2315 2165//2396 2144//2365
f 2185//2406 2156//2369 2132//2345
f 2092//2302 2152//2378 2120//2336
f 1230//1446 1288//1444 2192//2413
f 2176//1789 1610//1788 2202//2414
f 1298//1454 2192//2413 1288//1444
f 2175//2384 2148//2124 1919//2176
f 2175//2384 1919//2176 2191//2408
f 2148//2124 1921//2151 1919//2176
f 2148//2124 1880//2091 1921//2151
f 2205//2415 1654//1797 1607//1786
f 2042//2184 1961//2170 2194//2416
f 2126//2329 2193//2394 2168//2348
f 2200//2417 2195//2418 2194//2416
f 1607//1786 2204//2419 2205//2415
f 2169//2392 2263//2420 2193//2394
f 2191//2408 1971//2195 2189//2286
f 2191//2408 1919//2176 1971//2195
f 2154//2372 2160//2383 2197//2373
f 1971//2195 2080//2284 2189//2286
f 2160//2383 2144//2365 2166//2395
f 2196//2035 1298//1454 1597//1772
f 2190//2412 2299//2421 2286//2422
f 2183//2401 2176//1789 2202//2414
f 2185//2406 2132//2345 2203//2423
f 2203//2423 2132//2345 2168//2348
f 1607//1786 2186//2410 2204//2419
f 2198//2424 2192//2413 1298//1454
f 2160//2383 2166//2395 2197//2373
f 2186//2410 63//123 111//131
f 111//131 2204//2419 2186//2410
f 2168//2348 2193//2394 2211//2425
f 1298//1454 2196//2035 2198//2424
f 2192//2413 2157//2379 1230//1446
f 2208//2426 2195//2418 2200//2417
f 2157//2379 2198//2424 2188//2427
f 2192//2413 2198//2424 2157//2379
f 2205//2415 2204//2419 2209//2428
f 2300//2429 2212//2430 2207//2431
f 2211//2425 2203//2423 2168//2348
f 2280//2432 2207//2431 2212//2430
f 2219//1616 1408//1592 1407//1593
f 2217//2433 2226//2434 2211//2425
f 2206//2435 2231//2075 2177//2436
f 2145//2367 2153//2437 2181//2375
f 1991//2192 2221//2438 1407//1593
f 1926//2136 2049//2266 1938//2150
f 1407//1593 1068//1212 1991//2192
f 2216//2439 2557//2440 1911//2120
f 2138//2364 2173//2400 2221//2438
f 2221//2438 1991//2192 2138//2364
f 2218//2169 1938//2150 2223//2441
f 2215//2442 2217//2433 2211//2425
f 2128//2349 2179//2342 2220//2443
f 2210//2444 2212//2430 2297//2445
f 1407//1593 2221//2438 2219//1616
f 2181//2375 2153//2437 2224//2446
f 2201//2447 2190//2412 2224//2446
f 2225//2448 2193//2394 2263//2420
f 2190//2412 2181//2375 2224//2446
f 2188//2427 2221//2438 2173//2400
f 2224//2446 2153//2437 2222//2449
f 2215//2442 2225//2448 2243//2450
f 2221//2438 2188//2427 2219//1616
f 2225//2448 2211//2425 2193//2394
f 2211//2425 2225//2448 2215//2442
f 2222//2449 2201//2447 2224//2446
f 2201//2447 2206//2435 2177//2436
f 2222//2449 2206//2435 2201//2447
f 2188//2427 2173//2400 2157//2379
f 2219//1616 2188//2427 2229//2451
f 1437//1601 2227//2452 1519//1717
f 2177//2436 2231//2075 2295//2453
f 2443//2454 2228//2455 2204//2419
f 2171//2393 2194//2416 2238//2405
f 1437//1601 2219//1616 2227//2452
f 2235//2456 1996//2215 2187//2411
f 2004//2225 1996//2215 2235//2456
f 2213//2457 2236//2458 2214//2459
f 2236//2458 2213//2457 2011//2346
f 2232//2460 2226//2434 2217//2433
f 2198//2424 2233//2461 2229//2451
f 2217//2433 2215//2442 2232//2460
f 2178//2402 2234//2462 2179//2342
f 2233//2461 2198//2424 2196//2035
f 1522//1714 2240//2463 2196//2035
f 2239//2404 2185//2406 2203//2423
f 2198//2424 2229//2451 2188//2427
f 2228//2455 2011//2346 2213//2457
f 2501//2464 2184//2403 2239//2404
f 2230//2465 2223//2441 2278//2466
f 2229//2451 2233//2461 2240//2463
f 2240//2463 2233//2461 2196//2035
f 2077//1770 2237//2467 1595//1767
f 2240//2463 1528//1713 1519//1717
f 2209//2428 2204//2419 2213//2457
f 2237//2467 1813//2017 1595//1767
f 2219//1616 2229//2451 2227//2452
f 2204//2419 2228//2455 2213//2457
f 2229//2451 2240//2463 2227//2452
f 2127//2337 2242//2407 2245//2352
f 2227//2452 2240//2463 1519//1717
f 1522//1714 1528//1713 2240//2463
f 2230//2465 2218//2169 2223//2441
f 2196//2035 1597//1772 1303//1456
f 2183//2401 2241//2468 2242//2407
f 1813//2017 1841//2039 1819//1985
f 1593//1769 1597//1772 1298//1454
f 2245//2352 2146//2370 2131//2351
f 2146//2370 2130//2344 2131//2351
f 2180//2409 2012//2347 2228//2455
f 2242//2407 3055//2469 2245//2352
f 2228//2455 2012//2347 2011//2346
f 727//838 731//837 2244//2470
f 1974//2201 1976//2200 2302//2471
f 1976//2200 2218//2169 2230//2465
f 2239//2404 2203//2423 2265//2472
f 2242//2407 2241//2468 3055//2469
f 2202//2414 3558//2473 2241//2468
f 2022//2238 2023//2242 2247//2474
f 2202//2414 2241//2468 2183//2401
f 2203//2423 2211//2425 2243//2450
f 708//841 756//880 2250//839
f 2030//2250 1654//1797 2205//2415
f 1470//1663 2252//2475 2023//2242
f 2303//2476 2030//2250 2205//2415
f 758//879 768//275 2255//2477
f 2252//2475 2247//2474 2023//2242
f 758//879 2255//2477 2256//2478
f 768//275 229//282 2255//2477
f 2232//2460 2243//2450 2248//2479
f 2254//2480 2257//2481 2253//2482
f 2234//2462 2178//2402 2238//2405
f 2232//2460 2215//2442 2243//2450
f 2022//2238 2247//2474 2254//2480
f 2309//2483 2294//2484 2256//2478
f 2234//2462 2238//2405 2269//2485
f 2248//2479 2226//2434 2232//2460
f 2257//2481 2254//2480 2247//2474
f 2053//2277 1662//1849 2035//2270
f 2049//2266 2022//2238 2254//2480
f 2255//2477 2309//2483 2256//2478
f 2249//2486 2246//2487 2435//2488
f 2243//2450 2211//2425 2226//2434
f 2243//2450 2226//2434 2248//2479
f 2194//2416 2171//2393 2042//2184
f 2194//2416 2279//2489 2238//2405
f 2044//2309 2235//2456 2121//2072
f 1831//2040 1885//2092 2280//2432
f 2203//2423 2243//2450 2265//2472
f 2252//2475 2258//2490 2257//2481
f 2252//2475 1490//1673 2258//2490
f 2243//2450 2225//2448 2263//2420
f 2262//2491 1885//2092 1841//2039
f 1662//1849 1654//1797 2031//2252
f 2252//2475 1470//1663 1490//1673
f 1662//1849 2031//2252 2035//2270
f 2247//2474 2252//2475 2257//2481
f 2030//2250 2031//2252 1654//1797
f 2253//2482 2257//2481 2271//2492
f 2257//2481 2258//2490 2271//2492
f 2272//2493 2271//2492 2258//2490
f 2291//2494 2282//2495 1885//2092
f 2291//2494 1885//2092 2262//2491
f 2207//2496 2210//2444 2275//2497
f 2049//2266 2254//2480 2253//2482
f 2253//2482 2273//2498 2049//2266
f 2049//2266 2273//2498 1938//2150
f 2270//2499 2264//2500 2267//2501
f 2273//2498 2223//2441 1938//2150
f 2274//2502 2270//2499 2267//2501
f 1841//2039 2275//2497 2280//2432
f 2223//2441 2273//2498 2284//2503
f 2282//2495 1841//2039 2280//2432
f 2282//2495 2280//2432 1885//2092
f 1841//2039 2207//2496 2275//2497
f 2262//2491 2282//2495 2275//2497
f 2262//2491 1841//2039 2282//2495
f 2273//2498 2253//2482 2283//2504
f 2269//2485 2238//2405 2293//2505
f 756//880 758//879 2256//2478
f 2279//2489 2293//2505 2238//2405
f 2250//839 2256//2478 2266//2506
f 2256//2478 2250//839 756//880
f 2286//2422 2268//2507 2285//2508
f 2177//2436 2187//2411 2268//2507
f 2288//2509 2293//2505 2287//2510
f 2044//2309 2004//2225 2235//2456
f 2273//2498 2283//2504 2284//2503
f 2220//2443 2179//2342 2234//2462
f 2285//2508 2268//2507 2190//2412
f 1813//2017 2290//2511 1841//2039
f 2190//2412 2268//2507 2187//2411
f 2223//2441 2289//2512 2278//2466
f 2281//2513 1429//1605 1425//1604
f 2237//2467 2290//2511 1813//2017
f 2177//2436 2299//2421 2201//2447
f 2292//2514 1976//2200 2278//2466
f 2290//2511 2207//2496 1841//2039
f 2289//2512 2223//2441 2284//2503
f 2298//2515 2296//2516 2266//2506
f 2292//2514 2278//2466 2289//2512
f 1429//1605 2281//2513 1417//1595
f 2299//2421 2177//2436 2268//2507
f 2297//2445 2319//2517 2291//2494
f 1976//2200 2230//2465 2278//2466
f 2297//2445 2275//2497 2210//2444
f 2275//2497 2297//2445 2262//2491
f 2292//2514 2302//2471 1976//2200
f 2299//2421 2190//2412 2201//2447
f 2275//2497 2291//2494 2300//2429
f 2291//2494 2262//2491 2297//2445
f 2275//2497 2282//2495 2291//2494
f 2285//2508 2190//2412 2286//2422
f 1417//1595 2281//2513 2270//2499
f 2205//2415 2209//2428 2303//2476
f 2292//2514 2289//2512 2302//2471
f 2299//2421 2268//2507 2286//2422
f 2291//2494 2212//2430 2300//2429
f 2234//2462 2269//2485 2220//2443
f 2289//2512 2308//2518 2302//2471
f 2312//2519 2276//2520 2277//2521
f 2312//2519 2277//2521 2315//2522
f 2270//2499 2281//2513 2264//2500
f 1417//1595 2274//2502 2370//2523
f 2332//2524 2333//2525 2220//2443
f 2231//2075 1840//2046 2121//2072
f 2121//2072 2295//2453 2231//2075
f 2332//2524 2220//2443 2269//2485
f 2289//2512 2284//2503 2316//2526
f 2289//2512 2316//2526 2308//2518
f 2608//2527 2312//2519 2305//2528
f 2288//2509 2269//2485 2293//2505
f 2235//2456 2295//2453 2121//2072
f 2317//2529 2308//2518 2316//2526
f 2030//2250 2303//2476 2306//2310
f 2306//2310 2039//2258 2030//2250
f 2315//2522 2277//2521 2304//2530
f 2305//2528 2312//2519 2315//2522
f 2315//2522 36//2531 2322//2532
f 2337//2533 2310//2534 2311//2535
f 2311//2535 2320//2536 1461//1640
f 2320//2536 2321//2537 1461//1640
f 2315//2522 2304//2530 36//2531
f 2284//2503 2283//2504 2316//2526
f 2266//2506 2256//2478 2294//2484
f 3123//2538 2318//2539 2272//2493
f 2295//2453 2187//2411 2177//2436
f 2295//2453 2235//2456 2187//2411
f 2266//2506 2294//2484 2298//2515
f 2283//2504 2272//2493 2318//2539
f 2321//2537 1462//1641 1461//1640
f 2320//2536 2311//2535 2310//2534
f 2321//2537 2408//2540 1462//1641
f 2053//2277 2324//1852 1662//1849
f 1872//2061 1840//2046 2231//2075
f 2271//2492 2272//2493 2283//2504
f 2253//2482 2271//2492 2283//2504
f 2321//2537 2403//2541 2408//2540
f 1668//1841 1662//1849 2324//1852
f 2283//2504 2318//2539 2316//2526
f 2318//2539 2317//2529 2316//2526
f 2324//1852 2073//2296 2328//2542
f 2210//2444 2207//2496 2290//2511
f 2028//2244 2329//2543 435//422
f 2053//2277 2073//2296 2324//1852
f 2466//2544 2210//2444 2290//2511
f 2301//2545 2298//2515 2294//2484
f 2073//2296 2053//2277 2052//2278
f 2332//2524 2269//2485 2288//2509
f 2206//2435 2325//2546 2231//2075
f 2344//2547 2333//2525 2332//2524
f 2327//2548 2326//2549 2274//2502
f 2274//2502 2326//2549 2370//2523
f 1417//1595 2270//2499 2274//2502
f 2334//2550 1101//1268 2338//1269
f 2301//2545 2296//2516 2298//2515
f 2337//2533 2356//2551 2310//2534
f 36//2531 2454//2552 2322//2532
f 2323//2553 2319//2517 2212//2430
f 2328//2542 2430//2554 1667//1853
f 1667//1853 2324//1852 2328//2542
f 2340//2555 2329//2543 2341//2556
f 2342//2557 2310//2534 3049//2558
f 2340//2555 2335//2559 2329//2543
f 2341//2556 2329//2543 2330//2560
f 2341//2556 2336//2561 2340//2555
f 2338//1269 1102//1271 2334//2550
f 2081//2289 2237//2467 2077//1770
f 2343//2562 2306//2310 2303//2476
f 2329//2543 2050//2262 2330//2560
f 2334//2550 1102//1271 1101//1268
f 2220//2443 2354//2563 2357//2564
f 2329//2543 2028//2244 2050//2262
f 2213//2457 2303//2476 2209//2428
f 2237//2467 2307//2339 2290//2511
f 2097//2306 2350//2565 2088//2307
f 2330//2560 2348//2566 2341//2556
f 2349//2567 2288//2509 2220//2443
f 2260//2568 2310//2534 2342//2557
f 2355//2350 2094//2291 2080//2284
f 2310//2534 2260//2568 2261//2569
f 2080//2284 1971//2195 2355//2350
f 2326//2549 2327//2548 2356//2551
f 2354//2563 2220//2443 2333//2525
f 2341//2556 2348//2566 2355//2350
f 1963//2186 2355//2350 1971//2195
f 2354//2563 2333//2525 2413//2570
f 1963//2186 2336//2561 2355//2350
f 2341//2556 2355//2350 2336//2561
f 2310//2534 2356//2551 3049//2558
f 2360//2571 2236//2458 2350//2565
f 2348//2566 2330//2560 2524//2572
f 2345//2573 2344//2547 2358//2574
f 2303//2476 2213//2457 2214//2459
f 2033//2261 2330//2560 2050//2262
f 2524//2572 2330//2560 2033//2261
f 2214//2459 2360//2571 2303//2476
f 1079//1275 1102//1271 2338//1269
f 2303//2476 2360//2571 2343//2562
f 2364//2575 2362//2576 2366//2577
f 2369//2578 2301//2545 2294//2484
f 2294//2484 2309//2483 2369//2578
f 2259//2579 2369//2578 2309//2483
f 2362//2576 2363//2580 2366//2577
f 2259//2579 2361//2581 2369//2578
f 2336//2561 1963//2186 2366//2577
f 2326//2549 2356//2551 2337//2533
f 2359//2582 2349//2567 2354//2563
f 2363//2580 2336//2561 2366//2577
f 2336//2561 2363//2580 2340//2555
f 2345//2573 2358//2574 2354//2563
f 2354//2563 2349//2567 2345//2573
f 2237//2467 2110//2327 2117//2356
f 2081//2289 2110//2327 2237//2467
f 2373//2583 2097//2306 2306//2310
f 2369//2578 2376//2584 2301//2545
f 2365//2585 2352//2586 2374//2587
f 2364//2575 2390//2588 2371//2589
f 2349//2567 3325//2590 2357//2564
f 2326//2549 2337//2533 2370//2523
f 2362//2576 2364//2575 2371//2589
f 2357//2564 3325//2590 3348//2591
f 2365//2585 2372//2592 2352//2586
f 1461//1640 1460//1596 2370//2523
f 2377//2593 2519//2594 2362//2576
f 2307//2339 2237//2467 2117//2356
f 2377//2593 2362//2576 2371//2589
f 2343//2562 2373//2583 2306//2310
f 2602//2595 2301//2545 2376//2584
f 2379//2596 2378//2597 2117//2356
f 2370//2523 1460//1596 1417//1595
f 2375//2598 2376//2584 2369//2578
f 2369//2578 2361//2581 2375//2598
f 2384//2599 2366//2577 1974//2201
f 2357//2564 2354//2563 2358//2574
f 1461//1640 2370//2523 2311//2535
f 3119//2600 2357//2564 3348//2591
f 2366//2577 1968//2177 1974//2201
f 2381//2601 2383//2602 2380//2603
f 2349//2567 2357//2564 2358//2574
f 2293//2505 2279//2489 2344//2547
f 2359//2582 2358//2574 2344//2547
f 2383//2602 2375//2598 2380//2603
f 2366//2577 1963//2186 1968//2177
f 2383//2602 2376//2584 2375//2598
f 2311//2535 2370//2523 2337//2533
f 2313//2604 2344//2547 2279//2489
f 2343//2562 2360//2571 2373//2583
f 2382//2605 2372//2592 2365//2585
f 2384//2599 2364//2575 2366//2577
f 282//347 331//348 337//389
f 2347//2606 2314//2607 2351//2608
f 337//389 366//391 2389//2609
f 1128//1273 1080//1321 2368//1320
f 2379//2596 2351//2608 2378//2597
f 2391//2610 1050//1205 2386//1199
f 2388//2611 2390//2588 2384//2599
f 2250//839 2266//2506 2386//1199
f 282//347 337//389 2389//2609
f 2364//2575 2384//2599 2390//2588
f 1094//1192 1050//1205 2391//2610
f 2351//2608 2314//2607 2378//2597
f 2288//2509 2349//2567 2332//2524
f 2395//2322 2394//2323 2392//2612
f 366//391 675//782 2389//2609
f 2393//2613 2386//1199 2266//2506
f 2368//1320 2367//1651 1128//1273
f 2367//1651 2368//1320 2396//2614
f 2397//2615 2378//2597 2314//2607
f 2351//2608 2379//2596 2400//2616
f 2338//1269 2414//2617 2396//2614
f 2407//2618 2351//2608 2400//2616
f 2573//776 2399//2619 2392//2612
f 2350//2565 2097//2306 2373//2583
f 2360//2571 2350//2565 2373//2583
f 2397//2615 2347//2606 2319//2517
f 2401//2620 2402//1231 1088//1233
f 2266//2506 2409//2621 2410//2622
f 2347//2606 2407//2618 2319//2517
f 2405//2623 2122//2333 2395//2322
f 2404//2624 2319//2517 2407//2618
f 2297//2445 2212//2430 2319//2517
f 2033//2261 2122//2333 2523//2625
f 2403//2541 2321//2537 2320//2536
f 2404//2624 2323//2553 2212//2430
f 1462//1641 2408//2540 1498//1682
f 2344//2547 2349//2567 2359//2582
f 2011//2346 2088//2307 2236//2458
f 2419//2626 2405//2623 2395//2322
f 2416//2627 2408//2540 2403//2541
f 2413//2570 2313//2604 2359//2582
f 2416//2627 1498//1682 2408//2540
f 2359//2582 2451//2628 2358//2574
f 1079//1275 2338//1269 2396//2614
f 1079//1275 2396//2614 2368//1320
f 2410//2622 2417//2629 2266//2506
f 2410//2622 2406//2630 2420//2631
f 2412//2632 2403//2541 2320//2536
f 2354//2563 2413//2570 2359//2582
f 2266//2506 2296//2516 2409//2621
f 2349//2567 2344//2547 2413//2633
f 2412//2632 2398//2634 2415//2635
f 2413//2633 2332//2524 2349//2567
f 2360//2571 2214//2459 2236//2458
f 2088//2307 2350//2565 2236//2458
f 2419//2626 2399//2619 2411//2636
f 2496//2637 2420//2631 2417//2629
f 2416//2627 2403//2541 2415//2635
f 2415//2635 2403//2541 2412//2632
f 2664//2638 2419//2626 2625//2639
f 2150//2386 2447//2640 2418//2387
f 2416//2627 1508//1690 1498//1682
f 2569//2641 2405//2623 2419//2626
f 2419//2626 2392//2612 2399//2619
f 2387//2642 2155//2388 2418//2387
f 2419//2626 2395//2322 2392//2612
f 2382//2605 2365//2585 2374//2587
f 2414//2617 2338//1269 1475//1615
f 2372//2592 2382//2605 2374//2587
f 2416//2627 2452//1726 1508//1690
f 2979//2643 2956//2644 2372//2592
f 2320//2536 2261//2569 2421//2645
f 2344//2547 2332//2524 2413//2633
f 2413//2570 2333//2525 2313//2604
f 2393//2613 2266//2506 2417//2629
f 2402//1231 2401//2620 2423//2646
f 2401//2620 2425//2647 2423//2646
f 2261//2569 2320//2536 2310//2534
f 2525//2648 2417//2629 2420//2631
f 2401//2620 2249//2486 2425//2647
f 2421//2645 2261//2569 267//313
f 2525//2648 2420//2631 2406//2630
f 2155//2388 2387//2642 2170//2397
f 2322//2532 2305//2528 2315//2522
f 2170//2397 2387//2642 2328//2542
f 2333//2525 2344//2547 2313//2604
f 2073//2296 2170//2397 2328//2542
f 2424//2649 2305//2528 2322//2532
f 2424//2649 2454//2552 2426//2650
f 2429//1239 2391//2610 2444//2651
f 2398//2634 2427//2652 2428//2653
f 1094//1192 2391//2610 2429//1239
f 2624//2654 1667//1853 2430//2554
f 2431//2655 2432//2656 2422//2657
f 2421//2645 2427//2652 2320//2536
f 2386//1199 2393//2613 2391//2610
f 2371//2589 2432//2656 2377//2593
f 2313//2604 2279//2489 2195//2418
f 2422//2657 2433//2658 2445//2659
f 2421//2645 267//313 282//347
f 2435//2488 2246//2487 2251//2660
f 2251//2660 2276//2520 2435//2488
f 2433//2658 2422//2657 2432//2656
f 2195//2418 2208//2426 2442//2661
f 2249//2486 2435//2488 2425//2647
f 2433//2658 2432//2656 2436//2662
f 2389//2609 2427//2652 282//347
f 2427//2652 2421//2645 282//347
f 2195//2418 2442//2661 2451//2628
f 2437//2663 111//131 368//136
f 2412//2632 2320//2536 2427//2652
f 2204//2419 111//131 2437//2663
f 2279//2489 2194//2416 2195//2418
f 2398//2634 2412//2632 2427//2652
f 2208//2426 2200//2417 2439//2664
f 2436//2662 2371//2589 2390//2588
f 2432//2656 2371//2589 2436//2662
f 2439//2664 2442//2661 2208//2426
f 2453//2665 2454//2552 36//2531
f 2440//2666 2446//2667 2398//2634
f 2440//2666 2448//2668 2446//2667
f 2204//2419 2437//2663 2443//2454
f 683//777 2583//2669 2445//2659
f 2150//2386 2015//2377 2447//2640
f 2445//2659 2583//2669 2422//2657
f 2015//2377 2443//2454 2447//2640
f 2015//2377 2180//2409 2443//2454
f 2450//2670 2448//2668 2440//2666
f 2439//2664 2200//2417 2216//2439
f 683//777 2449//2671 2399//2619
f 2445//2659 2433//2658 2449//2671
f 2444//2651 2391//2610 2393//2613
f 2451//2628 3384//2672 3293//2673
f 2449//2671 683//777 2445//2659
f 2359//2582 2313//2604 2451//2628
f 2424//2649 2322//2532 2454//2552
f 2415//2635 2398//2634 2452//1726
f 2446//2667 2452//1726 2398//2634
f 2416//2627 2415//2635 2452//1726
f 2436//2662 2469//2674 2433//2658
f 2442//2661 2439//2664 2451//2628
f 2446//2667 2456//2675 2452//1726
f 2441//2676 2444//2651 2393//2613
f 2313//2604 2195//2418 2451//2628
f 2434//2677 2393//2613 2417//2629
f 2388//2611 2436//2662 2390//2588
f 2456//2675 2448//2668 2450//2670
f 1911//2120 2455//2678 2457//2679
f 2435//2488 2276//2520 2438//2680
f 2411//2636 2399//2619 2458//2681
f 2452//1726 2456//2675 1556//1727
f 2448//2668 2456//2675 2446//2667
f 2435//2488 2596//2682 2425//2647
f 2449//2671 2433//2658 2458//2681
f 2458//2681 2399//2619 2449//2671
f 2389//2609 2428//2653 2427//2652
f 2398//2634 2428//2653 2440//2666
f 36//2531 3201//2683 2453//2665
f 2393//2613 2434//2677 2441//2676
f 2453//2665 3172//2684 2454//2552
f 2411//2636 2458//2681 2765//2685
f 2765//2685 2458//2681 2459//2686
f 2428//2653 2389//2609 2440//2666
f 2396//2614 2414//2617 2367//1651
f 2389//2609 2462//2687 2440//2666
f 2216//2439 1911//2120 2457//2679
f 2433//2658 2469//2674 2458//2681
f 2451//2628 2439//2664 2455//2678
f 2404//2624 2212//2430 2291//2494
f 2291//2494 2319//2517 2404//2624
f 2440//2666 2591//2688 2559//2689
f 2462//2687 2591//2688 2440//2666
f 2347//2606 2351//2608 2407//2618
f 2367//1651 2414//2617 2487//2690
f 2389//2609 675//782 2462//2687
f 2458//2681 2464//2691 2459//2686
f 2228//2455 2443//2454 2180//2409
f 1233//1375 2367//1651 2574//2692
f 2463//2693 2404//2624 2407//2618
f 2468//2694 2462//2687 2467//2695
f 2400//2616 2463//2693 2407//2618
f 2464//2691 2460//2696 2771//2697
f 2443//2454 2437//2663 2335//2559
f 895//1046 1089//1045 2461//2698
f 2280//2432 2210//2444 2466//2544
f 2469//2674 2436//2662 2388//2611
f 2212//2430 2210//2444 2280//2432
f 2469//2674 2388//2611 2470//2699
f 2470//2699 2388//2611 2833//2700
f 2462//2687 675//782 2467//2695
f 2402//1231 2423//2646 2563//2701
f 2469//2674 2464//2691 2458//2681
f 2469//2674 2478//2702 2464//2691
f 2280//2432 2300//2429 2207//2431
f 3172//2684 2426//2650 2454//2552
f 2474//2703 2461//2698 2473//2704
f 2275//2497 2300//2429 2280//2432
f 2478//2702 2460//2696 2464//2691
f 2461//2698 2482//2705 2331//2706
f 589//683 864//1003 2475//1009
f 2280//2432 2466//2544 1831//2040
f 2474//2707 2473//2704 2420//2631
f 2471//2708 2460//2696 2478//2702
f 2216//2439 2457//2679 2439//2664
f 2466//2544 2472//2103 1831//2040
f 2455//2678 2439//2664 2457//2679
f 2468//2694 2591//2688 2462//2687
f 3319//2709 3436//2710 2476//2076
f 2476//2076 2475//1009 1872//2061
f 3436//2710 572//671 2476//2076
f 2469//2674 2470//2699 2478//2702
f 2473//2711 2406//2630 2485//2712
f 2420//2631 2473//2704 2410//2622
f 2329//2543 2335//2559 2437//2663
f 2479//2713 2480//2714 2477//2715
f 2410//2622 2485//2712 2406//2630
f 2473//2711 2474//2716 2406//2630
f 2477//2715 2480//2714 2481//2717
f 2461//2698 2474//2703 2482//2705
f 2539//1763 1473//1232 2402//1231
f 2482//2705 2474//2707 2420//2631
f 2473//2711 2485//2712 2474//2718
f 2466//2544 2290//2511 2483//2719
f 572//671 589//683 2476//2076
f 1475//1615 2490//2720 2414//2617
f 2475//1009 2476//2076 589//683
f 2482//2721 2474//2718 2485//2712
f 1911//2120 2529//2722 2475//1009
f 2549//2723 2414//2617 2490//2720
f 2409//2621 2482//2721 2485//2712
f 2486//1838 1457//1635 1446//1624
f 2488//1626 2486//1838 1446//1624
f 938//1076 1746//1950 948//1089
f 2409//2621 2485//2712 2410//2622
f 938//1076 155//199 1746//1950
f 2482//2721 2406//2630 2474//2716
f 2409//2621 2406//2630 2482//2721
f 1932//2234 2006//2227 2489//2724
f 2488//1626 1932//2234 2489//2724
f 2409//2621 2525//2648 2406//2630
f 2489//2724 2006//2227 2013//2360
f 2013//2360 2184//2403 2489//2724
f 2493//2725 2489//2724 2184//2403
f 2504//2726 2466//2544 2483//2719
f 435//422 2329//2543 2437//2663
f 2437//2663 368//136 435//422
f 2494//2727 2496//2637 2461//2698
f 2490//2720 1475//1615 1570//1747
f 2114//2331 2348//2566 2510//2728
f 2492//2127 1650//1835 2486//1838
f 2486//1838 2493//2725 2492//2127
f 2355//2350 2348//2566 2114//2331
f 2486//1838 2488//1626 2493//2725
f 2328//2542 2387//2642 2495//2729
f 2418//2387 2495//2729 2387//2642
f 2493//2725 2488//1626 2489//2724
f 2498//2730 2495//2729 2418//2387
f 2443//2454 2498//2730 2447//2640
f 2537//2731 2323//2553 2404//2624
f 2355//2350 2114//2331 2119//2326
f 2493//2725 2184//2403 2500//2732
f 2504//2726 2497//2733 2404//2624
f 2497//2733 2504//2726 2483//2719
f 2498//2730 2418//2387 2447//2640
f 2497//2733 2483//2719 2290//2511
f 2443//2454 2335//2559 2498//2730
f 2328//2542 2495//2729 2430//2554
f 2494//2727 2331//2706 2420//2631
f 1570//1747 2465//2734 2490//2720
f 2499//2735 2480//2714 2479//2713
f 2507//1262 956//1099 2491//2736
f 2498//2730 2335//2559 2511//2737
f 2466//2544 3063//2738 2472//2103
f 2430//2554 2495//2729 2503//2739
f 2504//2726 3063//2738 2466//2544
f 2481//2717 2480//2714 2499//2735
f 2491//2736 956//1099 948//1089
f 1746//1950 2491//2736 948//1089
f 2420//2631 2496//2637 2494//2727
f 2496//2637 2473//2704 2461//2698
f 1746//1950 1765//1955 2491//2736
f 1765//1955 1778//1980 2491//2736
f 2502//2740 2481//2717 2499//2735
f 2501//2464 2500//2732 2184//2403
f 2506//2741 2263//2420 2169//2392
f 2113//2325 2114//2331 2510//2728
f 2239//2404 2265//2472 2501//2464
f 1121//1263 2507//1262 2515//2742
f 2515//2742 2507//1262 2508//2743
f 2410//2622 2473//2704 2496//2637
f 2417//2629 2410//2622 2496//2637
f 2491//2736 2508//2743 2507//1262
f 2335//2559 2340//2555 2511//2737
f 2511//2737 2340//2555 2363//2580
f 2331//2706 2673//2168 2461//2698
f 2265//2472 2243//2450 2516//2744
f 2477//2715 2505//1130 2479//2713
f 2477//2715 675//782 354//425
f 2516//2744 2243//2450 2263//2420
f 2461//2698 1089//1045 2429//1239
f 2494//2727 2461//2698 2429//1239
f 2681//2745 2503//2739 2512//2746
f 2505//1130 2477//2715 354//425
f 352//467 2505//1130 354//425
f 2479//2713 2505//1130 2530//2747
f 2319//2517 2323//2553 2397//2615
f 2444//2651 2494//2727 2429//1239
f 2113//2325 2510//2728 2509//2748
f 2377//2593 2514//2749 2519//2594
f 2519//2594 2511//2737 2362//2576
f 2511//2737 2363//2580 2362//2576
f 2465//2734 2518//2750 2490//2720
f 2484//2751 2509//2748 2510//2728
f 2512//2746 2519//2594 2514//2749
f 2512//2746 2495//2729 2511//2737
f 2518//2750 2465//2734 2541//2752
f 2494//2727 2444//2651 2441//2676
f 2484//2751 2510//2728 2348//2566
f 2519//2594 2512//2746 2511//2737
f 2397//2615 2314//2607 2347//2606
f 2495//2729 2512//2746 2503//2739
f 2498//2730 2511//2737 2495//2729
f 592//609 598//700 603//707
f 2516//2744 2263//2420 2506//2741
f 2524//2572 2033//2261 2523//2625
f 2484//2751 2348//2566 2524//2572
f 2506//2741 2529//2722 2516//2744
f 2307//2339 2106//2338 2522//2753
f 2517//2754 2501//2464 2265//2472
f 2517//2754 2265//2472 2516//2744
f 2397//2615 2537//2731 2528//2755
f 2484//2751 2524//2572 2523//2625
f 2527//2756 2484//2751 2523//2625
f 2479//2713 2530//2747 2499//2735
f 2521//2757 2530//2747 2533//2758
f 2521//2757 2499//2735 2530//2747
f 2502//2740 2499//2735 2521//2757
f 2520//2759 2521//2757 2533//2758
f 2534//2760 2531//2761 2523//2625
f 2296//2516 2525//2648 2409//2621
f 2523//2625 2531//2761 2527//2756
f 2296//2516 2301//2545 2525//2648
f 2505//1130 1041//1135 2530//2747
f 2522//2753 2528//2755 2690//2762
f 2537//2731 2397//2615 2323//2553
f 2537//2731 2404//2624 2497//2733
f 2385//2763 2434//2677 2525//2648
f 2533//2758 2538//2764 2520//2759
f 2530//2747 2538//2764 2533//2758
f 1040//1179 2520//2759 2538//2764
f 2527//2756 2531//2761 2535//2765
f 2572//2766 1233//1375 2574//2692
f 2552//2767 2290//2511 2307//2339
f 2517//2754 2532//2768 2501//2464
f 1041//1135 2538//2764 2530//2747
f 2522//2753 2552//2767 2307//2339
f 1872//2061 2475//1009 2169//2392
f 2475//1009 2506//2741 2169//2392
f 1911//2120 2475//1009 857//1004
f 2475//1009 2529//2722 2506//2741
f 1040//1179 2538//2764 1041//1135
f 2492//2127 1918//2125 1656//1845
f 2518//2750 2541//2752 2539//1763
f 1778//1980 1782//1824 2543//2769
f 1905//2118 1782//1824 1632//1821
f 1782//1824 1905//2118 2543//2769
f 2493//2725 2547//2770 2492//2127
f 2543//2769 2536//2771 1778//1980
f 516//608 592//609 2526//2772
f 1570//1747 2541//2752 2465//2734
f 689//803 516//608 703//826
f 703//826 516//608 2526//2772
f 2544//2773 2542//2774 2441//2676
f 1923//2129 2543//2769 1905//2118
f 2547//2770 2493//2725 2500//2732
f 1554//1658 1533//1687 2539//1763
f 1961//2170 2492//2127 2547//2770
f 2528//2755 2537//2731 2540//2775
f 2534//2760 2550//2776 2531//2761
f 2546//2777 2540//2775 2720//2778
f 2487//2690 2414//2617 2549//2723
f 2534//2760 2548//2779 2550//2776
f 592//609 603//707 2526//2772
f 2551//812 703//826 2526//2772
f 2525//2648 2434//2677 2417//2629
f 2501//2464 2532//2768 2547//2770
f 2551//812 2526//2772 603//707
f 2500//2732 2501//2464 2547//2770
f 2690//2762 2552//2767 2522//2753
f 703//826 2551//812 719//814
f 2441//2676 2434//2677 2544//2773
f 603//707 794//813 2551//812
f 2547//2770 2554//2780 1961//2170
f 2532//2768 2554//2780 2547//2770
f 2477//2715 2481//2717 2545//2781
f 2531//2761 2550//2776 2535//2765
f 2555//2782 2491//2736 1778//1980
f 2509//2748 2527//2756 2556//2783
f 2516//2744 2529//2722 2532//2768
f 2532//2768 2517//2754 2516//2744
f 2555//2782 1778//1980 2536//2771
f 2518//2750 2539//1763 2402//1231
f 2402//1231 2549//2723 2518//2750
f 2549//2723 2490//2720 2518//2750
f 2527//2756 2509//2748 2484//2751
f 2549//2723 2402//1231 2563//2701
f 2545//2781 2559//2689 2477//2715
f 2564//2784 2563//2701 2353//2785
f 2556//2783 3170//2786 2509//2748
f 2107//2274 2113//2325 2509//2748
f 2194//2416 2568//2787 2200//2417
f 2527//2756 2535//2765 2565//2788
f 2529//2722 1911//2120 2557//2440
f 2545//2781 2450//2670 2559//2689
f 2331//2706 2558//2789 2914//2790
f 2124//2340 2307//2339 2117//2356
f 2331//2706 2494//2727 2558//2789
f 2514//2749 2567//2791 2512//2746
f 2482//2705 2420//2631 2331//2706
f 2527//2756 2566//2792 2556//2783
f 2527//2756 2565//2788 2566//2792
f 2397//2615 2528//2755 2522//2753
f 2522//2753 2378//2597 2397//2615
f 2535//2765 2550//2776 2548//2779
f 2568//2787 2194//2416 1961//2170
f 2431//2655 2422//2657 2583//2669
f 2200//2417 2568//2787 2216//2439
f 2568//2787 2557//2440 2216//2439
f 2542//2774 2570//2793 2441//2676
f 2431//2655 2377//2593 2432//2656
f 2532//2768 2557//2440 2554//2780
f 2487//2690 2549//2723 2574//2692
f 2400//2616 2379//2596 2117//2356
f 2557//2440 2568//2787 2554//2780
f 2560//2794 2536//2771 2562//2795
f 2554//2780 2568//2787 1961//2170
f 2569//2641 2571//2796 2405//2623
f 2532//2768 2529//2722 2557//2440
f 2523//2625 2122//2333 2405//2623
f 2534//2760 2523//2625 2405//2623
f 614//644 2573//776 615//715
f 2405//2623 2571//2796 2534//2760
f 683//777 2399//2619 2573//776
f 2431//2655 2514//2749 2377//2593
f 2573//776 2392//2612 615//715
f 614//644 436//643 2573//776
f 2392//2612 2394//2323 615//715
f 905//1051 615//715 2394//2323
f 2491//2736 2555//2782 2508//2743
f 2515//2742 2508//2743 2555//2782
f 2559//2689 2450//2670 2440//2666
f 2569//2641 2601//2797 2534//2760
f 2560//2794 2513//2798 2515//2742
f 2560//2794 2515//2742 2555//2782
f 2460//2696 2471//2708 2575//2799
f 2576//2800 2545//2781 2502//2740
f 2545//2781 2481//2717 2502//2740
f 2400//2616 2117//2356 2135//2361
f 2561//2801 2567//2791 2514//2749
f 2572//2766 2574//2692 2672//2802
f 2561//2801 2514//2749 2431//2655
f 2106//2338 2124//2340 2522//2753
f 2558//2789 2494//2727 2441//2676
f 2522//2753 2117//2356 2378//2597
f 642//742 683//777 436//643
f 2570//2793 2922//2803 2558//2789
f 2522//2753 2124//2340 2117//2356
f 2570//2793 2558//2789 2441//2676
f 2579//2804 2584//2805 2159//2382
f 2580//2806 2587//2807 2581//2808
f 2574//2692 2367//1651 2487//2690
f 2385//2763 2525//2648 2301//2545
f 2576//2800 2502//2740 2589//2809
f 2577//2810 2565//2788 2535//2765
f 2585//2811 2542//2774 2544//2773
f 2544//2773 2586//2812 2585//2811
f 2583//2669 2561//2801 2431//2655
f 2577//2810 2535//2765 2548//2779
f 2581//2808 2582//2813 2580//2806
f 2545//2781 2576//2800 2450//2670
f 2563//2701 2564//2784 2549//2723
f 2692//2814 2577//2810 2548//2779
f 2588//2815 2450//2670 2576//2800
f 2574//2692 2549//2723 2564//2784
f 2456//2675 2450//2670 2588//2815
f 2555//2782 2536//2771 2560//2794
f 2588//2815 1556//1727 2456//2675
f 2578//2816 2582//2813 2727//2817
f 2563//2701 2423//2646 2352//2586
f 1556//1727 2588//2815 2065//2275
f 2574//2692 2564//2784 2716//2818
f 2576//2800 2068//2281 2065//2275
f 2065//2275 2588//2815 2576//2800
f 2583//2669 2553//2819 2561//2801
f 2385//2763 2544//2773 2434//2677
f 2696//2820 2601//2797 2577//2810
f 2581//2808 2587//2807 2614//2821
f 2696//2820 2692//2814 2534//2760
f 2385//2763 2586//2812 2544//2773
f 2569//2641 2534//2760 2571//2796
f 3401//1497 1802//1997 208//246
f 2159//2382 2584//2805 2135//2361
f 2582//2813 2581//2808 2590//2822
f 1121//1263 2515//2742 2595//2823
f 683//777 686//791 2751//2824
f 2590//2822 2581//2808 2594//2825
f 2581//2808 2614//2821 2594//2825
f 2596//2682 2435//2488 2438//2680
f 2570//2793 2542//2774 2585//2811
f 2624//2654 1798//1973 1667//1853
f 2594//2825 2614//2821 2616//2826
f 2597//2827 2598//2828 2599//1265
f 2570//2793 2585//2811 2592//2829
f 2594//2825 2662//2830 2590//2822
f 2662//2830 2603//2831 2590//2822
f 2159//2382 2135//2361 2129//2357
f 2607//2832 2477//2715 2559//2689
f 2689//2833 2577//2810 2601//2797
f 2312//2519 2608//2527 2606//2834
f 2606//2834 2276//2520 2312//2519
f 2467//2695 2607//2832 2632//2835
f 2467//2695 675//782 2607//2832
f 2696//2820 2534//2760 2601//2797
f 2607//2832 675//782 2477//2715
f 2376//2584 2626//2836 2602//2595
f 2611//2837 2604//2838 1833//2033
f 2603//2831 2582//2813 2590//2822
f 2569//2641 2593//2839 2601//2797
f 2385//2763 2301//2545 2602//2595
f 2596//2682 2438//2680 2606//2834
f 2586//2812 2385//2763 2602//2595
f 2596//2682 2606//2834 3118//2840
f 2276//2520 2606//2834 2438//2680
f 2515//2742 2513//2798 2595//2823
f 2584//2805 2609//2841 2135//2361
f 2627//2842 2843//2843 2610//2844
f 2513//2798 2615//2845 2595//2823
f 2586//2812 2602//2595 2613//2846
f 2586//2812 2613//2846 2585//2811
f 2612//2847 2601//2797 2593//2839
f 2611//2837 1833//2033 1815//2018
f 2376//2584 2636//2848 2626//2836
f 2611//2837 1815//2018 1798//1973
f 1798//1973 2624//2654 2611//2837
f 2618//2849 2595//2823 2615//2845
f 1233//1375 2572//2766 1822//2009
f 2599//1265 2595//2823 2618//2849
f 2591//2688 2607//2832 2559//2689
f 3007//2850 2592//2829 2617//2851
f 2597//2827 2618//2849 2622//2852
f 2585//2811 2617//2851 2592//2829
f 2613//2846 2617//2851 2585//2811
f 2597//2827 2599//1265 2618//2849
f 2616//2826 2619//2853 2662//2830
f 2619//2853 2582//2813 2603//2831
f 2618//2849 2691//2854 2622//2852
f 2617//2851 2626//2836 2620//2855
f 2617//2851 2613//2846 2626//2836
f 2607//2832 2591//2688 2632//2835
f 2624//2654 2621//2856 2604//2838
f 2626//2836 2623//2857 2620//2855
f 2624//2654 2604//2838 2611//2837
f 2674//2858 2541//2752 1570//1747
f 2613//2846 2602//2595 2626//2836
f 2616//2826 2850//2859 2619//2853
f 2627//2842 2582//2813 2619//2853
f 2610//2844 2582//2813 2627//2842
f 2632//2835 2591//2688 2628//2860
f 2430//2554 2503//2739 2624//2654
f 1586//1746 2643//2861 2629//2107
f 2850//2859 2616//2826 2614//2821
f 2400//2616 2135//2361 2609//2841
f 2674//2858 2629//2107 2719//2862
f 2674//2858 1570//1747 2629//2107
f 2460//2696 2631//2863 2630//2864
f 2419//2626 2664//2638 2569//2641
f 2383//2602 2381//2601 2636//2848
f 2634//2865 2604//2838 2621//2856
f 2631//2863 2635//2866 2630//2864
f 2638//2867 2631//2863 2648//2868
f 2631//2863 2642//2869 2648//2868
f 2634//2865 2633//2870 2604//2838
f 2639//2871 761//874 2640//877
f 2467//2695 2632//2835 2468//2694
f 2635//2866 2631//2863 2638//2867
f 2584//2805 2579//2804 2609//2841
f 2623//2857 2626//2836 2636//2848
f 2376//2584 2383//2602 2636//2848
f 2642//2869 2631//2863 2575//2799
f 2631//2863 2460//2696 2575//2799
f 2468//2694 2628//2860 2591//2688
f 2646//2872 2404//2624 2463//2693
f 1133//1308 1132//1303 2637//2873
f 1133//1308 1125//1304 1132//1303
f 2468//2694 2632//2835 2628//2860
f 2645//2874 2646//2872 2463//2693
f 229//282 768//275 213//249
f 241//284 2652//2875 229//282
f 2637//2873 2598//2828 2597//2827
f 2642//2869 2575//2799 2647//2876
f 2652//2875 241//284 2763//2877
f 1132//1303 2598//2828 2637//2873
f 2648//2868 2642//2869 2647//2876
f 1044//1182 2649//2878 2651//1187
f 2648//2868 2647//2876 2653//2879
f 2638//2867 2648//2868 2653//2879
f 2255//2477 229//282 2652//2875
f 673//780 2651//1187 2649//2878
f 2652//2875 2259//2579 2655//2880
f 2650//2881 2654//2882 2578//2816
f 1133//1308 2661//2883 2660//2884
f 2653//2879 2647//2876 2657//2885
f 2683//2886 2653//2879 2657//2885
f 2309//2483 2655//2880 2259//2579
f 2309//2483 2255//2477 2655//2880
f 1133//1308 2660//2884 2605//1309
f 2640//877 2656//2887 2639//2871
f 1133//1308 2637//2873 2661//2883
f 2643//2861 1586//1746 2539//1763
f 2643//2861 2719//2862 2629//2107
f 2658//2888 2635//2866 2638//2867
f 2654//2882 2612//2847 2593//2839
f 2463//2693 2400//2616 2659//2889
f 1956//2171 2633//2870 2656//2887
f 2633//2870 1956//2171 2604//2838
f 2255//2477 2652//2875 2655//2880
f 2619//2853 2603//2831 2662//2830
f 2645//2874 2463//2693 2663//2890
f 1956//2171 1783//1967 1833//2033
f 1833//2033 2604//2838 1956//2171
f 2463//2693 2659//2889 2663//2890
f 2569//2641 2664//2638 2593//2839
f 2593//2839 2664//2638 2654//2882
f 2594//2825 2616//2826 2662//2830
f 673//780 2649//2878 1044//1182
f 2660//2884 2661//2883 2665//2891
f 2625//2639 2654//2882 2664//2638
f 2666//2214 1989//2212 1948//2167
f 2671//2892 2658//2888 2638//2867
f 2668//2893 2637//2873 2597//2827
f 1956//2171 2656//2887 2666//2214
f 2645//2874 2667//2894 2646//2872
f 2622//2852 2691//2854 2668//2893
f 826//966 2001//970 824//967
f 2622//2852 2668//2893 2597//2827
f 2663//2890 2659//2889 2645//2874
f 2670//1186 1044//1182 2651//1187
f 2640//877 874//876 880//968
f 824//967 2640//877 880//968
f 895//1046 2461//2698 2673//2168
f 2643//2861 2539//1763 2674//2858
f 2539//1763 2541//2752 2674//2858
f 2644//2895 2641//2896 2654//2882
f 2339//2897 2673//2168 2331//2706
f 1055//1200 2670//1186 1075//1217
f 673//780 1075//1217 2670//1186
f 2654//2882 2625//2639 2644//2895
f 2661//2883 2637//2873 2668//2893
f 2645//2874 2659//2889 2609//2841
f 2609//2841 2659//2889 2400//2616
f 1939//2056 895//1046 2673//2168
f 2672//2802 2574//2692 2716//2818
f 2669//2898 2678//2899 2686//2900
f 2669//2898 2638//2867 2653//2879
f 2578//2816 2641//2896 2675//2901
f 1044//1182 2670//1186 1055//1200
f 2758//2902 2672//2802 2759//2903
f 2654//2882 2641//2896 2578//2816
f 2001//970 2640//877 824//967
f 2672//2802 2758//2902 1907//2137
f 2807//2904 2739//2905 2677//2906
f 1989//2212 2666//2214 2640//877
f 2674//2858 2756//2907 2643//2861
f 2673//2168 2679//2908 2909//2210
f 2640//877 2666//2214 2656//2887
f 2640//877 2001//970 1989//2212
f 2677//2906 2646//2872 2667//2894
f 1947//2155 2673//2168 2909//2210
f 2667//2894 2645//2874 2828//2909
f 2675//2901 2580//2806 2578//2816
f 2690//2762 2693//2910 2682//2911
f 2353//2785 2563//2701 2352//2586
f 2690//2762 2528//2755 2693//2910
f 1075//1217 2680//2912 1055//1200
f 2580//2806 2582//2813 2578//2816
f 2669//2898 2653//2879 2678//2899
f 2520//2759 2688//2913 2521//2757
f 2684//2914 2686//2900 2678//2899
f 2689//2833 2565//2788 2577//2810
f 2722//2915 2565//2788 2689//2833
f 2687//2916 2621//2856 2681//2745
f 2653//2879 2683//2886 2678//2899
f 2687//2916 2681//2745 2713//2917
f 2566//2792 2565//2788 2722//2915
f 2546//2777 2552//2767 2690//2762
f 2521//2757 2688//2913 2502//2740
f 2546//2777 2690//2762 2540//2775
f 2682//2911 2540//2775 2690//2762
f 2548//2779 2534//2760 2692//2814
f 2679//2908 2673//2168 2346//2918
f 2577//2810 2692//2814 2696//2820
f 2528//2755 2694//2919 2693//2910
f 2699//2920 2502//2740 2688//2913
f 2699//2920 2589//2809 2502//2740
f 2540//2775 2682//2911 2694//2919
f 2698//2921 2560//2794 2562//2795
f 2673//2168 2339//2897 2346//2918
f 2697//2922 2701//2923 2805//2924
f 2694//2919 2682//2911 2693//2910
f 2702//2925 2678//2899 2701//2923
f 2684//2914 2678//2899 2702//2925
f 2703//2926 2688//2913 2520//2759
f 2701//2923 2683//2886 2762//2927
f 2683//2886 2701//2923 2678//2899
f 2697//2922 2702//2925 2701//2923
f 2706//2928 2699//2920 2688//2913
f 2703//2926 2705//2929 2688//2913
f 2513//2798 2707//2930 2615//2845
f 2706//2928 2688//2913 2705//2929
f 2716//2818 2564//2784 2708//2931
f 2707//2930 2513//2798 2560//2794
f 2909//2210 2679//2908 2710//2932
f 2708//2931 2564//2784 2353//2785
f 2528//2755 2540//2775 2694//2919
f 2710//2932 2339//2897 2914//2790
f 2068//2281 2711//2933 2096//2313
f 2339//2897 2710//2932 2346//2918
f 2679//2908 2346//2918 2710//2932
f 2704//2934 2702//2925 2697//2922
f 2576//2800 2711//2933 2068//2281
f 2624//2654 2503//2739 2681//2745
f 2711//2933 2589//2809 2699//2920
f 2621//2856 2624//2654 2681//2745
f 2589//2809 2711//2933 2576//2800
f 2711//2933 2715//2935 2714//2314
f 2713//2917 2681//2745 2512//2746
f 2352//2586 2423//2646 2841//2936
f 2697//2922 3173//2937 2704//2934
f 2497//2733 2290//2511 2552//2767
f 2601//2797 2612//2847 2689//2833
f 2615//2845 2691//2854 2618//2849
f 2707//2930 2695//2938 2691//2854
f 2711//2933 2714//2314 2096//2313
f 2615//2845 2707//2930 2691//2854
f 2471//2708 2718//2939 2575//2799
f 2575//2799 2718//2939 2647//2876
f 2706//2928 2711//2933 2699//2920
f 2162//2390 2103//2315 2164//2316
f 2700//2940 2707//2930 2698//2921
f 2713//2917 2567//2791 2553//2819
f 2722//2915 2689//2833 2742//2941
f 1040//1179 2703//2926 2520//2759
f 1907//2137 1822//2009 2572//2766
f 2560//2794 2698//2921 2707//2930
f 2017//2081 2712//2354 2717//251
f 2712//2354 2017//2081 2029//2246
f 2700//2940 2695//2938 2707//2930
f 2717//251 2712//2354 2726//2942
f 2734//1337 2703//2926 2725//1330
f 2633//2870 2634//2865 2656//2887
f 2634//2865 2639//2871 2656//2887
f 2612//2847 2654//2882 2650//2881
f 2724//2943 2691//2854 2695//2938
f 2689//2833 2612//2847 2650//2881
f 2650//2881 2727//2817 2738//2944
f 2723//2945 2713//2917 2553//2819
f 2578//2816 2727//2817 2650//2881
f 2718//2939 2730//2946 2721//2947
f 2580//2806 2675//2901 2728//2948
f 2540//2775 2537//2731 2720//2778
f 2647//2876 2718//2939 2721//2947
f 2720//2778 2537//2731 2737//2949
f 2729//2950 235//280 2726//2942
f 2730//2946 2732//2951 2731//2952
f 235//280 2729//2950 239//283
f 2725//1330 1040//1179 1174//1290
f 2497//2733 2552//2767 2546//2777
f 2725//1330 2703//2926 1040//1179
f 235//280 2717//251 2726//2942
f 1181//1338 2725//1330 1175//1329
f 2723//2945 2634//2865 2687//2916
f 2497//2733 2546//2777 2733//2953
f 2709//2954 2497//2733 2733//2953
f 2728//2948 2757//2955 2587//2807
f 2587//2807 2580//2806 2728//2948
f 2756//2907 2719//2862 2643//2861
f 2737//2949 2497//2733 2709//2954
f 2737//2949 2537//2731 2497//2733
f 2734//1337 2725//1330 1181//1338
f 2736//2956 2695//2938 2700//2940
f 2610//2844 2727//2817 2582//2813
f 2646//2872 2739//2905 2404//2624
f 2736//2956 2724//2943 2695//2938
f 2504//2726 2404//2624 2739//2905
f 2739//2905 2824//2957 2504//2726
f 2724//2943 2736//2956 2740//2958
f 2719//2862 2756//2907 2674//2858
f 2736//2956 2741//2959 2740//2958
f 1052//1201 1055//1200 2680//2912
f 2743//2960 2546//2777 2720//2778
f 2691//2854 2724//2943 2668//2893
f 2738//2944 2742//2941 2650//2881
f 2735//2961 2729//2950 2726//2942
f 2742//2941 2689//2833 2650//2881
f 1192//1397 1197//1384 1052//1201
f 2687//2916 2713//2917 2723//2945
f 2733//2953 2546//2777 2743//2960
f 2621//2856 2687//2916 2634//2865
f 2730//2946 2731//2952 2721//2947
f 2747//2962 761//874 2639//2871
f 2747//2962 889//1030 761//874
f 2746//2963 2742//2941 2738//2944
f 2746//2963 2738//2944 2727//2817
f 2726//2942 2712//2354 2753//2964
f 2746//2963 2727//2817 2610//2844
f 292//334 2748//1442 1075//1217
f 2755//2965 2735//2961 2726//2942
f 2755//2965 2749//2966 2735//2961
f 2748//1442 2680//2912 1075//1217
f 2672//2802 1907//2137 2572//2766
f 889//1030 2747//2962 2750//1034
f 2726//2942 2753//2964 2755//2965
f 2747//2962 2751//2824 2750//1034
f 239//283 2729//2950 2760//2967
f 2752//2968 2773//2969 2761//2970
f 2740//2958 2754//2971 2668//2893
f 2748//1442 1052//1201 2680//2912
f 2760//2967 250//295 239//283
f 241//284 239//283 250//295
f 2667//2894 2826//2972 2743//2960
f 2740//2958 2668//2893 2724//2943
f 248//293 250//295 2760//2967
f 241//284 252//296 2763//2877
f 2743//2960 2720//2778 2752//2968
f 2657//2885 2647//2876 2762//2927
f 2747//2962 2639//2871 2723//2945
f 2683//2886 2657//2885 2762//2927
f 252//296 2766//2973 2763//2877
f 2721//2947 2731//2952 2787//2974
f 2748//1442 1192//1397 1052//1201
f 2763//2877 2259//2579 2652//2875
f 2667//2894 2743//2960 2752//2968
f 2763//2877 2361//2581 2259//2579
f 2634//2865 2723//2945 2639//2871
f 2766//2973 2361//2581 2763//2877
f 2644//2895 2625//2639 2419//2626
f 2762//2927 2647//2876 2721//2947
f 2762//2927 2721//2947 2787//2974
f 1292//1425 1260//1427 2764//1429
f 2764//1429 2748//1442 292//334
f 2748//1442 2764//1429 1260//1427
f 2419//2626 2411//2636 2765//2685
f 2737//2949 2709//2954 2733//2953
f 2723//2945 2553//2819 2747//2962
f 2754//2971 2661//2883 2668//2893
f 2567//2791 2561//2801 2553//2819
f 2512//2746 2567//2791 2713//2917
f 2754//2971 2676//2975 2665//2891
f 2661//2883 2754//2971 2665//2891
f 2767//2976 2731//2952 2770//2977
f 2720//2778 2737//2949 2752//2968
f 2765//2685 2459//2686 2771//2697
f 2766//2973 2769//2978 2361//2581
f 2771//2697 2630//2864 2641//2896
f 2641//2896 2765//2685 2771//2697
f 686//791 2750//1034 2751//2824
f 2769//2978 2375//2598 2361//2581
f 2737//2949 2733//2953 2773//2969
f 2644//2895 2419//2626 2765//2685
f 2754//2971 2740//2958 2772//2979
f 2644//2895 2765//2685 2774//2980
f 2583//2669 683//777 2751//2824
f 2751//2824 2553//2819 2583//2669
f 248//293 2776//2981 249//294
f 2752//2968 2737//2949 2773//2969
f 252//296 249//294 2766//2973
f 2641//2896 2774//2980 2765//2685
f 2787//2974 2731//2952 2767//2976
f 2776//2981 273//315 2769//2978
f 2772//2979 2676//2975 2754//2971
f 2751//2824 2747//2962 2553//2819
f 2776//2981 2769//2978 249//294
f 2769//2978 2766//2973 249//294
f 2164//2316 2778//2982 2199//2389
f 2676//2975 2772//2979 2932//2983
f 2778//2982 2775//2984 2199//2389
f 2641//2896 2644//2895 2774//2980
f 2770//2977 2780//2985 2767//2976
f 2944//2986 939//1090 2779//2987
f 2767//2976 2780//2985 2768//2988
f 2732//2951 2770//2977 2731//2952
f 2770//2977 2783//2989 2777//2990
f 2732//2951 2783//2989 2770//2977
f 2735//2961 2749//2966 2760//2967
f 2778//2982 2714//2314 2715//2935
f 2749//2966 248//293 2760//2967
f 2715//2935 2775//2984 2778//2982
f 2729//2950 2735//2961 2760//2967
f 2705//2929 2775//2984 2706//2928
f 2715//2935 2706//2928 2775//2984
f 2715//2935 2711//2933 2706//2928
f 2770//2977 2777//2990 2780//2985
f 2743//2960 2826//2972 2786//2991
f 2785//2992 2781//2993 2782//2994
f 2714//2314 2778//2982 2164//2316
f 2788//1543 1385//1339 1373//1540
f 984//1128 2784//2995 939//1090
f 1385//1339 2788//1543 2775//2984
f 2808//2996 2784//2995 984//1128
f 2733//2953 2743//2960 2773//2969
f 2705//2929 1385//1339 2775//2984
f 2781//2993 2744//2997 2782//2994
f 2886//2998 2776//2981 2789//2999
f 2786//2991 2773//2969 2743//2960
f 2784//2995 2790//3000 939//1090
f 2745//3001 2744//2997 2781//2993
f 2779//2987 939//1090 2790//3000
f 2785//2992 2782//2994 2744//2997
f 2677//2906 2739//2905 2646//2872
f 2789//2999 2776//2981 248//293
f 2761//2970 2677//2906 2752//2968
f 2667//2894 2752//2968 2677//2906
f 2641//2896 2630//2864 2675//2901
f 2667//2894 2828//2909 2826//2972
f 2772//2979 2740//2958 2792//3002
f 2793//3003 248//293 2749//2966
f 2740//2958 2741//2959 2792//3002
f 2759//2903 2672//2802 2716//2818
f 2705//2929 2734//1337 1385//1339
f 2705//2929 2703//2926 2734//1337
f 2599//1265 2598//2828 1132//1303
f 2630//2864 2771//2697 2460//2696
f 2791//3004 2775//2984 2788//1543
f 2789//2999 248//293 2793//3003
f 2599//1265 1121//1263 2595//2823
f 2788//1543 1379//1542 1387//1547
f 2789//2999 2793//3003 2886//2998
f 1157//1306 2605//1309 2797//3005
f 2716//2818 2796//3006 2759//2903
f 2199//2389 2791//3004 2798//1546
f 2605//1309 2800//3007 2797//3005
f 2784//2995 2795//3008 2820//3009
f 2819//3010 2708//2931 2352//2586
f 2716//2818 2708//2931 2796//3006
f 2199//2389 2775//2984 2791//3004
f 2353//2785 2352//2586 2708//2931
f 2799//3011 2797//3005 2800//3007
f 2788//1543 1387//1547 2798//1546
f 2872//3012 2797//3005 2799//3011
f 2793//3003 2749//2966 2831//3013
f 2764//1429 1389//1545 1292//1425
f 2799//3011 2860//3014 2872//3012
f 2739//2905 2761//2970 2773//2969
f 2798//1546 2791//3004 2788//1543
f 2802//3015 2767//2976 2768//2988
f 1389//1545 2764//1429 420//500
f 2873//3016 1162//1332 1157//1306
f 2739//2905 2773//2969 2786//2991
f 421//503 1389//1545 420//500
f 2873//3016 1157//1306 2797//3005
f 2798//1546 1389//1545 2197//2373
f 2796//3006 2803//3017 2801//3018
f 2459//2686 2464//2691 2771//2697
f 2795//3008 2784//2995 2808//2996
f 421//503 2197//2373 1389//1545
f 984//1128 1003//1146 2808//2996
f 2197//2373 2199//2389 2798//1546
f 2804//3019 2806//3020 2811//3021
f 2803//3017 2796//3006 2819//3010
f 2761//2970 2739//2905 2807//2904
f 2805//2924 2806//3020 2804//3019
f 2805//2924 2787//2974 2806//3020
f 2805//2924 2701//2923 2762//2927
f 2146//2370 3062//3022 2813//3023
f 2762//2927 2787//2974 2805//2924
f 2794//3024 2795//3008 2808//2996
f 1189//1336 1162//1332 2873//3016
f 2814//3025 2146//2370 2813//3023
f 2146//2370 2814//3025 2142//2371
f 2675//2901 2635//2866 2728//2948
f 2817//3026 2739//2905 2786//2991
f 2635//2866 2675//2901 2630//2864
f 2660//2884 2665//2891 2605//1309
f 2665//2891 2825//3027 2605//1309
f 2796//3006 2708//2931 2819//3010
f 2806//3020 2767//2976 2802//3015
f 2814//3025 2753//2964 2142//2371
f 2810//3028 2812//3029 2815//3030
f 2753//2964 2712//2354 2143//2355
f 2753//2964 2143//2355 2142//2371
f 2818//3031 2822//3032 2820//3009
f 2728//2948 2658//2888 2757//2955
f 2728//2948 2635//2866 2658//2888
f 2809//3033 2812//3029 2810//3028
f 2806//3020 2802//3015 2821//3034
f 2817//3026 2824//2957 2739//2905
f 2806//3020 2787//2974 2767//2976
f 2757//2955 2658//2888 2671//2892
f 1549//1731 2810//3028 2815//3030
f 1481//1668 1478//1674 1518//1666
f 2817//3026 2786//2991 2826//2972
f 1478//1674 2845//3035 2823//3036
f 2806//3020 2821//3034 2811//3021
f 2749//2966 2755//2965 2753//2964
f 2809//3033 2810//3028 2827//3037
f 2697//2922 2805//2924 2804//3019
f 2352//2586 2372//2592 2819//3010
f 2645//2874 2609//2841 2828//2909
f 2372//2592 2848//3038 2819//3010
f 2838//3039 1552//1883 3271//3040
f 3271//3040 1552//1883 2832//1882
f 2831//3013 2814//3025 2813//3023
f 2891//3041 2831//3013 3093//3042
f 2954//3043 2830//3044 2953//3045
f 2829//3046 2154//2372 2151//2374
f 1478//1674 2837//3047 1518//1666
f 2587//2807 2757//2955 2671//2892
f 2614//2821 2587//2807 2671//2892
f 2828//2909 2609//2841 2579//2804
f 2159//2382 2828//2909 2579//2804
f 2828//2909 2159//2382 2829//3046
f 2829//3046 2159//2382 2154//2372
f 2605//1309 2825//3027 2800//3007
f 2793//3003 2831//3013 2891//3041
f 2803//3017 2819//3010 2801//3018
f 2753//2964 2814//3025 2831//3013
f 2831//3013 2749//2966 2753//2964
f 2810//3028 1549//1731 1552//1883
f 2374//2587 2352//2586 2851//3048
f 1552//1883 1549//1731 1551//1730
f 273//315 2836//3049 2769//2978
f 2380//2603 2375//2598 2846//3050
f 2810//3028 1552//1883 2827//3037
f 2827//3037 1552//1883 2838//3039
f 2846//3050 2375//2598 2769//2978
f 2836//3049 2846//3050 2769//2978
f 2823//3036 2837//3047 1478//1674
f 2841//2936 2423//2646 2425//2647
f 2596//2682 2600//3051 2841//2936
f 2388//2611 2856//3052 2833//2700
f 2826//2972 2828//2909 2834//3053
f 257//316 273//315 2776//2981
f 2844//833 2829//3046 720//517
f 2834//3053 2829//3046 2844//833
f 2809//3033 2827//3037 2849//3054
f 2829//3046 2151//2374 720//517
f 2829//3046 2834//3053 2828//2909
f 2425//2647 2596//2682 2841//2936
f 2846//3050 2855//3055 2881//3056
f 1478//1674 1496//1676 1500//1686
f 2842//3057 1478//1674 1500//1686
f 2835//3058 2850//2859 2671//2892
f 2809//3033 2849//3054 3028//3059
f 2800//3007 2816//3060 2839//3061
f 2352//2586 2841//2936 2851//3048
f 2841//2936 2600//3051 2851//3048
f 2759//2903 2796//3006 2949//3062
f 2826//2972 2834//3053 2817//3026
f 2807//2904 2677//2906 2761//2970
f 2846//3050 2881//3056 2380//2603
f 2845//3035 1478//1674 2842//3057
f 2852//3063 272//314 257//316
f 2852//3063 2854//3064 272//314
f 2671//2892 2850//2859 2614//2821
f 2944//2986 2842//3057 1500//1686
f 2856//3052 2830//3044 2847//3065
f 2833//2700 2856//3052 2847//3065
f 2816//3060 2800//3007 2825//3027
f 2261//2569 2260//2568 267//313
f 269//311 267//313 2260//2568
f 2847//3065 2830//3044 2857//3066
f 2849//3054 2862//312 2863//3067
f 2862//312 316//369 265//310
f 2730//2946 2718//2939 2847//3065
f 269//311 2260//2568 2863//3067
f 2850//2859 2835//3058 2859//3068
f 2471//2708 2847//3065 2718//2939
f 269//311 2863//3067 2862//312
f 2833//2700 2478//2702 2470//2699
f 2854//3064 2836//3049 272//314
f 2838//3039 3309//3069 2865//3070
f 2855//3055 2836//3049 2854//3064
f 2600//3051 3114//3071 2851//3048
f 2836//3049 2855//3055 2846//3050
f 2865//3070 2849//3054 2827//3037
f 2865//3070 2827//3037 2838//3039
f 2864//3072 2868//3073 2865//3070
f 2867//3074 2619//2853 2866//3075
f 2619//2853 2867//3074 2627//2842
f 272//314 2836//3049 273//315
f 2868//3073 2862//312 2865//3070
f 2866//3075 2619//2853 2850//2859
f 2864//3072 2865//3070 3309//3069
f 2835//3058 2746//2963 2610//2844
f 2610//2844 2871//3076 2835//3058
f 2471//2708 2478//2702 2847//3065
f 2859//3068 2835//3058 2871//3076
f 2825//3027 2676//2975 2932//2983
f 2825//3027 2932//2983 2816//3060
f 2858//3077 2842//3057 2869//3078
f 2840//3079 2746//2963 2835//3058
f 2835//3058 2905//3080 2840//3079
f 2665//2891 2676//2975 2825//3027
f 2881//3056 2381//2601 2380//2603
f 2870//3081 2880//3082 3131//3083
f 2845//3035 2858//3077 2869//3078
f 2843//2843 2887//3084 2871//3076
f 2874//3085 1915//2111 1701//1911
f 2874//3085 1931//2142 1915//2111
f 2870//3081 3131//3083 2875//3086
f 2842//3057 2858//3077 2845//3035
f 2874//3085 2876//3087 1931//2142
f 2862//312 2849//3054 2865//3070
f 2847//3065 2478//2702 2833//2700
f 3309//3069 2838//3039 3302//3088
f 2730//2946 2847//3065 2857//3066
f 2876//3087 2894//3089 2877//3090
f 2871//3076 2850//2859 2859//3068
f 2861//2145 1931//2142 2876//3087
f 2877//3090 2861//2145 2876//3087
f 798//919 316//369 2864//3072
f 2853//1897 1934//2132 2895//3091
f 798//919 311//377 316//369
f 2901//3092 2384//2599 2302//2471
f 2862//312 2864//3072 316//369
f 2862//312 2868//3073 2864//3072
f 2302//2471 2308//2518 2883//3093
f 2302//2471 2384//2599 1974//2201
f 2381//2601 2881//3056 2870//3081
f 2879//3094 2870//3081 2881//3056
f 2388//2611 2384//2599 2901//3092
f 1934//2132 2861//2145 2895//3091
f 2895//3091 2861//2145 2877//3090
f 1189//1336 2873//3016 1187//1342
f 2871//3076 2610//2844 2843//2843
f 2881//3056 2855//3055 2879//3094
f 2880//3082 2870//3081 2879//3094
f 2879//3094 2878//3095 2880//3082
f 3138//3096 3131//3083 2880//3082
f 2883//3093 2308//2518 2884//3097
f 2873//3016 2797//3005 2872//3012
f 2872//3012 2893//3098 2873//3016
f 2866//3075 2850//2859 2871//3076
f 257//316 2776//2981 2886//2998
f 2888//3099 2869//3078 2842//3057
f 2843//2843 2627//2842 2867//3074
f 2842//3057 2944//2986 2888//3099
f 2867//3074 2887//3084 2843//2843
f 2901//3092 2302//2471 2883//3093
f 2308//2518 2890//3100 2884//3097
f 2854//3064 2900//3101 2879//3094
f 2852//3063 257//316 2886//2998
f 2267//2501 2264//2500 2885//3102
f 2879//3094 2855//3055 2854//3064
f 2885//3102 2815//3030 2267//2501
f 2867//3074 2866//3075 2892//3103
f 2892//3103 2887//3084 2867//3074
f 2308//2518 2317//2529 2890//3100
f 2866//3075 2871//3076 2892//3103
f 2871//3076 2887//3084 2892//3103
f 2877//3090 2898//3104 2895//3091
f 2895//3091 2889//3105 2853//1897
f 2852//3063 2900//3101 2854//3064
f 2949//3062 2796//3006 2801//3018
f 2891//3041 2886//2998 2793//3003
f 2891//3041 2852//3063 2886//2998
f 2896//3106 2898//3104 2894//3089
f 2898//3104 2877//3090 2894//3089
f 2852//3063 2891//3041 2900//3101
f 2894//3089 2902//3107 2896//3106
f 2902//3107 2876//3087 2874//3085
f 2902//3107 2894//3089 2876//3087
f 2891//3041 3154//3108 2900//3101
f 2878//3095 2900//3101 3154//3108
f 2839//3061 2816//3060 2893//3098
f 2872//3012 2839//3061 2893//3098
f 2900//3101 2878//3095 2879//3094
f 2823//3036 2845//3035 2869//3078
f 2883//3093 2912//3109 2901//3092
f 2893//3098 1187//1342 2873//3016
f 2903//3110 2758//2902 2759//2903
f 2835//3058 2904//3111 2905//3080
f 2907//3112 3006//3113 2904//3111
f 2891//3041 3093//3042 2906//3114
f 2823//3036 2869//3078 2888//3099
f 2913//3115 2907//3112 2904//3111
f 2883//3093 2884//3097 2908//3116
f 1612//1795 1549//1731 2885//3102
f 1549//1731 2815//3030 2885//3102
f 2161//2385 1990//2172 2172//2380
f 2909//2210 2172//2380 1990//2172
f 2904//3111 2835//3058 2669//2898
f 2327//2548 2267//2501 2815//3030
f 2835//3058 2671//2892 2669//2898
f 2912//3109 2883//3093 2908//3116
f 2669//2898 2671//2892 2638//2867
f 2913//3115 2904//3111 2669//2898
f 2823//3036 2888//3099 2897//3117
f 2882//3118 2898//3104 2896//3106
f 2914//2790 2558//2789 2922//2803
f 2882//3118 2895//3091 2898//3104
f 2872//3012 2860//3014 2839//3061
f 2327//2548 2274//2502 2267//2501
f 2799//3011 2915//3119 2860//3014
f 2339//2897 2331//2706 2914//2790
f 2960//3120 1348//1509 2893//3098
f 2895//3091 2882//3118 2889//3105
f 2686//2900 2685//3121 2669//2898
f 2912//3109 2908//3116 2954//3043
f 1518//1666 2919//3122 1520//1698
f 2281//2513 1425//1604 2916//3123
f 2781//2993 2915//3119 2745//3001
f 2918//3124 2899//3125 1612//1795
f 2884//3097 2890//3100 2908//3116
f 2890//3100 2921//3126 2908//3116
f 2919//3122 1518//1666 2837//3047
f 2914//2790 2922//2803 2920//3127
f 2918//3124 2281//2513 2916//3123
f 2918//3124 2885//3102 2264//2500
f 2918//3124 1612//1795 2885//3102
f 2281//2513 2918//3124 2264//2500
f 2317//2529 2921//3126 2890//3100
f 2744//2997 2860//3014 2785//2992
f 2913//3115 2928//3128 2907//3112
f 2918//3124 2916//3123 2899//3125
f 2860//3014 2744//2997 2745//3001
f 2860//3014 2745//3001 2839//3061
f 2785//2992 2860//3014 2915//3119
f 2928//3128 2927//3129 2926//3130
f 2903//3110 2759//2903 2911//3131
f 1520//1698 2919//3122 2925//3132
f 2800//3007 2839//3061 2745//3001
f 2915//3119 2799//3011 2800//3007
f 2800//3007 2745//3001 2915//3119
f 2932//2983 2968//3133 2816//3060
f 2710//2932 2914//2790 2920//3127
f 2934//3134 2926//3130 3027//3135
f 2926//3130 2934//3134 2928//3128
f 2837//3047 2823//3036 2938//3136
f 2936//3137 2917//3138 2929//3139
f 2934//3134 2907//3112 2928//3128
f 2930//3140 2950//3141 2920//3127
f 2919//3122 2938//3136 2925//3132
f 2919//3122 2837//3047 2938//3136
f 2937//3142 2925//3132 2938//3136
f 2931//2104 2936//3137 2929//3139
f 2924//3143 2925//3132 2937//3142
f 2936//3137 2931//2104 3060//3144
f 2954//3043 2908//3116 2921//3126
f 2685//3121 2686//2900 2684//2914
f 2935//1748 2939//3145 2933//3146
f 1612//1795 2899//3125 2939//3145
f 1612//1795 2939//3145 2935//1748
f 2938//3136 2823//3036 2897//3117
f 2913//3115 2685//3121 2941//3147
f 2955//3148 2943//3149 2933//3146
f 2968//3133 2932//2983 2772//2979
f 1987//2206 2942//3150 1993//2213
f 2911//3131 2940//3151 2903//3110
f 1987//2206 2931//2104 2942//3150
f 2943//3149 2935//1748 2933//3146
f 1602//1778 2942//3150 2948//3152
f 2942//3150 2929//3139 2948//3152
f 2781//2993 2785//2992 2915//3119
f 2931//2104 2929//3139 2942//3150
f 2856//3052 2388//2611 2901//3092
f 2911//3131 2910//3153 2940//3151
f 1911//2120 2971//3154 2989//3155
f 2669//2898 2685//3121 2913//3115
f 3300//3156 1911//2120 2989//3155
f 2912//3109 2856//3052 2901//3092
f 2684//2914 2702//2925 2947//3157
f 2685//3121 2684//2914 2947//3157
f 2702//2925 2704//2934 2947//3157
f 2710//2932 2950//3141 2930//3140
f 1602//1778 2948//3152 1599//1779
f 1500//1686 915//1091 2944//2986
f 2848//3038 2372//2592 2956//2644
f 2848//3038 2801//3018 2819//3010
f 2949//3062 2801//3018 2848//3038
f 2929//3139 2917//3138 2948//3152
f 2948//3152 2917//3138 3091//3158
f 2958//3159 2947//3157 2946//3160
f 2955//3148 3179//3161 2943//3149
f 2930//3140 2922//2803 2952//3162
f 2920//3127 2922//2803 2930//3140
f 2951//3163 1893//1794 2959//3164
f 915//1091 939//1090 2944//2986
f 2957//3165 2996//3166 2967//3167
f 2952//3162 2174//2398 2172//2380
f 2959//3164 2963//3168 2962//3169
f 2710//2932 2930//3140 2909//2210
f 2830//3044 2856//3052 2953//3045
f 2956//2644 2949//3062 2848//3038
f 2909//2210 2930//3140 2952//3162
f 2947//3157 2958//3159 2941//3147
f 2952//3162 2172//2380 2909//2210
f 648//752 629//747 2965//1366
f 2951//3163 2959//3164 2962//3169
f 2947//3157 2941//3147 2685//3121
f 2816//3060 2968//3133 2893//3098
f 2957//3165 2967//3167 2969//3170
f 2968//3133 2960//3120 2893//3098
f 2966//3171 2969//3170 2967//3167
f 2174//2398 2965//1366 629//747
f 2912//3109 2954//3043 2953//3045
f 1911//2120 2970//1558 2971//3154
f 2174//2398 2975//3172 2965//1366
f 2856//3052 2912//3109 2953//3045
f 3080//3173 946//1116 3079//3174
f 2957//3165 2969//3170 2964//3175
f 1911//2120 1395//1559 2970//1558
f 1395//1559 1911//2120 1290//1390
f 2710//2932 2920//3127 2950//3141
f 2968//3133 2772//2979 2981//3176
f 2935//1748 2943//3149 2959//3164
f 2570//2793 2952//3162 2922//2803
f 2592//2829 2952//3162 2570//2793
f 2959//3164 1893//1794 2935//1748
f 3007//2850 2975//3172 2592//2829
f 2979//2643 2374//2587 2851//3048
f 2928//3128 2941//3147 2927//3129
f 2889//3105 2882//3118 2976//3177
f 2958//3159 2927//3129 2941//3147
f 2928//3128 2913//3115 2941//3147
f 2772//2979 2792//3002 2981//3176
f 2983//3178 2889//3105 2976//3177
f 2965//1366 2975//3172 3015//3179
f 2592//2829 2975//3172 2952//3162
f 2174//2398 2952//3162 2975//3172
f 2968//3133 2981//3176 2980//3180
f 2889//3105 2983//3178 2990//3181
f 2982//3182 2958//3159 2946//3160
f 2981//3176 2792//3002 2945//3183
f 2986//3184 2982//3182 2995//3185
f 2986//3184 2927//3129 2958//3159
f 2986//3184 2958//3159 2982//3182
f 2943//3149 3179//3161 2963//3168
f 2830//3044 2954//3043 2857//3066
f 2949//3062 2956//2644 2972//3186
f 2954//3043 2973//3187 2857//3066
f 3013//3188 2888//3099 2961//3189
f 2927//3129 2986//3184 2926//3130
f 2888//3099 2944//2986 2961//3189
f 2857//3066 2973//3187 2732//2951
f 2730//2946 2857//3066 2732//2951
f 2963//3168 2959//3164 2943//3149
f 2960//3120 2968//3133 2987//3190
f 3461//3191 2977//3192 2963//3168
f 2957//3165 2990//3181 2983//3178
f 2961//3189 2944//2986 2790//3000
f 2732//2951 2973//3187 2783//2989
f 2923//3193 2933//3146 2939//3145
f 2988//3194 2985//3195 2992//3196
f 2899//3125 2923//3193 2939//3145
f 2779//2987 2790//3000 2944//2986
f 2921//3126 3000//3197 2973//3187
f 2954//3043 2921//3126 2973//3187
f 2985//3195 2994//3198 2992//3196
f 2993//3199 2971//3154 2987//3190
f 2983//3178 2976//3177 2996//3166
f 2372//2592 2374//2587 2979//2643
f 3000//3197 2783//2989 2973//3187
f 2971//3154 2993//3199 2989//3155
f 2949//3062 2911//3131 2759//2903
f 2960//3120 2987//3190 2971//3154
f 2989//3155 2993//3199 2987//3190
f 2904//3111 3008//3200 2905//3080
f 2997//3201 3005//3202 2999//3203
f 2562//2795 2543//2769 2064//2160
f 1942//2156 2064//2160 2543//2769
f 2536//2771 2543//2769 2562//2795
f 2911//3131 2949//3062 2972//3186
f 3006//3113 3009//3204 3008//3200
f 2904//3111 3006//3113 3008//3200
f 2992//3196 2875//3086 2988//3194
f 2882//3118 2974//3205 2976//3177
f 2543//2769 1923//2129 1942//2156
f 2974//3205 2996//3166 2976//3177
f 2896//3106 2974//3205 2882//3118
f 2896//3106 2902//3107 2974//3205
f 3003//3206 1529//1684 1992//2209
f 3004//3207 1529//1684 3003//3206
f 3010//3208 2974//3205 3402//3209
f 2911//3131 2972//3186 3002//3210
f 3011//3211 2967//3167 3010//3208
f 2999//3203 3557//3212 2997//3201
f 2910//3153 2911//3131 3002//3210
f 2996//3166 2974//3205 3010//3208
f 2991//3213 3005//3202 2997//3201
f 2933//3146 2923//3193 2955//3148
f 3004//3207 1501//1685 1529//1684
f 2967//3167 2996//3166 3010//3208
f 2961//3189 2790//3000 3017//3214
f 2996//3166 2957//3165 2983//3178
f 3097//3215 2897//3117 3013//3188
f 2617//2851 2620//2855 3007//2850
f 2620//2855 2994//3198 3014//3216
f 2897//3117 2888//3099 3013//3188
f 2923//3193 3396//3217 3407//3218
f 2899//3125 3396//3217 2923//3193
f 3088//3219 2937//3142 2938//3136
f 3019//3220 3002//3210 2972//3186
f 3007//2850 2620//2855 3014//3216
f 2985//3195 3014//3216 2994//3198
f 2978//3221 3014//3216 2985//3195
f 3021//3222 3009//3204 3006//3113
f 2956//2644 3019//3220 2972//3186
f 3020//3223 3021//3222 3018//3224
f 2064//2160 2698//2921 2562//2795
f 3014//3216 2978//3221 3015//3179
f 2064//2160 3012//3225 2698//2921
f 2064//2160 2070//2280 3012//3225
f 3015//3179 3007//2850 3014//3216
f 3017//3214 3097//3215 2961//3189
f 2975//3172 3007//2850 3015//3179
f 3097//3215 3017//3214 3220//3226
f 3021//3222 3006//3113 3018//3224
f 3022//3227 3021//3222 3020//3223
f 3017//3214 2790//3000 3001//3228
f 3013//3188 2961//3189 3097//3215
f 1560//1688 1501//1685 3004//3207
f 1560//1688 3004//3207 3023//3229
f 2994//3198 2620//2855 2623//2857
f 3019//3220 2956//2644 2979//2643
f 2736//2956 2700//2940 2698//2921
f 3012//3225 2092//2302 2091//2335
f 2698//2921 3012//3225 2091//2335
f 2851//3048 3019//3220 2979//2643
f 2991//3213 2998//3230 3025//3231
f 3025//3231 3016//3232 2991//3213
f 2991//3213 2997//3201 2998//3230
f 2070//2280 2092//2302 3012//3225
f 3027//3135 2926//3130 3024//3233
f 3028//3059 2812//3029 2809//3033
f 2815//3030 2812//3029 3028//3059
f 2985//3195 2988//3194 3026//3234
f 2698//2921 2091//2335 2118//2343
f 3030//3235 1520//1698 2924//3143
f 1520//1698 2925//3132 2924//3143
f 3023//3229 3004//3207 3003//3206
f 3026//3234 3029//3236 2985//3195
f 2698//2921 2118//2343 2736//2956
f 2978//3221 2985//3195 3029//3236
f 2988//3194 2875//3086 3026//3234
f 2736//2956 2118//2343 2741//2959
f 2992//3196 2994//3198 2875//3086
f 3023//3229 1572//1743 1560//1688
f 2741//2959 2128//2349 2792//3002
f 2123//2334 2118//2343 2091//2335
f 3006//3113 2907//3112 2934//3134
f 3023//3229 3054//1873 1572//1743
f 3024//3233 3033//3237 3034//3238
f 2327//2548 2815//3030 3028//3059
f 1520//1698 3030//3235 1539//1718
f 3029//3236 3035//3239 3015//3179
f 3049//2558 2327//2548 3028//3059
f 2978//3221 3029//3236 3015//3179
f 3023//3229 3003//3206 3032//3240
f 3032//3240 3003//3206 1992//2209
f 3027//3135 3024//3233 3034//3238
f 2934//3134 3027//3135 3018//3224
f 3018//3224 3027//3135 3034//3238
f 3037//3241 3030//3235 2924//3143
f 2260//2568 2849//3054 2863//3067
f 1992//2209 2008//2228 3032//3240
f 3018//3224 3006//3113 2934//3134
f 2924//3143 2937//3142 3037//3241
f 3038//3242 1218//1367 2965//1366
f 2260//2568 3028//3059 2849//3054
f 3032//3240 2133//2362 3041//3243
f 3041//3243 2133//2362 3040//3244
f 2133//2362 3032//3240 2008//2228
f 3038//3242 2965//1366 3015//3179
f 3046//3245 3023//3229 3047//3246
f 3015//3179 3035//3239 3038//3242
f 3032//3240 3047//3246 3023//3229
f 3388//3247 3045//3248 3043//3249
f 3059//3250 3046//3245 3047//3246
f 3063//2738 3050//3251 3042//3252
f 1220//1371 1222//1373 3051//3253
f 3051//3253 1222//1373 3052//3254
f 3045//3248 3036//3255 3043//3249
f 3043//3249 3036//3255 3031//3256
f 1218//1367 3052//3254 1222//1373
f 3052//3254 1218//1367 3038//3242
f 3059//3250 3047//3246 3053//3257
f 3054//1873 3023//3229 3046//3245
f 2342//2557 3049//2558 3028//3059
f 2741//2959 2118//2343 2128//2349
f 3046//3245 1666//1872 3054//1873
f 2260//2568 2342//2557 3028//3059
f 3049//2558 2356//2551 3058//3258
f 3080//3173 3056//3259 2241//2468
f 3048//3260 3050//3251 3063//2738
f 2220//2443 3036//3255 3057//3261
f 3056//3259 3055//2469 2241//2468
f 2472//2103 3060//3144 2931//2104
f 3068//3262 1666//1872 3046//3245
f 2146//2370 2245//2352 3062//3022
f 3063//2738 2504//2726 2824//2957
f 2288//2509 3036//3255 2220//2443
f 3062//3022 2245//2352 3055//2469
f 3032//3240 3095//3263 3047//3246
f 3020//3223 3044//3264 3595//3265
f 2356//2551 2327//2548 3058//3258
f 3595//3265 3022//3227 3020//3223
f 2831//3013 2813//3023 3094//3266
f 3030//3235 3037//3241 3039//3267
f 3049//2558 3058//3258 2327//2548
f 2940//3151 2910//3153 3061//3268
f 1072//1216 3053//3257 3095//3263
f 1539//1718 3074//3269 1553//1733
f 3042//3252 3060//3144 3063//2738
f 3095//3263 3032//3240 3041//3243
f 3064//3270 3065//3271 3033//3237
f 3067//3272 3061//3268 3087//3273
f 1666//1872 3073//3274 1700//1912
f 3065//3271 3034//3238 3033//3237
f 3061//3268 3067//3272 3072//3275
f 3068//3262 2244//2470 731//837
f 3034//3238 3065//3271 3593//3276
f 2220//2443 3057//3261 2128//2349
f 3063//2738 3060//3144 2472//2103
f 3073//3274 1666//1872 3068//3262
f 3059//3250 3075//3277 2244//2470
f 3034//3238 3044//3264 3018//3224
f 3020//3223 3018//3224 3044//3264
f 3072//3275 2940//3151 3061//3268
f 3239//3278 3072//3275 3067//3272
f 3076//3279 2128//2349 3057//3261
f 2244//2470 3046//3245 3059//3250
f 3062//3022 3055//2469 3069//3280
f 3056//3259 3069//3280 3055//2469
f 3068//3262 3046//3245 2244//2470
f 1063//1207 727//838 2244//2470
f 3033//3237 3024//3233 3081//3281
f 3060//3144 3310//3282 2917//3138
f 3081//3281 3024//3233 2926//3130
f 3074//3269 3039//3267 831//3283
f 2936//3137 3060//3144 2917//3138
f 3039//3267 3074//3269 3030//3235
f 1539//1718 3030//3235 3074//3269
f 731//837 3073//3274 3068//3262
f 3073//3274 1066//1218 3287//1913
f 3073//3274 3287//1913 1700//1912
f 1066//1218 3073//3274 731//837
f 3081//3281 2926//3130 2986//3184
f 3088//3219 3085//3284 2937//3142
f 2128//2349 3076//3279 3190//3285
f 3037//3241 2937//3142 3085//3284
f 3002//3210 3083//3286 2910//3153
f 3061//3268 2910//3153 3083//3286
f 3084//3287 3081//3281 2986//3184
f 3084//3287 2986//3184 2995//3185
f 1063//1207 2244//2470 3075//3277
f 3075//3277 767//878 1063//1207
f 3075//3277 1072//1216 767//878
f 3088//3219 3082//3288 3085//3284
f 1072//1216 3075//3277 3053//3257
f 3075//3277 3059//3250 3053//3257
f 3002//3210 3019//3220 3083//3286
f 3080//3173 2241//2468 947//1093
f 1599//1779 2948//3152 3091//3158
f 1599//1779 3091//3158 3326//2183
f 3085//3284 3082//3288 801//3289
f 801//3289 831//3283 3085//3284
f 3039//3267 3037//3241 3085//3284
f 3080//3173 3069//3280 3056//3259
f 3085//3284 831//3283 3039//3267
f 3087//3273 3083//3286 2851//3048
f 3080//3173 3079//3174 3069//3280
f 2938//3136 2897//3117 3097//3215
f 2851//3048 3083//3286 3019//3220
f 3070//3290 3078//3291 3090//661
f 3111//1372 3079//3174 946//1116
f 946//1116 976//1112 3111//1372
f 3053//3257 3047//3246 3095//3263
f 3087//3273 2851//3048 3114//3071
f 3076//3279 3057//3261 3036//3255
f 3096//3292 2824//2957 3092//3293
f 2824//2957 2817//3026 3092//3293
f 3067//3272 3087//3273 3098//3294
f 2831//3013 3094//3266 3093//3042
f 2357//2564 3066//3295 2220//2443
f 3040//3244 3103//3296 3041//3243
f 3094//3266 2813//3023 3062//3022
f 3087//3273 3061//3268 3083//3286
f 3088//3219 2938//3136 3097//3215
f 3093//3042 3109//3297 3107//3298
f 3084//3287 2995//3185 3089//3299
f 1072//1216 3095//3263 1086//1227
f 2824//2957 3096//3292 3063//2738
f 3041//3243 1086//1227 3095//3263
f 3102//666 3078//3291 3105//3300
f 3069//3280 3094//3266 3062//3022
f 1086//1227 3041//3243 1088//1233
f 3110//3301 3084//3287 3116//3302
f 3081//3281 3084//3287 3110//3301
f 1088//1233 3041//3243 3103//3296
f 3069//3280 3093//3042 3094//3266
f 3090//661 3102//666 557//662
f 2401//2620 1088//1233 3103//3296
f 3069//3280 3109//3297 3093//3042
f 3090//661 3078//3291 3102//666
f 3110//3301 3064//3270 3033//3237
f 3063//2738 3096//3292 3048//3260
f 3079//3174 3111//1372 3109//3297
f 3113//3303 726//832 3127//3304
f 3112//3305 2272//2493 2258//2490
f 3101//3306 3322//3307 3099//3308
f 1490//1673 1824//2028 2258//2490
f 3099//3308 3115//3309 3101//3306
f 3081//3281 3110//3301 3033//3237
f 2844//833 726//832 3113//3303
f 3079//3174 3109//3297 3069//3280
f 3078//3291 3071//3310 3105//3300
f 3118//2840 2606//2834 3117//3311
f 3099//3308 3322//3307 3066//3295
f 3070//3290 3071//3310 3078//3291
f 3113//3303 2834//3053 2844//833
f 2258//2490 1824//2028 3112//3305
f 3092//3293 2834//3053 3113//3303
f 3118//2840 3117//3311 3106//3312
f 3099//3308 3066//3295 3286//3313
f 2817//3026 2834//3053 3092//3293
f 3109//3297 3166//3314 3107//3298
f 3127//3304 726//832 1951//2164
f 1220//1371 3051//3253 3111//1372
f 3118//2840 3106//3312 2596//2682
f 3111//1372 3051//3253 3109//3297
f 3123//2538 3121//3315 2318//2539
f 3123//2538 3120//3316 3121//3315
f 2596//2682 3106//3312 2600//3051
f 3122//3317 3125//3318 3096//3292
f 2994//3198 2623//2857 3124//3319
f 2272//2493 3112//3305 3123//2538
f 3112//3305 3120//3316 3123//2538
f 2424//2649 2608//2527 2305//2528
f 2317//2529 2318//2539 3121//3315
f 2870//3081 2875//3086 3124//3319
f 3117//3311 2606//2834 2608//2527
f 3128//3320 3108//3321 3100//3322
f 3102//666 3108//3321 562//665
f 3048//3260 3125//3318 3126//3323
f 3048//3260 3096//3292 3125//3318
f 3112//3305 3145//3324 3120//3316
f 2623//2857 2636//2848 2381//2601
f 3104//3325 3082//3288 3088//3219
f 2870//3081 3124//3319 2381//2601
f 2381//2601 3124//3319 2623//2857
f 3106//3312 3117//3311 3134//3326
f 3128//3320 562//665 3108//3321
f 3121//3315 3246//3327 2317//2529
f 3117//3311 3141//3328 3134//3326
f 2608//2527 2424//2649 3117//3311
f 3141//3328 3117//3311 2424//2649
f 3116//3302 3084//3287 3132//3329
f 3199//3330 3132//3329 3089//3299
f 3114//3071 2600//3051 3106//3312
f 3130//3331 3104//3325 3088//3219
f 3127//3304 3122//3317 3113//3303
f 3129//3332 3135//3333 1890//2098
f 3129//3332 3112//3305 3135//3333
f 3112//3305 1824//2028 3135//3333
f 3082//3288 3104//3325 801//3289
f 1824//2028 1836//2023 3135//3333
f 3135//3333 1836//2023 1846//2037
f 3122//3317 3092//3293 3113//3303
f 3114//3071 3106//3312 3134//3326
f 2875//3086 2994//3198 3124//3319
f 3134//3326 3137//3334 3114//3071
f 3108//3321 3102//666 3105//3300
f 3430//3335 3136//3336 801//3289
f 3029//3236 2875//3086 3131//3083
f 1951//2164 3133//2211 3127//3304
f 3136//3336 831//3283 801//3289
f 3026//3234 2875//3086 3029//3236
f 3132//3329 3199//3330 3077//268
f 3139//3337 3074//3269 831//3283
f 3084//3287 3089//3299 3132//3329
f 1846//2037 958//1106 3135//3333
f 3135//3333 958//1106 1892//2099
f 3139//3337 831//3283 3136//3336
f 3131//3083 3138//3096 3035//3239
f 3035//3239 3029//3236 3131//3083
f 3127//3304 3133//2211 3122//3317
f 3141//3328 2424//2649 2426//2650
f 3135//3333 1892//2099 1890//2098
f 3096//3292 3092//3293 3122//3317
f 2880//3082 2878//3095 3138//3096
f 3144//3338 3064//3270 3116//3302
f 3064//3270 3110//3301 3116//3302
f 1890//2098 1912//2128 3145//3324
f 1890//2098 3145//3324 3129//3332
f 3147//3339 3052//3254 3038//3242
f 3098//3294 3114//3071 3137//3334
f 3112//3305 3129//3332 3145//3324
f 3087//3273 3114//3071 3098//3294
f 3121//3315 3149//3340 3257//3341
f 3149//3340 3121//3315 3120//3316
f 3147//3339 3035//3239 3138//3096
f 3116//3302 3155//3342 3144//3338
f 3104//3325 3143//3343 801//3289
f 3120//3316 3145//3324 3149//3340
f 3038//3242 3035//3239 3147//3339
f 3142//3344 3179//3161 2955//3148
f 3179//3161 3142//3344 3071//3310
f 3071//3310 3140//3345 3179//3161
f 3148//3346 3076//3279 3036//3255
f 3137//3334 3134//3326 3151//3347
f 2964//3175 3168//3348 3150//3349
f 3151//3347 3153//3350 3137//3334
f 3156//3351 2964//3175 3150//3349
f 3159//3352 801//3289 3157//3353
f 3152//3354 3156//3351 3150//3349
f 3161//3355 3179//3161 3140//3345
f 1912//2128 1925//2134 3257//3341
f 3145//3324 1912//2128 3149//3340
f 3132//3329 3077//268 3155//3342
f 3115//3309 3190//3285 3076//3279
f 2964//3175 3156//3351 128//175
f 3077//268 3627//3356 3155//3342
f 801//3289 3159//3352 3430//3335
f 3116//3302 3132//3329 3155//3342
f 3257//3341 3149//3340 1912//2128
f 3147//3339 2878//3095 3154//3108
f 801//3289 3143//3343 3157//3353
f 3161//3355 3160//3357 3179//3161
f 2946//3160 2947//3157 3163//3358
f 2946//3160 3163//3358 3162//3359
f 1932//2234 3257//3341 1925//2134
f 2878//3095 3147//3339 3138//3096
f 3167//3360 3160//3357 3161//3355
f 3051//3253 3052//3254 3166//3314
f 3166//3314 3147//3339 3154//3108
f 3169//3361 3163//3358 3173//2937
f 3148//3346 3115//3309 3076//3279
f 3147//3339 3166//3314 3052//3254
f 3165//3362 2556//2783 2566//2792
f 2947//3157 2704//2934 3163//3358
f 3162//3359 3163//3358 3169//3361
f 3172//2684 3141//3328 2426//2650
f 3151//3347 3141//3328 3189//3363
f 2964//3175 2969//3170 2966//3171
f 3170//2786 2556//2783 3165//3362
f 3151//3347 3134//3326 3141//3328
f 3154//3108 2906//3114 3093//3042
f 3107//3298 3154//3108 3093//3042
f 2964//3175 2966//3171 3168//3348
f 3169//3361 3173//2937 3164//3364
f 3107//3298 3166//3314 3154//3108
f 3201//2683 3171//3365 3172//2684
f 2453//2665 3201//2683 3172//2684
f 3170//2786 3040//3244 2133//2362
f 3143//3343 3104//3325 3130//3331
f 3170//2786 2107//2274 2509//2748
f 3170//2786 2133//2362 2107//2274
f 2906//3114 3154//3108 2891//3041
f 3173//2937 3163//3358 2704//2934
f 3051//3253 3166//3314 3109//3297
f 3177//3366 2982//3182 3175//3367
f 126//393 3168//3348 2966//3171
f 3130//3331 3174//3368 3288//3369
f 3174//3368 3097//3215 3220//3226
f 3165//3362 3194//3370 3176//3371
f 3174//3368 3088//3219 3097//3215
f 3185//3372 3168//3348 3180//3373
f 3141//3328 3172//2684 3189//3363
f 3174//3368 3130//3331 3088//3219
f 3101//3306 3115//3309 3178//3374
f 2946//3160 3162//3359 3175//3367
f 3115//3309 3148//3346 3178//3374
f 3115//3309 3099//3308 3286//3313
f 2784//2995 2822//3032 3001//3228
f 2784//2995 3001//3228 2790//3000
f 3183//3375 3165//3362 3176//3371
f 1003//1146 3191//3376 2808//2996
f 2945//3183 2792//3002 2128//2349
f 2946//3160 3175//3367 2982//3182
f 3165//3362 3040//3244 3170//2786
f 3187//3377 3162//3359 3169//3361
f 3183//3375 3040//3244 3165//3362
f 1003//1146 1563//1742 3565//3378
f 3187//3377 3169//3361 3197//3379
f 3150//3349 3168//3348 3185//3372
f 3194//3370 3165//3362 2566//2792
f 3249//3380 3185//3372 3180//3373
f 2722//2915 3192//3381 2566//2792
f 3192//3381 3194//3370 2566//2792
f 3171//3365 3189//3363 3172//2684
f 3070//3290 3140//3345 3071//3310
f 3195//3382 2742//2941 2746//2963
f 2742//2941 3195//3382 3192//3381
f 3186//3383 2128//2349 3190//3285
f 3181//3384 3184//3385 3188//3386
f 3168//3348 126//393 3180//3373
f 3164//3364 3193//3387 3197//3379
f 3164//3364 3197//3379 3169//3361
f 2722//2915 2742//2941 3192//3381
f 3140//3345 3090//661 519//663
f 3207//3388 3198//3389 3188//3386
f 3216//3390 219//303 225//273
f 3036//3255 3045//3248 3186//3383
f 3140//3345 519//663 85//65
f 3180//3373 126//393 3196//409
f 220//272 221//269 3077//268
f 3190//3285 3212//3391 3036//3255
f 3204//3392 3180//3373 3196//409
f 3140//3345 3070//3290 3090//661
f 2840//3079 3195//3382 2746//2963
f 3195//3382 2840//3079 3192//3381
f 2794//3024 3191//3376 3235//3393
f 519//663 594//66 85//65
f 3140//3345 85//65 3161//3355
f 2794//3024 2808//2996 3191//3376
f 3167//3360 3161//3355 85//65
f 3175//3367 3162//3359 3187//3377
f 3177//3366 3175//3367 3187//3377
f 3177//3366 3206//3394 3203//3395
f 3203//3395 2982//3182 3177//3366
f 36//2531 3198//3389 3201//2683
f 2840//3079 2905//3080 3192//3381
f 2995//3185 2982//3182 3203//3395
f 3089//3299 2995//3185 3203//3395
f 3189//3363 3171//3365 3205//556
f 3001//3228 2822//3032 3017//3214
f 3206//3394 3177//3366 3187//3377
f 2822//3032 2784//2995 2820//3009
f 3407//3218 3142//3344 2923//3193
f 2955//3148 2923//3193 3142//3344
f 3105//3300 3142//3344 3108//3321
f 3208//3396 2822//3032 2818//3031
f 3142//3344 3105//3300 3071//3310
f 3199//3330 3089//3299 3203//3395
f 1907//2137 3209//3397 2145//2367
f 3204//3392 3249//3380 3180//3373
f 3142//3344 3407//3218 3100//3322
f 2246//2487 3176//3371 3210//3398
f 3187//3377 3197//3379 263//308
f 263//308 3197//3379 3211//2019
f 3036//3255 3186//3383 3190//3285
f 3211//2019 3197//3379 3193//3387
f 3016//3232 3128//3320 3471//3399
f 3211//2019 3193//3387 3540//3400
f 2820//3009 3208//3396 2818//3031
f 3214//3401 3202//3402 3201//2683
f 3215//121 3016//3232 3025//3231
f 3016//3232 3215//121 3128//3320
f 259//304 3216//3390 3206//3394
f 3142//3344 3100//3322 3108//3321
f 2820//3009 2795//3008 2794//3024
f 262//302 259//304 263//308
f 3206//3394 3187//3377 259//304
f 3235//3393 3225//3403 2794//3024
f 1733//1859 1702//1910 3222//1858
f 3216//3390 3203//3395 3206//3394
f 2246//2487 3183//3375 3176//3371
f 3050//3251 3213//3404 3146//3405
f 1655//1842 1673//1843 3222//1858
f 2145//2367 3218//3406 2153//2437
f 3216//3390 259//304 219//303
f 3183//3375 2246//2487 3223//3407
f 3217//3408 2153//2437 3218//3406
f 3040//3244 3183//3375 3223//3407
f 3224//3409 3050//3251 3048//3260
f 225//273 220//272 3216//3390
f 3220//3226 3208//3396 3219//3410
f 3048//3260 3126//3323 3224//3409
f 3203//3395 3216//3390 3199//3330
f 2145//2367 3209//3397 3218//3406
f 2249//2486 3223//3407 2246//2487
f 3221//3411 3227//3412 3222//1858
f 3103//3296 3040//3244 3223//3407
f 3218//3406 3209//3397 3217//3408
f 2822//3032 3208//3396 3220//3226
f 3220//3226 3017//3214 2822//3032
f 3209//3397 3268//3413 3217//3408
f 3223//3407 2249//2486 2401//2620
f 3216//3390 3077//268 3199//3330
f 3217//3408 3268//3413 3270//3414
f 2401//2620 3103//3296 3223//3407
f 2277//2521 2276//2520 2251//2660
f 3227//3412 3271//3040 2832//1882
f 3227//3412 2832//1882 1655//1842
f 3227//3412 1655//1842 3222//1858
f 2277//2521 2251//2660 3231//3415
f 1658//1847 1655//1842 2832//1882
f 3388//3247 2945//3183 3045//3248
f 3214//3401 3229//3416 3228//3417
f 220//272 3077//268 3216//3390
f 3229//3416 3214//3401 3207//3388
f 3214//3401 3201//2683 3198//3389
f 3230//3418 2758//2902 2903//3110
f 3237//3419 3231//3415 3210//3398
f 3222//1858 1713//1917 3221//3411
f 3210//3398 3231//3415 2251//2660
f 3225//3403 3235//3393 3226//3420
f 3210//3398 2251//2660 2246//2487
f 3224//3409 3345//3421 3213//3404
f 3224//3409 3213//3404 3050//3251
f 3226//3420 3235//3393 3234//3422
f 1713//1917 3222//1858 1702//1910
f 3187//3377 263//308 259//304
f 3230//3418 2903//3110 2940//3151
f 3150//3349 3185//3372 3152//3354
f 3230//3418 2940//3151 3072//3275
f 3232//3423 3233//3424 3230//3418
f 3207//3388 3214//3401 3198//3389
f 1907//2137 2758//2902 3230//3418
f 3237//3419 3176//3371 3194//3370
f 2945//3183 2128//2349 3186//3383
f 3230//3418 3233//3424 1907//2137
f 3232//3423 3230//3418 3072//3275
f 3210//3398 3176//3371 3237//3419
f 3184//3385 3252//25 3236//3425
f 3156//3351 3152//3354 3238//3426
f 3045//3248 2945//3183 3186//3383
f 2905//3080 3240//3427 3237//3419
f 3207//3388 3188//3386 3236//3425
f 3232//3423 3072//3275 3239//3278
f 2905//3080 3237//3419 3194//3370
f 3188//3386 3184//3385 3236//3425
f 3098//3294 3239//3278 3067//3272
f 3194//3370 3192//3381 2905//3080
f 3242//202 3238//3426 3152//3354
f 3258//3428 3043//3249 3241//3429
f 140//176 3156//3351 3238//3426
f 140//176 128//175 3156//3351
f 3252//25 3207//3388 3236//3425
f 3229//3416 3207//3388 3252//25
f 3214//3401 3244//3430 3202//3402
f 3240//3427 2905//3080 3008//3200
f 263//308 3211//2019 264//305
f 3237//3419 2277//2521 3231//3415
f 3233//3424 3232//3423 3245//3431
f 3237//3419 3240//3427 2304//2530
f 2277//2521 3237//3419 2304//2530
f 3233//3424 3209//3397 1907//2137
f 3008//3200 2304//2530 3240//3427
f 3214//3401 3228//3417 3244//3430
f 3252//25 3244//3430 3228//3417
f 2921//3126 2317//2529 3246//3327
f 2921//3126 3246//3327 3247//3432
f 3242//202 140//176 3238//3426
f 3254//3433 3256//3434 1713//1917
f 3226//3420 3234//3422 3225//3403
f 3200//3435 3202//3402 3248//24
f 3202//3402 3244//3430 3248//24
f 2921//3126 3247//3432 3000//3197
f 3250//3436 3152//3354 3185//3372
f 3250//3436 3185//3372 3249//3380
f 3251//3437 2783//2989 3253//3438
f 3000//3197 3253//3438 2783//2989
f 3252//25 3248//24 3244//3430
f 3000//3197 3247//3432 3253//3438
f 3278//3439 3242//202 3152//3354
f 3232//3423 3239//3278 3245//3431
f 1693//1889 1717//1891 1713//1917
f 3254//3433 1713//1917 3255//3440
f 3245//3431 3239//3278 3243//3441
f 1717//1891 3255//3440 1713//1917
f 3257//3341 3246//3327 3121//3315
f 3257//3341 3247//3432 3246//3327
f 3228//3417 3229//3416 3252//25
f 3243//3441 3239//3278 3420//3442
f 1932//2234 3260//3443 3257//3341
f 3221//3411 1713//1917 3256//3434
f 3247//3432 3257//3341 3260//3443
f 3260//3443 1932//2234 2488//1626
f 472//557 3262//3444 529//545
f 3262//3444 472//557 3205//556
f 3225//3403 2820//3009 2794//3024
f 3208//3396 2820//3009 3225//3403
f 3219//3410 3208//3396 3225//3403
f 3262//3444 3205//556 3171//3365
f 3262//3444 478//629 529//545
f 3262//3444 3200//3435 478//629
f 3262//3444 3171//3365 3202//3402
f 3148//3346 3036//3255 3212//3391
f 3201//2683 3202//3402 3171//3365
f 3256//3434 3274//3445 3221//3411
f 3202//3402 3200//3435 3262//3444
f 3213//3404 3345//3421 168//221
f 537//638 534//637 3264//3446
f 3263//1625 3260//3443 2488//1626
f 3264//3446 3200//3435 3267//3447
f 3260//3443 3263//1625 3253//3438
f 3271//3040 3227//3412 3265//3448
f 3248//24 3267//3447 3200//3435
f 3292//3449 2980//3180 3158//3450
f 2780//2985 3269//3451 2768//2988
f 3086//3452 3178//3374 3241//3429
f 3247//3432 3260//3443 3253//3438
f 3258//3428 3241//3429 3178//3374
f 3241//3429 3043//3249 3031//3256
f 3031//3256 3086//3452 3241//3429
f 1615//1931 1687//1893 3272//3453
f 1614//1811 1687//1893 1615//1931
f 3302//3088 3271//3040 3265//3448
f 3272//3453 3275//3454 1615//1931
f 2838//3039 3271//3040 3302//3088
f 2783//2989 3251//3437 2777//2990
f 2780//2985 3277//3455 3269//3451
f 3259//3456 2222//2449 3270//3414
f 32//23 3267//3447 3248//24
f 3277//3455 2777//2990 3251//3437
f 3148//3346 3212//3391 3178//3374
f 3302//3088 3265//3448 3313//3457
f 2222//2449 3259//3456 2206//2435
f 3251//3437 3273//3458 3277//3455
f 3267//3447 32//23 537//638
f 3264//3446 3267//3447 537//638
f 3276//3459 3256//3434 3295//3460
f 3178//3374 3212//3391 3258//3428
f 3227//3412 3274//3445 3265//3448
f 3221//3411 3274//3445 3227//3412
f 1687//1893 1630//1752 2853//1897
f 2853//1897 3272//3453 1687//1893
f 2222//2449 3217//3408 3270//3414
f 3213//3404 3250//3436 3249//3380
f 3274//3445 3256//3434 3276//3459
f 3418//3461 3266//3462 3219//3410
f 2853//1897 1698//1808 1934//2132
f 3219//3410 3234//3422 3279//3463
f 3115//3309 3212//3391 3190//3285
f 3278//3439 3152//3354 3250//3436
f 3279//3463 3592//3464 3219//3410
f 3115//3309 3158//3450 3212//3391
f 3225//3403 3234//3422 3219//3410
f 3283//3465 1701//1911 3280//3466
f 3282//3467 3276//3459 3294//3468
f 3283//3465 2874//3085 1701//1911
f 3280//3466 3281//3469 3283//3465
f 3219//3410 3592//3464 3284//3470
f 3277//3455 3289//3471 3261//3472
f 3313//3457 3265//3448 3274//3445
f 3286//3313 3066//3295 3119//2600
f 3287//1913 3281//3469 3280//3466
f 152//183 3278//3439 169//204
f 1701//1911 3287//1913 3280//3466
f 152//183 3242//202 3278//3439
f 534//637 478//629 3264//3446
f 3115//3309 3286//3313 3158//3450
f 3200//3435 3264//3446 478//629
f 3277//3455 2780//2985 2777//2990
f 3285//3473 3301//3474 3130//3331
f 3273//3458 3289//3471 3277//3455
f 2153//2437 3217//3408 2222//2449
f 3399//3475 1530//1709 1532//1704
f 3285//3473 3130//3331 3288//3369
f 1513//1697 3290//3476 3399//3475
f 1513//1697 3291//1696 3290//3476
f 3399//3475 1532//1704 1513//1697
f 3313//3457 3274//3445 3276//3459
f 3253//3438 3273//3458 3251//3437
f 3278//3439 168//221 169//204
f 168//221 3278//3439 3250//3436
f 3293//2673 3292//3449 3286//3313
f 3213//3404 168//221 3250//3436
f 3276//3459 3295//3460 3294//3468
f 3273//3458 3417//3477 3289//3471
f 3286//3313 3292//3449 3158//3450
f 2889//3105 3272//3453 2853//1897
f 3291//1696 3297//3478 3290//3476
f 3258//3428 3212//3391 3158//3450
f 3296//3479 3091//3158 2917//3138
f 3292//3449 3293//2673 3300//3156
f 3291//1696 3305//3480 3297//3478
f 3299//3481 3273//3458 3253//3438
f 3295//3460 3256//3434 3254//3433
f 3157//3353 3143//3343 3335//3482
f 3259//3456 3270//3414 3298//3483
f 3298//3483 3319//2709 3259//3456
f 3301//3474 3143//3343 3130//3331
f 3268//3413 3298//3483 3270//3414
f 2874//3085 3283//3465 2902//3107
f 3233//3424 3245//3431 3268//3413
f 3209//3397 3233//3424 3268//3413
f 3395//3484 3292//3449 3300//3156
f 3245//3431 3243//3441 3268//3413
f 3291//1696 1515//1695 3305//3480
f 3285//3473 3288//3369 3301//3474
f 3306//3485 3261//3472 3289//3471
f 1546//1700 3305//3480 1515//1695
f 3243//3441 3304//3486 3268//3413
f 3310//3282 3146//3405 3296//3479
f 3283//3465 3281//3469 3311//3487
f 3269//3451 3277//3455 3261//3472
f 3310//3282 3296//3479 2917//3138
f 2455//2678 1911//2120 3300//3156
f 3309//3069 3302//3088 3308//3488
f 1078//1223 3281//3469 3287//1913
f 3303//920 2864//3072 3309//3069
f 3281//3469 1078//1223 1081//1800
f 3060//3144 3042//3252 3310//3282
f 3269//3451 3261//3472 3353//3489
f 3287//1913 1066//1218 1078//1223
f 2768//2988 3350//3490 3320//3491
f 3036//3255 2288//2509 2287//2510
f 3310//3282 3050//3251 3146//3405
f 2287//2510 3031//3256 3036//3255
f 3310//3282 3042//3252 3050//3251
f 2966//3171 3011//3211 126//393
f 2967//3167 3011//3211 2966//3171
f 2902//3107 3311//3487 3314//3492
f 3276//3459 3282//3467 3313//3457
f 2802//3015 2768//2988 3320//3491
f 3283//3465 3311//3487 2902//3107
f 3304//3486 3243//3441 3420//3442
f 3298//3483 3268//3413 3420//3442
f 2804//3019 2811//3021 3500//3493
f 3304//3486 3420//3442 3268//3413
f 3146//3405 356//392 3296//3479
f 3249//3380 3146//3405 3213//3404
f 2476//2076 2231//2075 2325//2546
f 3146//3405 3249//3380 3204//3392
f 3318//3494 2802//3015 3315//3495
f 3318//3494 2811//3021 2821//3034
f 3318//3494 2821//3034 2802//3015
f 3308//3488 3302//3088 3313//3457
f 3322//3307 2220//2443 3066//3295
f 3323//3496 3282//3467 23//15
f 2293//2505 3086//3452 3031//3256
f 2811//3021 3318//3494 3500//3493
f 3294//3468 23//15 3282//3467
f 2802//3015 3320//3491 3315//3495
f 2287//2510 2293//2505 3031//3256
f 3317//3497 3301//3474 3321//3498
f 3305//3480 3307//3499 3297//3478
f 3305//3480 1546//1700 1559//2376
f 3312//3500 3317//3497 3321//3498
f 3311//3487 1081//1800 3314//3492
f 356//392 3146//3405 3196//409
f 3325//2590 2220//2443 3322//3307
f 3204//3392 3196//409 3146//3405
f 3319//2709 2206//2435 3259//3456
f 3319//2709 2325//2546 2206//2435
f 344//396 3296//3479 356//392
f 3296//3479 344//396 3316//3501
f 3305//3480 1559//2376 3307//3499
f 1081//1800 3311//3487 3281//3469
f 3326//2183 3330//3502 1965//2154
f 3325//2590 2349//2567 2220//2443
f 3313//3457 3282//3467 3308//3488
f 3329//3503 2293//2505 2344//2547
f 2344//2547 2345//2573 3329//3503
f 2325//2546 3319//2709 2476//2076
f 66//142 171//216 891//972
f 3323//3496 23//15 66//142
f 3336//3504 3331//3505 1807//2003
f 3326//2183 3091//3158 3316//3501
f 3330//3502 3326//2183 3316//3501
f 3301//3474 3312//3500 3321//3498
f 3319//2709 3298//3483 3436//2710
f 3282//3467 3323//3496 3308//3488
f 3091//3158 3296//3479 3316//3501
f 3303//920 3308//3488 3323//3496
f 1965//2154 3330//3502 3332//487
f 3303//920 3323//3496 66//142
f 3324//3506 3317//3497 3312//3500
f 3086//3452 2293//2505 3329//3503
f 3301//3474 3324//3506 3312//3500
f 3316//3501 385//414 3330//3502
f 3324//3506 3301//3474 3288//3369
f 344//396 385//414 3316//3501
f 3303//920 3309//3069 3308//3488
f 3153//3350 3333//3507 3137//3334
f 1965//2154 3332//487 1995//2208
f 66//142 891//972 3303//920
f 3335//3482 3301//3474 3317//3497
f 3330//3502 385//414 3332//487
f 3290//3476 3297//3478 3328//3508
f 2864//3072 3303//920 798//919
f 3381//3509 3328//3508 3297//3478
f 3086//3452 3322//3307 3101//3306
f 3322//3307 3086//3452 3329//3503
f 3333//3507 3334//3510 3137//3334
f 3086//3452 3101//3306 3178//3374
f 1728//1932 3336//3504 1807//2003
f 3239//3278 3098//3294 3334//3510
f 3336//3504 1615//1931 3275//3454
f 1728//1932 1615//1931 3336//3504
f 3345//3421 3224//3409 3126//3323
f 3301//3474 3335//3482 3143//3343
f 430//222 3337//3511 439//522
f 3500//3493 3339//3512 3367//3513
f 3336//3504 3275//3454 3342//3514
f 3340//3515 3335//3482 3317//3497
f 3174//3368 3409//3516 3351//3517
f 3345//3421 3337//3511 430//222
f 3315//3495 3339//3512 3318//3494
f 3346//3518 3352//3519 3334//3510
f 3318//3494 3339//3512 3500//3493
f 3352//3519 3346//3518 3341//3520
f 3334//3510 3333//3507 3346//3518
f 3322//3521 3119//2600 3348//2591
f 430//222 168//221 3345//3421
f 3317//3497 3324//3506 3340//3515
f 3350//3490 3269//3451 3353//3489
f 2768//2988 3269//3451 3350//3490
f 3331//3505 3343//37 3327//3522
f 3343//37 3331//3505 3354//3523
f 3364//3524 1879//2054 3344//1898
f 3364//3524 3344//1898 3365//3525
f 1848//2050 3344//1898 1879//2054
f 2357//2564 3119//2600 3066//3295
f 3320//3491 3355//3526 3315//3495
f 3344//1898 1848//2050 1849//1899
f 3307//3499 3360//3527 3356//3528
f 3307//3499 3356//3528 3297//3478
f 3355//3526 3320//3491 3350//3490
f 3137//3334 3334//3510 3098//3294
f 3239//3278 3334//3510 3420//3442
f 3324//3506 3288//3369 3174//3368
f 3361//3529 3125//3318 3122//3317
f 3348//2591 3293//2673 3322//3521
f 3126//3323 3125//3318 3361//3529
f 14//680 3331//3505 3342//3514
f 3361//3529 3358//3530 3363//3531
f 3372//3532 3357//3533 3437//3534
f 3336//3504 3342//3514 3331//3505
f 3331//3505 14//680 3354//3523
f 3174//3368 3351//3517 3324//3506
f 1893//1794 2951//3163 3365//3525
f 3364//3524 3365//3525 3437//3534
f 1793//2001 1807//2003 3327//3522
f 3331//3505 3327//3522 1807//2003
f 3360//3527 3374//3535 3366//3536
f 3466//3537 3356//3528 3366//3536
f 3362//3538 3153//3350 3151//3347
f 3366//3536 3356//3528 3360//3527
f 3361//3529 3337//3511 3126//3323
f 3356//3528 3466//3537 3338//3539
f 3362//3538 3333//3507 3153//3350
f 3361//3529 3363//3531 3337//3511
f 3337//3511 3345//3421 3126//3323
f 3362//3538 3346//3518 3333//3507
f 3344//1898 1893//1794 3365//3525
f 3329//3503 2358//2574 3348//2591
f 3370//3540 3369//624 3368//544
f 2358//2574 2451//2628 3348//2591
f 2349//2567 3329//3503 2345//2573
f 3369//624 3370//3540 3189//3363
f 3359//3541 503//590 451//547
f 3359//3541 451//547 453//539
f 3367//3513 3339//3512 3382//3542
f 1794//2002 1793//2001 3371//2067
f 2349//2567 2358//2574 3329//3503
f 439//522 3337//3511 3359//3541
f 3360//3527 3307//3499 3475//3543
f 3359//3541 3337//3511 3363//3531
f 3355//3526 3349//3544 3373//3545
f 3359//3541 453//539 439//522
f 3370//3540 3151//3347 3189//3363
f 3373//3545 3315//3495 3355//3526
f 3327//3522 3375//3546 1793//2001
f 3375//3546 3371//2067 1793//2001
f 3325//2590 3322//3307 3329//3503
f 3350//3490 3349//3544 3355//3526
f 3375//3546 3327//3522 49//36
f 3325//2590 3329//3503 3348//2591
f 3376//2231 3133//2211 1943//2163
f 3371//2067 3375//3546 3380//3547
f 3151//3347 3370//3540 3362//3538
f 3324//3506 3347//3548 3340//3515
f 3383//3549 3362//3538 3370//3540
f 3322//3521 3286//3313 3119//2600
f 3122//3317 3133//2211 3358//3530
f 3361//3529 3122//3317 3358//3530
f 3382//3542 3339//3512 3315//3495
f 3343//37 49//36 3327//3522
f 3359//3541 3363//3531 3358//3530
f 49//36 3380//3547 3375//3546
f 3383//3549 3341//3520 3362//3538
f 3348//2591 2451//2628 3293//2673
f 3322//3521 3293//2673 3286//3313
f 64//85 977//122 47//60
f 3367//3513 3382//3542 3527//3550
f 2009//578 486//568 497//605
f 3380//3547 49//36 47//60
f 3382//3542 3315//3495 3373//3545
f 3300//3156 3293//2673 3384//2672
f 3341//3520 3346//3518 3362//3538
f 497//605 3133//2211 3376//2231
f 3376//2231 2009//578 497//605
f 503//590 3359//3541 3358//3530
f 2455//2678 3300//3156 3384//2672
f 497//605 503//590 3358//3530
f 497//605 3358//3530 3133//2211
f 977//122 3380//3547 47//60
f 3384//2672 2451//2628 2455//2678
f 3370//3540 3368//544 3383//3549
f 3380//3547 964//1109 3371//2067
f 964//1109 3380//3547 977//122
f 3353//3489 3261//3472 3306//3485
f 1897//2109 3255//3440 1717//1891
f 3390//3551 3353//3489 3386//3552
f 1879//2054 3385//3553 1897//2109
f 3386//3552 3353//3489 3306//3485
f 2981//3176 3388//3247 2980//3180
f 2916//3123 1425//1604 3389//1603
f 3392//3554 2916//3123 3389//1603
f 2990//3181 3391//3555 3272//3453
f 3388//3247 3043//3249 2980//3180
f 3364//3524 3385//3553 1879//2054
f 3043//3249 3258//3428 2980//3180
f 460//656 3368//544 461//543
f 2899//3125 2916//3123 3392//3554
f 3324//3506 3351//3517 3347//3548
f 3403//3556 3494//3557 3347//3548
f 3388//3247 2981//3176 2945//3183
f 3403//3556 3347//3548 3351//3517
f 2968//3133 2980//3180 2987//3190
f 3258//3428 3158//3450 2980//3180
f 3392//3554 3396//3217 2899//3125
f 2987//3190 2980//3180 3292//3449
f 3418//3461 3398//3558 3266//3462
f 128//175 3397//169 2957//3165
f 3255//3440 3394//3559 3393//3560
f 128//175 2957//3165 2964//3175
f 3297//3478 3356//3528 3379//3561
f 2990//3181 2957//3165 3397//169
f 3356//3528 3338//3539 3379//3561
f 2990//3181 3397//169 3391//3555
f 3418//3461 3219//3410 3284//3470
f 3219//3410 3266//3462 3398//3558
f 3395//3484 3300//3156 2989//3155
f 3220//3226 3219//3410 3398//3558
f 3386//3552 3400//1679 3390//3551
f 3174//3368 3220//3226 3398//3558
f 2989//3155 2987//3190 3395//3484
f 3368//544 460//656 3387//660
f 138//167 3397//169 128//175
f 3387//660 3383//3549 3368//544
f 2987//3190 3292//3449 3395//3484
f 3290//3476 3328//3508 3399//3475
f 1402//1573 3400//1679 3386//3552
f 1897//2109 3385//3553 3255//3440
f 3189//3363 471//555 3369//624
f 3385//3553 3394//3559 3255//3440
f 3396//3217 3392//3554 3408//3562
f 3404//3563 1410//1629 1405//1574
f 3406//3564 3405//3565 3416//3566
f 2974//3205 2902//3107 3314//3492
f 3402//3209 2974//3205 3314//3492
f 3605//3567 3254//3433 3393//3560
f 3386//3552 3404//3563 1402//1573
f 3394//3559 3412//3568 3393//3560
f 3189//3363 3205//556 471//555
f 3398//3558 3418//3461 3409//3516
f 1530//1709 1610//1788 1578//1756
f 3405//3565 1530//1709 3416//3566
f 1530//1709 3399//3475 3416//3566
f 3398//3558 3409//3516 3174//3368
f 1108//1280 1137//1279 3402//3209
f 3403//3556 3351//3517 3409//3516
f 3401//1497 1864//2065 1802//1997
f 3402//3209 3314//3492 1081//1800
f 3385//3553 3364//3524 3394//3559
f 3402//3209 1081//1800 1108//1280
f 3524//3569 3394//3559 3364//3524
f 208//246 542//640 3401//1497
f 3425//3570 3399//3475 3328//3508
f 3272//3453 2889//3105 2990//3181
f 3408//3562 3407//3218 3396//3217
f 3412//3568 3394//3559 3378//3571
f 1410//1629 3404//3563 3438//1606
f 3404//3563 1405//1574 1402//1573
f 3436//2710 3298//3483 3410//3572
f 3434//3573 3407//3218 3408//3562
f 3436//2710 3410//3572 572//671
f 3420//3442 3410//3572 3298//3483
f 3411//3574 3403//3556 3409//3516
f 3414//470 343//395 3010//3208
f 360//417 343//395 3414//470
f 3011//3211 3010//3208 343//395
f 336//394 3011//3211 343//395
f 3415//3575 1862//2064 1863//1998
f 3431//3576 1864//2065 3421//3577
f 1863//1998 1864//2065 3431//3576
f 336//394 126//393 3011//3211
f 3417//3477 3299//3481 3423//3578
f 3273//3458 3299//3481 3417//3477
f 3377//3579 3378//3571 3394//3559
f 3420//3442 3334//3510 3352//3519
f 1179//471 3414//470 1183//1283
f 3420//3442 3352//3519 3341//3520
f 1864//2065 3401//1497 3421//3577
f 3410//3572 3420//3442 3341//3520
f 3253//3438 3263//1625 3299//3481
f 3418//3461 3284//3470 3419//3580
f 3414//470 3010//3208 3402//3209
f 3394//3559 3524//3569 3377//3579
f 1137//1279 1183//1283 3414//470
f 3422//3581 3417//3477 3423//3578
f 3402//3209 1137//1279 3414//470
f 3425//3570 3416//3566 3399//3475
f 1299//1398 1354//1494 3401//1497
f 3139//3337 836//986 3074//3269
f 3289//3471 3417//3477 3422//3581
f 1354//1494 3421//3577 3401//1497
f 3424//3582 3412//3568 3426//3583
f 559//659 572//671 3387//660
f 2893//3098 1348//1509 1187//1342
f 836//986 1553//1733 3074//3269
f 3378//3571 3426//3583 3412//3568
f 572//671 3410//3572 3387//660
f 3408//3562 3392//3554 3428//3584
f 3392//3554 3427//3585 3428//3584
f 836//986 3139//3337 3440//3586
f 3275//3454 3272//3453 3391//3555
f 3392//3554 3389//1603 3427//3585
f 3289//3471 3422//3581 3306//3485
f 3342//3514 3397//169 26//168
f 3386//3552 3306//3485 3422//3581
f 3342//3514 3391//3555 3397//169
f 2962//3169 3365//3525 2951//3163
f 3425//3570 3328//3508 3381//3509
f 3275//3454 3391//3555 3342//3514
f 1433//1609 3427//3585 3389//1603
f 3429//3587 3421//3577 1354//1494
f 3365//3525 2962//3169 3437//3534
f 3408//3562 3428//3584 3465//3588
f 3139//3337 3136//3336 3430//3335
f 3428//3584 3427//3585 3432//3589
f 3372//3532 3437//3534 2962//3169
f 3341//3520 3383//3549 3410//3572
f 3410//3572 3383//3549 3387//660
f 14//680 4//677 43//38
f 3431//3576 3421//3577 3429//3587
f 43//38 3343//37 3354//3523
f 43//38 3354//3523 14//680
f 3427//3585 3433//3590 3432//3589
f 3297//3478 3379//3561 3381//3509
f 3423//3578 3299//3481 1428//1607
f 3433//3590 3427//3585 1433//1609
f 3431//3576 3415//3575 1863//1998
f 1433//1609 1450//1632 3433//3590
f 3379//3561 3413//3591 3381//3509
f 3372//3532 2962//3169 2963//3168
f 3386//3552 3422//3581 3404//3563
f 281//319 297//342 3413//3591
f 245//301 281//319 3413//3591
f 14//680 3342//3514 26//168
f 3422//3581 3423//3578 1428//1607
f 3422//3581 1428//1607 3438//1606
f 3444//3592 3429//3587 3435//3593
f 3444//3592 3431//3576 3429//3587
f 3590//3594 3425//3570 3381//3509
f 26//168 575//679 14//680
f 41//39 43//38 80//129
f 3444//3592 3415//3575 3431//3576
f 43//38 566//678 80//129
f 3381//3509 3413//3591 3590//3594
f 2991//3213 3434//3573 3005//3202
f 3443//3595 3442//3596 3441//3597
f 1428//1607 3299//3481 1446//1624
f 3160//3357 3615//3598 10//46
f 10//46 3179//3161 3160//3357
f 1440//1623 1428//1607 1446//1624
f 2963//3168 3179//3161 10//46
f 3299//3481 3263//1625 1446//1624
f 3590//3594 3416//3566 3425//3570
f 3422//3581 3438//1606 3404//3563
f 3405//3565 1610//1788 1530//1709
f 3465//3588 3434//3573 3408//3562
f 187//256 246//299 3413//3591
f 3390//3551 3446//3599 3349//3544
f 3440//3586 3139//3337 3430//3335
f 245//301 3413//3591 246//299
f 3413//3591 3379//3561 187//256
f 3434//3573 3445//3600 2999//3203
f 3439//3601 3476//3602 3415//3575
f 3357//3533 3372//3532 2977//3192
f 3444//3592 3439//3601 3415//3575
f 2963//3168 2977//3192 3372//3532
f 3454//3603 3449//3604 3447//3605
f 192//257 187//256 3379//3561
f 3357//3533 2977//3192 2984//3606
f 3390//3551 3349//3544 3350//3490
f 3350//3490 3353//3489 3390//3551
f 3005//3202 3434//3573 2999//3203
f 3447//3605 3443//3595 3441//3597
f 3449//3604 3443//3595 3447//3605
f 3430//3335 3159//3352 3450//3607
f 1559//2376 2174//2398 3652//2399
f 3482//3608 3647//1566 1391//1555
f 3357//3533 2984//3606 3453//3609
f 3451//3610 3440//3586 3450//3607
f 3652//2399 3507//3611 1559//2376
f 3434//3573 2991//3213 3407//3218
f 3471//3399 2991//3213 3016//3232
f 1559//2376 3507//3611 3307//3499
f 3429//3587 1354//1494 3647//1566
f 1354//1494 1363//1511 3647//1566
f 3450//3607 3440//3586 3430//3335
f 3458//3612 3445//3600 3456//3613
f 3458//3612 2999//3203 3445//3600
f 836//986 3440//3586 3467//3614
f 3467//3614 866//994 836//986
f 2984//3606 3461//3191 3448//3615
f 3456//3613 3445//3600 3462//3616
f 3307//3499 3507//3611 3473//3617
f 3481//3618 3459//3619 3455//3620
f 3465//3588 3428//3584 3468//3621
f 3445//3600 3465//3588 3462//3616
f 3467//3614 172//211 866//994
f 866//994 172//211 175//210
f 3465//3588 3468//3621 3462//3616
f 3463//3622 3357//3533 3453//3609
f 3434//3573 3465//3588 3445//3600
f 172//211 3467//3614 271//318
f 271//318 178//220 172//211
f 3464//3623 3357//3533 3463//3622
f 3460//3624 3459//3619 3481//3618
f 3464//3623 3437//3534 3357//3533
f 3460//3624 3481//3618 3490//3625
f 3373//3545 3349//3544 3469//3626
f 3468//3621 3428//3584 3432//3589
f 3451//3610 3467//3614 3440//3586
f 3159//3352 3157//3353 3335//3482
f 3349//3544 3446//3599 3469//3626
f 3415//3575 3476//3602 3653//3627
f 3471//3399 3100//3322 3407//3218
f 3382//3542 3373//3545 3452//3628
f 3490//3625 3481//3618 3474//3629
f 3377//3579 3453//3609 3378//3571
f 1486//1707 3446//3599 1487//1678
f 3439//3601 3457//3630 3476//3602
f 3475//3543 3473//3617 3466//3537
f 3469//3626 3446//3599 1486//1707
f 2984//3606 3448//3615 3453//3609
f 3400//1679 1487//1678 3446//3599
f 3159//3352 3477//3631 3450//3607
f 3481//3618 3455//3620 3470//3632
f 3159//3352 3335//3482 3477//3631
f 3477//3631 3335//3482 3472//3633
f 3472//3633 3335//3482 3340//3515
f 2991//3213 3471//3399 3407//3218
f 3451//3610 3450//3607 3477//3631
f 1492//1582 3400//1679 1402//1573
f 3446//3599 3390//3551 3400//1679
f 3463//3622 3453//3609 3377//3579
f 3524//3569 3463//3622 3377//3579
f 3457//3630 3439//3601 3482//3608
f 3451//3610 3477//3631 3472//3633
f 3435//3593 3482//3608 3439//3601
f 3307//3499 3473//3617 3475//3543
f 3439//3601 3444//3592 3435//3593
f 3483//1703 3452//3628 3373//3545
f 3452//3628 3483//1703 3485//3634
f 3496//3635 3128//3320 3215//121
f 1511//1701 3469//3626 1486//1707
f 3100//3322 3471//3399 3128//3320
f 1511//1701 3373//3545 3469//3626
f 1511//1701 3483//1703 3373//3545
f 3472//3633 3488//3636 3451//3610
f 3448//3615 3461//3191 3463//3622
f 3483//1703 1507//1702 3485//3634
f 3485//3634 1507//1702 1524//1776
f 3128//3320 3487//3637 562//665
f 3485//3634 1524//1776 1811//2013
f 1364//1527 717//835 1871//2074
f 1364//1527 1871//2074 3491//2087
f 3480//3638 3448//3615 3463//3622
f 3173//2937 2697//2922 2804//3019
f 3173//2937 3495//3639 3164//3364
f 3340//3515 3347//3548 3484//3640
f 3340//3515 3484//3640 3472//3633
f 3488//3636 3472//3633 3484//3640
f 3489//3641 3460//3624 3490//3625
f 3374//3535 3360//3527 3475//3543
f 3501//3642 3461//3191 10//46
f 3494//3557 3484//3640 3347//3548
f 3461//3191 2963//3168 10//46
f 3487//3637 3128//3320 3496//3635
f 3508//3643 1364//1527 3491//2087
f 3493//3644 3484//3640 3494//3557
f 3461//3191 3464//3623 3463//3622
f 3492//3645 3475//3543 3366//3536
f 3475//3543 3466//3537 3366//3536
f 3492//3645 3366//3536 3521//3646
f 2977//3192 3461//3191 2984//3606
f 3464//3623 3461//3191 3501//3642
f 3479//3647 3496//3635 3215//121
f 3502//3648 3497//3649 3489//3641
f 2804//3019 3500//3493 3498//3650
f 3490//3625 3502//3648 3489//3641
f 3456//3613 3505//3651 3478//3652
f 3502//3648 3486//3653 3503//3654
f 3173//2937 2804//3019 3498//3650
f 3498//3650 3495//3639 3173//2937
f 3456//3613 3468//3621 3505//3651
f 3600//2082 1886//2096 1896//2083
f 3374//3535 3475//3543 3532//3655
f 3467//3614 3451//3610 3488//3636
f 3502//3648 3474//3629 3486//3653
f 3484//3640 3493//3644 3506//3656
f 3500//3493 3367//3513 3522//3657
f 3504//3658 3506//3656 3493//3644
f 3456//3613 3462//3616 3468//3621
f 3466//3537 3473//3617 3507//3611
f 3490//3625 3474//3629 3502//3648
f 905//1051 2394//2323 2100//902
f 3506//3656 3488//3636 3484//3640
f 3498//3650 3516//3659 3495//3639
f 3505//3651 3510//3660 3478//3652
f 271//318 325//398 268//317
f 3294//3468 52//16 23//15
f 3510//3660 3479//3647 3478//3652
f 3442//3596 3511//3661 3455//3620
f 3512//3662 3515//3663 52//16
f 3496//3635 3479//3647 3510//3660
f 3506//3656 3504//3658 271//318
f 3516//3659 3498//3650 3509//3664
f 3193//3387 3164//3364 3495//3639
f 3515//3663 3464//3623 3501//3642
f 3505//3651 3468//3621 3514//3665
f 271//318 3488//3636 3506//3656
f 3514//3665 3510//3660 3505//3651
f 3500//3493 3522//3657 3498//3650
f 3488//3636 271//318 3467//3614
f 3498//3650 3522//3657 3509//3664
f 3437//3534 3464//3623 3364//3524
f 3364//3524 3464//3623 3524//3569
f 3509//3664 3522//3657 3526//3666
f 3533//3667 3546//3668 3366//3536
f 3494//3557 3403//3556 3528//3669
f 3443//3595 3517//3670 3442//3596
f 3433//3590 1495//1801 3523//3671
f 1488//1664 1495//1801 3433//3590
f 1450//1632 1488//1664 3433//3590
f 3522//3657 3367//3513 3527//3550
f 3517//3670 3511//3661 3442//3596
f 3541//3672 3493//3644 3528//3669
f 3527//3550 3526//3666 3522//3657
f 3366//3536 3374//3535 3519//3673
f 3517//3670 3525//3674 3549//3675
f 3494//3557 3528//3669 3493//3644
f 3530//3676 3514//3665 3468//3621
f 3527//3550 3382//3542 3452//3628
f 3514//3665 3530//3676 3641//3677
f 3432//3589 3530//3676 3468//3621
f 3432//3589 3433//3590 3530//3676
f 3411//3574 3528//3669 3403//3556
f 3508//3643 3531//3678 3499//1541
f 1364//1527 3508//3643 3499//1541
f 3433//3590 3523//3671 3530//3676
f 3533//3679 3532//3680 3519//3673
f 3193//3387 3495//3639 3516//3659
f 3459//3619 3442//3596 3455//3620
f 3533//3667 3366//3536 3532//3680
f 3366//3536 3519//3673 3532//3680
f 3409//3516 3543//3681 3528//3669
f 3526//3666 3552//2007 3537//3682
f 3535//3683 3441//3597 3442//3596
f 3526//3666 3527//3550 3452//3628
f 3528//3669 3411//3574 3409//3516
f 3504//3658 3541//3672 3555//3684
f 3452//3628 3552//2007 3526//3666
f 3534//3685 3478//3652 3479//3647
f 3548//3686 3480//3638 3529//3687
f 3459//3619 3535//3683 3442//3596
f 3458//3612 3456//3613 3534//3685
f 3456//3613 3478//3652 3534//3685
f 3459//3619 3460//3624 3535//3683
f 3562//3688 3538//3689 3610//3690
f 3524//3569 3529//3687 3480//3638
f 3504//3658 3493//3644 3541//3672
f 3463//3622 3524//3569 3480//3638
f 3586//3691 3458//3612 3534//3685
f 3528//3669 3544//3692 3541//3672
f 3215//121 3534//3685 3479//3647
f 3492//3645 3532//3655 3475//3543
f 3215//121 95//120 3534//3685
f 3509//3664 3539//3693 3516//3659
f 3546//3668 3545//3694 3366//3536
f 192//257 3379//3561 3338//3539
f 3193//3387 3516//3659 3539//3693
f 3533//3695 3521//3646 3546//3696
f 3545//3694 3546//3696 3521//3646
f 3374//3535 3546//3697 3545//3698
f 3546//3699 3519//3673 3545//3698
f 3521//3646 3366//3536 3545//3694
f 3486//3653 3474//3629 3547//3700
f 3540//3400 3193//3387 3539//3693
f 3374//3535 3545//3698 3519//3673
f 3536//3701 3538//3689 3562//3688
f 3542//3702 3512//3662 3607//3703
f 3543//3681 3544//3692 3528//3669
f 3532//3655 3521//3646 3533//3695
f 3474//3629 3481//3618 3547//3700
f 3532//3655 3533//3704 3374//3535
f 3546//3697 3374//3535 3533//3704
f 3546//3699 3533//3679 3519//3673
f 3532//3655 3492//3645 3521//3646
f 573//672 562//665 3487//3637
f 3526//3666 1814//2027 3509//3664
f 3550//3705 573//672 3487//3637
f 3509//3664 1814//2027 3539//3693
f 3418//3461 3543//3681 3409//3516
f 3496//3635 3550//3705 3487//3637
f 1814//2027 3526//3666 3537//3682
f 3511//3661 3517//3670 3549//3675
f 186//258 192//257 3338//3539
f 3511//3661 3549//3675 3455//3620
f 3338//3539 3466//3537 3507//3611
f 3543//3681 77//88 124//90
f 3507//3611 186//258 3338//3539
f 3548//3686 3512//3662 3424//3582
f 3529//3687 3512//3662 3548//3686
f 1816//2006 1814//2027 3537//3682
f 3547//3700 3481//3618 3549//3675
f 3537//3682 3552//2007 1816//2006
f 3419//3580 58//77 77//88
f 3515//3663 3512//3662 3529//3687
f 3549//3675 3470//3632 3455//3620
f 3524//3569 3515//3663 3529//3687
f 3507//3611 3652//2399 3554//3706
f 3553//3707 186//258 3554//3706
f 3464//3623 3515//3663 3524//3569
f 1806//2010 1816//2006 1808//2008
f 3510//3660 3640//3708 3551//3709
f 3481//3618 3470//3632 3549//3675
f 3551//3709 3496//3635 3510//3660
f 186//258 3507//3611 3554//3706
f 3550//3705 3496//3635 3551//3709
f 77//88 3543//3681 3418//3461
f 3419//3580 77//88 3418//3461
f 3553//3707 227//270 186//258
f 3555//3684 3544//3692 3543//3681
f 3552//2007 3452//3628 3485//3634
f 3552//2007 1811//2013 1808//2008
f 369//166 373//309 3555//3684
f 372//399 3555//3684 373//309
f 3510//3660 3514//3665 3640//3708
f 3552//2007 3485//3634 1811//2013
f 372//399 325//398 3555//3684
f 3543//3681 124//90 3555//3684
f 131//154 3555//3684 124//90
f 3555//3684 131//154 369//166
f 3564//808 3566//3710 693//795
f 3555//3684 325//398 271//318
f 3539//3693 3560//3711 3568//3712
f 3541//3672 3544//3692 3555//3684
f 3568//3712 3540//3400 3539//3693
f 3558//2473 3406//3564 3576//3713
f 3556//3714 3561//3715 2997//3201
f 3561//3715 2998//3230 2997//3201
f 3504//3658 3555//3684 271//318
f 3556//3714 2997//3201 3557//3212
f 3517//3670 3443//3595 3520//3716
f 3557//3212 3571//3717 3556//3714
f 573//672 3550//3705 3564//808
f 3513//3718 3536//3701 3562//3688
f 3443//3595 3449//3604 3520//3716
f 3561//3715 3556//3714 3378//3571
f 3561//3715 3378//3571 3453//3609
f 3559//3719 3566//3710 3564//808
f 3567//3720 3520//3716 3449//3604
f 3448//3615 3561//3715 3453//3609
f 3525//3674 3520//3716 3567//3720
f 3565//3378 3191//3376 1003//1146
f 1817//2020 3211//2019 3568//3712
f 3568//3712 3211//2019 3540//3400
f 1563//1742 1696//1900 3565//3378
f 1829//2044 3560//3711 1830//2041
f 3568//3712 3560//3711 1829//2044
f 3235//3393 3191//3376 3563//3721
f 3517//3670 3520//3716 3525//3674
f 2999//3203 3458//3612 3569//3722
f 1814//2027 1830//2041 3560//3711
f 3563//3721 3191//3376 3565//3378
f 3606//3723 3562//3688 3610//3690
f 2999//3203 3569//3722 3557//3212
f 3560//3711 3539//3693 1814//2027
f 3406//3564 33//22 6//3724
f 3549//3675 3525//3674 3580//3725
f 3426//3583 3571//3717 3570//3726
f 3625//3727 3681//3728 3549//3675
f 1829//2044 1817//2020 3568//3712
f 3575//3729 3449//3604 3574//3730
f 3565//3378 1696//1900 1710//1907
f 2304//2530 3008//3200 3009//3204
f 3009//3204 36//2531 2304//2530
f 36//2531 3009//3204 3579//3731
f 3563//3721 3279//3463 3234//3422
f 3563//3721 3234//3422 3235//3393
f 3571//3717 3426//3583 3556//3714
f 3378//3571 3556//3714 3426//3583
f 3557//3212 3569//3722 3571//3717
f 3563//3721 3582//3732 3279//3463
f 3566//3710 3559//3719 3578//3733
f 3022//3227 3579//3731 3009//3204
f 3009//3204 3021//3222 3022//3227
f 3575//3729 3574//3730 3580//3725
f 3572//3734 3578//3733 3559//3719
f 3513//3718 3577//3735 3536//3701
f 3567//3720 3575//3729 3580//3725
f 3022//3227 3581//3736 3579//3731
f 97//119 3025//3231 3480//3638
f 3579//3731 3581//3736 3181//3384
f 3580//3725 3525//3674 3567//3720
f 3480//3638 3025//3231 3448//3615
f 3449//3604 3575//3729 3567//3720
f 3025//3231 2998//3230 3448//3615
f 3447//3605 3585//3737 3584//3738
f 2998//3230 3561//3715 3448//3615
f 3582//3732 3563//3721 3565//3378
f 3586//3691 95//120 3598//3739
f 3518//3740 3577//3735 3513//3718
f 3659//3741 3518//3740 3513//3718
f 3582//3732 3583//3742 3588//3743
f 3579//3731 3198//3389 36//2531
f 3582//3732 3588//3743 3279//3463
f 280//1215 693//795 3566//3710
f 3447//3605 3584//3738 3454//3603
f 3538//3689 3531//3678 3508//3643
f 3573//3744 3576//3713 21//8
f 280//1215 3587//3745 270//3746
f 280//1215 3566//3710 3587//3745
f 280//1215 270//3746 255//335
f 3531//3678 3538//3689 3536//3701
f 95//120 3586//3691 3534//3685
f 95//120 97//119 3598//3739
f 3590//3594 3406//3564 3416//3566
f 3188//3386 3198//3389 3181//3384
f 3572//3734 255//335 270//3746
f 3579//3731 3181//3384 3198//3389
f 3625//3727 3580//3725 3574//3730
f 3649//3747 3558//2473 3576//3713
f 3574//3730 3449//3604 3454//3603
f 3649//3747 3576//3713 3573//3744
f 3593//3276 3595//3265 3044//3264
f 3569//3722 3586//3691 3571//3717
f 3044//3264 3034//3238 3593//3276
f 6//3724 3576//3713 3406//3564
f 3279//3463 3589//3748 3592//3464
f 6//3724 21//8 3576//3713
f 3508//3643 3491//2087 1886//2096
f 3588//3743 3589//3748 3279//3463
f 1886//2096 3591//3749 3596//3750
f 56//53 3573//3744 21//8
f 3581//3736 3182//3751 3181//3384
f 3406//3564 3590//3594 33//22
f 3593//3276 3594//3752 3595//3265
f 3581//3736 3595//3265 3182//3751
f 3587//3745 3566//3710 3578//3733
f 3569//3722 3458//3612 3586//3691
f 3215//121 3025//3231 97//119
f 3581//3736 3022//3227 3595//3265
f 1886//2096 3600//2082 3591//3749
f 3578//3733 270//3746 3587//3745
f 3065//3271 3064//3270 3599//3753
f 3586//3691 3598//3739 3570//3726
f 3596//3750 3508//3643 1886//2096
f 3589//3748 3588//3743 3583//3742
f 3599//3753 3594//3752 3593//3276
f 3571//3717 3586//3691 3570//3726
f 3599//3753 3593//3276 3065//3271
f 3413//3591 297//342 308//358
f 3572//3734 270//3746 3578//3733
f 3598//3739 97//119 3480//3638
f 3583//3742 3582//3732 3601//3754
f 3550//3705 3572//3734 3559//3719
f 3570//3726 3548//3686 3424//3582
f 3572//3734 294//333 255//335
f 3550//3705 294//333 3572//3734
f 3559//3719 3564//808 3550//3705
f 1710//1907 3601//3754 3565//3378
f 3570//3726 3598//3739 3548//3686
f 293//534 3550//3705 3604//3755
f 293//534 294//333 3550//3705
f 3184//3385 3594//3752 39//27
f 3424//3582 3426//3583 3570//3726
f 3598//3739 3480//3638 3548//3686
f 3295//3460 3254//3433 3605//3567
f 1874//2070 3591//3749 3600//2082
f 33//22 3590//3594 38//72
f 3255//3440 3393//3560 3254//3433
f 3184//3385 39//27 3252//25
f 1874//2070 1868//2069 3596//3750
f 3424//3582 3542//3702 3412//3568
f 3551//3709 3604//3755 3550//3705
f 3184//3385 3182//3751 3594//3752
f 3584//3738 3585//3737 3597//3756
f 3294//3468 3295//3460 3605//3567
f 3607//3703 3294//3468 3605//3567
f 3595//3265 3594//3752 3182//3751
f 3619//3757 3590//3594 3413//3591
f 3687//3758 3611//3759 3597//3756
f 3184//3385 3181//3384 3182//3751
f 52//16 3294//3468 3607//3703
f 3562//3688 3606//3723 3513//3718
f 3393//3560 3412//3568 3542//3702
f 3606//3723 1865//2058 3513//3718
f 3424//3582 3512//3662 3542//3702
f 3605//3567 3393//3560 3542//3702
f 3599//3753 37//40 3594//3752
f 3601//3754 1710//1907 1712//1915
f 3542//3702 3607//3703 3605//3567
f 1495//1801 3617//3760 3523//3671
f 3565//3378 3601//3754 3582//3732
f 3606//3723 3610//3690 3596//3750
f 3454//3603 3608//3761 3574//3730
f 1495//1801 1723//1925 3617//3760
f 3574//3730 3608//3761 3625//3727
f 52//16 3607//3703 3512//3662
f 3594//3752 37//40 39//27
f 3597//3756 3611//3759 3584//3738
f 3611//3759 3454//3603 3584//3738
f 3610//3690 3508//3643 3596//3750
f 3617//3760 3530//3676 3523//3671
f 3612//3762 3530//3676 3617//3760
f 3596//3750 1865//2058 3606//3723
f 3610//3690 3538//3689 3508//3643
f 3589//3748 3613//3763 3592//3464
f 3599//3753 3064//3270 3620//3764
f 3619//3757 3413//3591 308//358
f 3590//3594 3619//3757 3639//3765
f 1868//2069 1865//2058 3596//3750
f 1874//2070 3596//3750 3591//3749
f 3620//3764 3064//3270 3144//3338
f 53//17 3615//3598 3614//61
f 3608//3761 3611//3759 3621//3766
f 3608//3761 3454//3603 3611//3759
f 3603//3767 3573//3744 3609//3768
f 3629//3769 3284//3470 3613//3763
f 1762//2217 1752//2216 3623//3770
f 3284//3470 3592//3464 3613//3763
f 3616//3771 3629//3769 3613//3763
f 3167//3360 3614//61 3615//3598
f 3589//3748 3616//3771 3613//3763
f 3144//3338 3627//3356 3633//3772
f 3616//3771 3589//3748 3583//3742
f 3583//3742 3601//3754 3616//3771
f 3622//3773 3628//3774 3623//3770
f 3549//3675 3580//3725 3625//3727
f 1750//1951 3668//3775 3632//3776
f 3632//3776 3617//3760 1750//1951
f 3160//3357 3167//3360 3615//3598
f 3457//3630 3518//3740 3659//3741
f 3167//3360 85//65 3614//61
f 85//65 67//62 3614//61
f 56//53 40//84 3573//3744
f 3627//3356 3144//3338 3155//3342
f 3622//3773 3623//3770 1752//2216
f 3602//267 3627//3356 3077//268
f 3618//3777 3625//3727 3608//3761
f 10//46 52//16 3515//3663
f 1750//1951 3617//3760 1723//1925
f 3601//3754 3626//3778 3616//3771
f 3630//3779 3518//3740 3457//3630
f 3602//267 3635//3780 3627//3356
f 3515//3663 3501//3642 10//46
f 3615//3598 53//17 10//46
f 37//40 3599//3753 3620//3764
f 3608//3761 3621//3766 3618//3777
f 75//78 3629//3769 3616//3771
f 3531//3678 3577//3735 3630//3779
f 3629//3769 75//78 58//77
f 3642//3781 3620//3764 3633//3772
f 3536//3701 3577//3735 3531//3678
f 3639//3765 288//338 3609//3768
f 3144//3338 3633//3772 3620//3764
f 3630//3779 3577//3735 3518//3740
f 3631//3782 3633//3772 3627//3356
f 3603//3767 3649//3747 3573//3744
f 3499//1541 3531//3678 3630//3779
f 1391//1555 3499//1541 3630//3779
f 3635//3780 3602//267 221//269
f 3634//3783 3460//3624 3489//3641
f 1391//1555 3630//3779 3482//3608
f 221//269 233//279 3635//3780
f 3603//3767 3609//3768 288//338
f 3631//3782 3627//3356 3635//3780
f 3629//3769 3419//3580 3284//3470
f 3482//3608 3630//3779 3457//3630
f 2960//3120 2970//1558 1348//1509
f 3620//3764 74//93 37//40
f 38//72 3639//3765 40//84
f 3612//3762 3617//3760 3632//3776
f 58//77 3419//3580 3629//3769
f 3514//3665 3641//3677 3640//3708
f 3636//3784 3637//3785 3638//3786
f 3642//3781 74//93 3620//3764
f 3609//3768 40//84 3639//3765
f 3636//3784 3489//3641 3497//3649
f 38//72 3590//3594 3639//3765
f 3640//3708 3641//3677 24//18
f 24//18 3643//3787 3640//3708
f 3601//3754 1712//1915 3675//3788
f 3489//3641 3636//3784 3638//3786
f 3489//3641 3638//3786 3634//3783
f 3616//3771 3626//3778 75//78
f 3643//3787 3551//3709 3640//3708
f 3639//3765 3619//3757 309//359
f 3642//3781 3633//3772 3631//3782
f 3601//3754 3675//3788 3626//3778
f 3642//3781 3645//101 74//93
f 3641//3677 3530//3676 3612//3762
f 308//358 309//359 3619//3757
f 3646//3789 75//78 3626//3778
f 3644//3790 3535//3683 3460//3624
f 309//359 288//338 3639//3765
f 2960//3120 2971//3154 2970//1558
f 3641//3677 3612//3762 24//18
f 3460//3624 3634//3783 3644//3790
f 3482//3608 3648//3791 3647//1566
f 3644//3790 3447//3605 3441//3597
f 3585//3737 3447//3605 3644//3790
f 3675//3788 3646//3789 3626//3778
f 3644//3790 3441//3597 3535//3683
f 3609//3768 3573//3744 40//84
f 3482//3608 3435//3593 3648//3791
f 75//78 88//118 87//117
f 200//151 450//538 452//152
f 3647//1566 1363//1511 1361//1514
f 3604//3755 3682//155 293//534
f 3644//3790 3634//3783 3651//3792
f 162//205 3603//3767 288//338
f 3638//3786 3651//3792 3634//3783
f 3635//3780 233//279 258//298
f 3647//1566 3648//3791 3429//3587
f 725//915 629//747 628//746
f 3648//3791 3435//3593 3429//3587
f 31//134 258//298 83//132
f 3631//3782 3635//3780 31//134
f 258//298 31//134 3635//3780
f 1752//2216 1997//2218 3622//3773
f 725//915 755//871 747//898
f 3623//3770 3657//3793 1762//2217
f 725//915 628//746 755//871
f 1862//2064 3653//3627 1902//2108
f 725//915 3658//3794 3652//2399
f 629//747 725//915 3652//2399
f 3653//3627 1862//2064 3415//3575
f 3622//3773 1997//2218 3657//3793
f 31//134 99//100 3645//101
f 3651//3792 3638//3786 3674//3795
f 3502//3648 3503//3654 3655//3796
f 3652//2399 3553//3707 3554//3706
f 3497//3649 3502//3648 3655//3796
f 3645//101 3642//3781 31//134
f 3654//3797 3457//3630 3659//3741
f 3642//3781 3631//3782 31//134
f 3547//3700 3656//3798 3503//3654
f 1750//1951 2040//2233 3668//3775
f 142//172 88//118 3650//3799
f 1902//2108 3654//3797 3659//3741
f 1902//2108 3653//3627 3654//3797
f 3547//3700 3503//3654 3486//3653
f 3655//3796 3503//3654 3656//3798
f 3650//3799 3646//3789 3661//3800
f 1997//2218 2025//2245 3657//3793
f 3476//3602 3457//3630 3654//3797
f 75//78 3646//3789 88//118
f 654//861 650//788 3658//3794
f 3657//3793 3668//3775 1762//2217
f 3653//3627 3476//3602 3654//3797
f 88//118 3646//3789 3650//3799
f 3658//3794 650//788 676//790
f 838//977 733//844 3665//843
f 3658//3794 676//790 3676//3801
f 725//915 654//861 3658//3794
f 3637//3785 3636//3784 3660//3802
f 3650//3799 3661//3800 3662//845
f 3497//3649 3655//3796 3636//3784
f 3662//845 161//195 142//172
f 3636//3784 3655//3796 3660//3802
f 3650//3799 3662//845 142//172
f 3655//3796 3663//3803 3660//3802
f 3656//3798 3663//3803 3655//3796
f 3659//3741 3513//3718 1902//2108
f 3664//3804 3628//3774 3622//3773
f 3661//3800 3665//843 3662//845
f 1902//2108 3513//3718 1865//2058
f 3663//3803 3666//3805 3660//3802
f 701//817 227//270 3553//3707
f 3664//3804 3657//3793 3623//3770
f 3658//3794 3553//3707 3652//2399
f 3681//3728 3680//3806 3656//3798
f 3661//3800 25//13 3665//843
f 3623//3770 3628//3774 3664//3804
f 3547//3700 3681//3728 3656//3798
f 3657//3793 3664//3804 3622//3773
f 25//13 838//977 3665//843
f 3638//3786 3637//3785 3667//3807
f 139//165 161//195 3662//845
f 3637//3785 3666//3805 3667//3807
f 3668//3775 2040//2233 1762//2217
f 3671//3808 2025//2245 3670//2265
f 3670//2265 3669//3809 3671//3808
f 1993//2213 2942//3150 3670//2265
f 2942//3150 1602//1778 3670//2265
f 3668//3775 3657//3793 3671//3808
f 3671//3808 3657//3793 2025//2245
f 3672//3810 194//217 90//19
f 3672//3810 90//19 24//18
f 3673//3811 3672//3810 3612//3762
f 3637//3785 3660//3802 3666//3805
f 24//18 3612//3762 3672//3810
f 3668//3775 3673//3811 3632//3776
f 3673//3811 3612//3762 3632//3776
f 3585//3737 3644//3790 3597//3756
f 3673//3811 3668//3775 3671//3808
f 1598//1780 3673//3811 3669//3809
f 1944//2162 3675//3788 1945//2141
f 680//787 3676//3801 676//790
f 3673//3811 3671//3808 3669//3809
f 3597//3756 3644//3790 3651//3792
f 1945//2141 3675//3788 1913//1927
f 3669//3809 1602//1778 1598//1780
f 1712//1915 1913//1927 3675//3788
f 3669//3809 3670//2265 1602//1778
f 701//817 3676//3801 680//787
f 3646//3789 3675//3788 3661//3800
f 3675//3788 25//13 3661//3800
f 3658//3794 3676//3801 701//817
f 3675//3788 1944//2162 1//14
f 555//657 571//2147 567//2149
f 1944//2162 2//3812 1//14
f 567//2149 569//670 555//657
f 194//217 3672//3810 200//151
f 397//468 3678//434 340//437
f 3678//434 397//468 712//435
f 555//657 200//151 3672//3810
f 1598//1780 571//2147 555//657
f 3672//3810 1598//1780 555//657
f 1970//2197 15//965 2//3812
f 3673//3811 1598//1780 3672//3810
f 2//3812 1944//2162 1970//2197
f 701//817 3553//3707 3658//3794
f 394//455 227//270 701//817
f 3643//3787 3604//3755 3551//3709
f 1//14 25//13 3675//3788
f 3656//3798 3680//3806 3663//3803
f 2//3812 15//965 29//12
f 2//3812 29//12 1//14
f 24//18 28//20 3643//3787
f 3080//3173 947//1093 946//1116
f 3558//2473 947//1093 2241//2468
f 951//185 3683//1094 117//184
f 82//99 452//152 293//534
f 3693//3813 3680//3806 3681//3728
f 3682//155 82//99 293//534
f 3547//3700 3549//3675 3681//3728
f 3625//3727 3624//3814 3681//3728
f 947//1093 3558//2473 3683//1094
f 3674//3795 3638//3786 3667//3807
f 3558//2473 3649//3747 3683//1094
f 100//137 11//139 13//197
f 112//157 117//184 3683//1094
f 162//205 440//520 441//218
f 288//338 440//520 162//205
f 3643//3787 3682//155 3604//3755
f 3649//3747 3603//3767 162//205
f 3683//1094 3649//3747 3684//3815
f 3680//3806 3667//3807 3666//3805
f 3667//3807 3679//3816 3674//3795
f 3677//3817 3674//3795 3679//3816
f 3682//155 3643//3787 11//139
f 3666//3805 3663//3803 3680//3806
f 3680//3806 3685//3818 3667//3807
f 3643//3787 28//20 11//139
f 11//139 28//20 13//197
f 3684//3815 110//135 112//157
f 3683//1094 3684//3815 112//157
f 3684//3815 134//147 110//135
f 3679//3816 3667//3807 3685//3818
f 162//205 3684//3815 3649//3747
f 162//205 134//147 3684//3815
f 1184//537 1067//1214 3686//219
f 3688//3819 3687//3758 3677//3817
f 173//207 162//205 3686//219
f 3686//219 441//218 1184//537
f 3597//3756 3674//3795 3677//3817
f 3687//3758 3597//3756 3677//3817
f 3674//3795 3597//3756 3651//3792
f 3558//2473 2202//2414 3405//3565
f 1610//1788 3405//3565 2202//2414
f 3406//3564 3558//2473 3405//3565
f 33//22 3//9 6//3724
f 6//3724 3//9 21//8
f 3621//3766 3611//3759 3687//3758
f 3621//3766 3687//3758 3689//3820
f 3690//3821 3621//3766 3689//3820
f 3621//3766 3690//3821 3618//3777
f 3696//3822 3618//3777 3690//3821
f 3689//3820 3687//3758 3688//3819
f 3692//3823 3691//3824 3694//3825
f 3681//3728 3691//3824 3693//3813
f 3688//3819 3677//3817 3692//3823
f 3693//3813 3691//3824 3692//3823
f 3693//3813 3685//3818 3680//3806
f 3693//3813 3692//3823 3685//3818
f 3696//3822 3695//3826 3624//3814
f 3624//3814 3625//3727 3696//3822
f 3696//3822 3625//3727 3618//3777
f 3689//3820 3688//3819 3695//3826
f 3694//3825 3624//3814 3695//3826
f 3688//3819 3694//3825 3695//3826
f 3681//3728 3694//3825 3691//3824
f 3624//3814 3694//3825 3681//3728
f 3694//3825 3688//3819 3692//3823
f 3679//3816 3685//3818 3692//3823
f 3692//3823 3677//3817 3679//3816
f 3698//1251 3689//3820 3695//3826
f 3689//3820 3698//1251 3697//1250
f 3690//3821 3689//3820 3697//1250
f 3697//1250 1095//1241 1096//1240
f 1096//1240 3690//3821 3697//1250
f 1096//1240 3696//3822 3690//3821
f 3695//3826 3699//1257 3698//1251
f 3695//3826 3696//3822 3699//1257
f 1111//1252 3698//1251 3699//1257
f 3696//3822 1096//1240 1113//1258
f 1113//1258 3699//1257 3696//3822
f 3711//1247 3701//3827 3700//352
f 274//535 298//350 3700//352
f 274//535 3700//352 3703//498
f 275//432 274//535 3703//498
f 378//439 374//430 3702//519
f 3702//519 374//430 3703//498
f 3705//3828 3703//498 3701//3827
f 3703//498 3700//352 3701//3827
f 3703//498 3705//3828 3702//519
f 3705//3828 3701//3827 3707//3829
f 3707//3829 3704//3830 3705//3828
f 3707//3829 3706//3831 3704//3830
f 3708//518 3704//3830 3706//3831
f 27//51 3708//518 3706//3831
f 621//722 473//574 3708//518
f 3702//519 3704//3830 3708//518
f 3702//519 3705//3828 3704//3830
f 473//574 474//510 3708//518
f 7//1 5//3 3710//727
f 3710//727 3709//201 579//551
f 3710//727 5//3 3709//201
f 7//1 3710//727 27//51
f 636//738 579//551 3709//201
f 743//854 706//816 636//738
f 27//51 621//722 3708//518
f 27//51 3710//727 621//722
f 743//854 157//191 166//228
f 158//192 157//191 743//854
f 158//192 743//854 3709//201
f 3709//201 743//854 636//738
f 3700//352 307//351 3711//1247
f 307//351 1100//1248 3711//1247
f 3711//1247 3707//3829 3701//3827
f 1186//1335 3712//3832 1106//1249
f 3714//3833 3715//3834 3713//3835
f 3718//3836 3713//3835 1106//1249
f 3715//3834 1106//1249 3713//3835
f 3715//3834 3711//1247 1106//1249
f 3707//3829 3715//3834 3706//3831
f 3715//3834 3707//3829 3711//1247
f 3706//3831 3714//3833 3716//126
f 3716//126 59//52 3706//3831
f 3706//3831 3715//3834 3714//3833
f 27//51 3706//3831 59//52
f 3717//1485 1325//1484 1338//1490
f 3712//3832 1186//1335 3717//1485
f 3718//3836 3712//3832 3717//1485
f 3718//3836 1106//1249 3712//3832
f 3718//3836 1333//116 3716//126
f 3718//3836 1338//1490 1333//116
f 3717//1485 1338//1490 3718//3836
f 3714//3833 3713//3835 3718//3836
f 3718//3836 3716//126 3714//3833
f 123//190 9//2 61//91
f 5//3 9//2 123//190
