# Blender 5.0.1
# www.blender.org
mtllib statue_of_myself_lod2.mtl
o obj_0
v -5.256657 6.788748 1.890988
v -3.421165 -5.539560 -6.202514
v 1.390007 -3.961149 5.751354
v 5.197539 -3.793977 4.594960
v -0.673396 7.357739 -0.339497
v 5.658357 -4.065911 4.583222
v 6.175481 -3.013732 -2.768775
v 3.279147 -4.627573 -3.391730
v -3.413097 -4.153482 -6.043247
v -5.351501 6.349130 1.576926
v -0.354532 6.750360 -0.159644
v 1.467439 -4.082853 5.798797
v -0.955231 6.784138 -0.752667
v 6.367329 -3.130964 -2.284991
v -5.130752 6.646358 2.140536
v -2.666934 -4.326837 -6.466314
v 3.005155 -4.677999 -3.496318
v -0.621826 6.161639 -0.708314
v -0.979948 -4.848216 2.704074
v -0.283128 7.455040 0.441866
v -1.285221 -3.304525 1.651989
v 0.769600 -4.010978 5.744134
v -3.396994 -4.772538 -5.257856
v -0.222048 7.239549 1.391648
v -3.324669 -3.199164 -5.019487
v -0.040092 6.339571 0.703957
v -1.797482 -4.944194 3.063771
v 0.775440 -4.533206 5.850432
v 6.221722 -3.037365 -2.406875
v 0.887300 -4.116600 5.764000
v 0.858820 -4.162840 5.770872
v -3.877533 7.651208 3.091119
v 2.902689 -4.666848 -3.535972
v 5.441987 -3.997412 4.890577
v -0.570915 5.453755 -1.229688
v -3.266799 -4.284395 -4.670283
v 5.836168 -3.157337 -2.490725
v -0.251895 6.077175 -0.132159
v -1.636124 -5.119140 3.293064
v 0.785007 -4.128234 5.767309
v 0.849700 -4.145299 5.765700
v 0.847000 -4.147200 5.768301
v 0.857100 -4.119500 5.790401
v -4.198325 7.262979 3.018812
v 0.860200 -4.108699 5.800701
v 5.006006 -3.804891 4.760342
v 3.148387 -4.745633 -3.493927
v -2.407637 -4.150742 4.320563
v -4.487125 7.401683 2.876796
v -3.555995 -4.686368 -4.600854
v 0.813800 -4.171299 5.800200
v 0.831500 -4.182199 5.763501
v 0.843600 -4.149700 5.771600
v 0.842800 -4.150300 5.772300
v 5.099321 -3.062288 -2.869964
v -3.572068 -4.429089 3.625687
v -3.202654 -3.614518 3.865681
v 0.778497 -4.896245 5.736199
v 0.226405 5.015308 -0.601665
v -0.052494 5.321599 -1.008290
v -3.540357 -5.251295 -4.767699
v 1.534608 -4.634084 5.818920
v 5.765881 -3.243587 -1.886747
v 1.587392 -4.865828 5.717882
v 0.146008 5.503497 -0.408669
v -3.661204 -5.095954 -4.381479
v -2.588629 -4.898685 3.139755
v 3.147425 -5.187254 -3.505352
v -3.844299 6.905022 3.153207
v -0.730266 -5.611179 -6.151237
v 0.094206 4.794452 -0.391544
v -1.012994 -5.302413 -6.492707
v 0.786671 -5.088168 5.729125
v 0.751100 5.723850 0.450782
v 0.669124 5.398068 0.130186
v 0.844459 5.358722 0.311682
v 3.035463 -4.877501 -3.511958
v -1.807739 -6.319541 -6.989863
v -4.682027 6.183732 2.613885
v -1.472092 -6.199224 -6.896145
v -4.506997 6.853939 2.912938
v 3.068169 -4.976361 -3.524141
v 0.901062 5.493811 0.785584
v -1.029463 -6.315691 -6.671740
v -3.364631 -4.906678 3.177974
v 3.044160 -4.924172 -3.480904
v 5.559264 -4.783553 4.641210
v 0.688397 5.204322 0.890939
v 0.258242 6.001237 0.700361
v 0.146588 5.450834 0.087396
v 0.206641 5.766292 0.317535
v -0.817466 -6.256930 -6.236035
v -1.303455 -6.279395 -6.347264
v -0.893373 5.467119 2.489722
v 5.624625 -3.401099 -1.503367
v -1.660328 4.677375 2.586361
v -1.609944 5.898469 2.858354
v 5.924469 -3.729338 -1.738212
v 5.536456 -3.654658 -1.824895
v -2.078049 5.049520 2.772394
v 0.582836 -4.041364 4.463959
v 0.257745 -3.769922 4.817979
v -1.998990 4.968844 2.569504
v 5.382612 -3.397453 -1.731683
v -0.178979 -3.965370 5.125481
v 5.146718 -5.100535 4.732798
v 5.290647 -4.855714 4.836690
v 2.940282 -4.915216 -3.569870
v -3.195540 -4.564535 4.037925
v 3.084170 -4.988515 -3.516819
v 3.070800 -5.008000 -3.483200
v 3.023162 -5.013834 -3.521393
v -3.361650 -4.939869 4.153238
v -2.424211 4.967336 2.727123
v 3.050654 -5.000669 -3.507607
v 0.137194 5.636392 1.132172
v -3.783594 -4.639479 3.872057
v -0.207277 -4.133456 4.582898
v -3.692397 5.425897 2.762193
v -2.084527 -2.876805 4.581097
v -0.175454 5.974475 1.125962
v 0.267427 -4.499326 4.384992
v 4.728231 -5.508994 4.165195
v 5.317619 -3.485036 -1.662521
v -1.972813 -3.328067 4.321302
v 5.503810 -3.490899 -1.488436
v 5.139339 -5.714301 4.812814
v -3.136972 4.936876 2.639305
v 4.979383 -5.845349 4.790286
v -1.840716 -3.782110 4.542530
v 4.979231 -6.088740 4.913198
v 4.958025 -6.391683 4.640738
v 4.998629 -5.976764 4.582664
v 0.329386 -3.814465 5.321273
v 4.928730 -6.968278 4.926509
v -3.696594 5.125439 2.576996
v -3.233488 -2.146035 4.807735
v 6.549684 -4.180125 -3.549374
v 0.547417 -3.899333 5.484874
v 6.614594 -4.136985 -4.142385
v -2.261769 5.704338 2.985015
v 6.697244 -3.541143 -4.100263
v 4.707966 -5.155290 -3.937955
v 4.930390 -6.653549 4.685191
v 5.035180 -2.880645 3.777505
v 4.684502 -2.965227 3.134557
v 0.371304 5.130368 0.096531
v -2.695201 -4.206010 5.279182
v 0.374983 -3.908541 5.507506
v 6.477650 -4.263978 -3.988465
v -1.384153 -4.305141 4.828392
v 4.433443 -2.565467 4.002913
v 4.365483 -2.469432 3.991057
v -2.098527 4.885284 2.879247
v 4.036790 -5.674042 -3.982077
v -1.950017 -6.433613 -6.897744
v 0.397234 4.985116 0.878972
v 0.555675 5.024997 0.427662
v -1.712720 -6.246193 -6.376713
v 3.658823 -5.836457 -3.975587
v 4.879354 -2.921741 4.305578
v 0.628531 -3.934567 5.637271
v 4.146103 -2.778083 3.956547
v -2.051989 -6.249152 -6.453995
v 3.916410 -2.675202 3.947349
v 0.154974 -4.299930 5.679409
v -2.168888 -6.379294 -6.422409
v -1.930917 -4.027058 4.704736
v -2.800524 6.227056 3.084484
v 0.231972 5.076071 1.084891
v -2.167313 -4.053406 4.949047
v 3.507929 -2.362254 4.220826
v 6.936406 -4.562653 -3.617705
v 3.500036 -5.623007 -3.561272
v 3.416257 -2.585700 4.044880
v -1.071306 -5.403738 -5.206610
v 6.547583 -4.684513 -4.525187
v 3.560799 -5.623314 -3.514261
v 0.618654 -4.858731 4.491454
v -0.942775 -5.557721 -5.333077
v 3.455642 -5.478125 -3.309553
v 3.569763 -5.223778 -3.341494
v -1.418317 -4.389956 5.698692
v 4.143278 -2.767223 4.183492
v 6.858894 -5.024940 -4.126391
v 0.448048 -4.937978 4.493462
v 3.621002 -5.506714 -3.487300
v -1.589694 -5.762228 -4.715966
v 3.569204 -2.825785 4.216903
v 0.021021 4.397559 -0.857239
v -2.520051 -4.464869 5.452088
v -1.224486 4.464341 -1.320827
v -3.644772 5.781667 2.920343
v 4.505504 -3.096478 2.906531
v -3.147520 5.954534 3.016746
v 4.868157 -3.092127 3.061168
v 0.465989 4.546635 -0.004051
v 6.971421 -5.256305 -3.590394
v 0.185464 -4.792421 4.445594
v 0.377900 -4.953599 4.469201
v 0.373600 -4.930799 4.469100
v -0.649780 -5.850391 -4.499700
v -1.488403 -4.740730 4.554492
v 0.123114 4.380583 -0.321193
v 0.365700 -4.889299 4.468901
v -0.099283 4.513165 -0.097836
v 0.357400 -4.845399 4.468600
v 0.312155 -5.018616 4.456283
v 6.575987 -4.845603 -3.935725
v 0.660681 -5.063264 4.530819
v -2.357784 5.508379 3.136827
v 0.343800 -5.011199 4.505600
v -2.463901 -5.080644 4.535683
v -1.331114 -5.965052 -4.538762
v 0.373900 -4.984200 4.477201
v 0.035655 4.178050 -0.364741
v 0.382300 -4.976699 4.469300
v -2.498387 5.014055 3.124086
v -1.813834 -6.569808 -4.323938
v -2.542413 -4.516829 4.909672
v -1.325874 -4.849761 6.022260
v 4.566605 -3.090349 3.444099
v -0.621952 4.363547 -0.052107
v -1.917467 -4.710219 5.977412
v 4.710477 -6.491335 -4.342994
v 3.607777 -6.041079 -4.292775
v -2.151841 -6.422803 -4.380724
v -0.074649 3.756188 -0.763386
v -2.450799 -4.279864 4.648082
v -2.603745 -4.369048 4.866211
v -0.929317 -6.832495 -6.281291
v 4.483998 -3.342447 2.997057
v -2.229261 4.129381 1.952333
v 3.719784 -3.682331 2.998667
v -1.109740 -7.406412 -5.882816
v 0.446586 -5.025415 5.731261
v -1.881139 -7.126996 -6.324909
v 4.019180 -3.610373 3.395524
v -2.493715 -7.177206 -6.349868
v 3.052386 -5.225039 -3.602685
v -1.037856 -7.504738 -5.113557
v 3.032235 -5.813340 -4.016431
v -1.994226 -7.626480 -5.044271
v 0.257792 -5.763289 1.588653
v 0.125584 3.742493 -0.269466
v 4.649571 -3.348329 4.152837
v -0.402218 -5.620272 1.659507
v -1.638503 -7.569325 -5.509463
v 3.148700 -5.627300 -3.617599
v 3.154400 -5.627700 -3.624799
v 4.197263 -3.640029 3.808286
v -0.402860 -5.352629 1.418101
v -0.695014 -5.188227 1.372208
v 4.826404 -3.724414 4.256418
v 4.663718 -3.550667 3.786317
v 3.072507 -5.563425 -3.720142
v -1.418368 4.315378 2.411230
v -0.143637 -5.649612 2.216255
v -2.888314 -4.343218 5.442345
v 0.374689 3.494514 0.002435
v -1.514509 -6.933260 -4.366101
v 6.609992 -4.624889 -3.154819
v -1.728998 4.708992 2.347853
v 6.607365 -4.916379 -3.201232
v 3.163702 -5.677496 -3.595935
v 6.834418 -4.891599 -3.534603
v -1.441388 -7.437040 -4.840107
v -0.122377 3.585191 -0.100109
v 3.112832 -5.662288 -3.604383
v 3.007692 -5.691730 -3.735790
v 6.536958 -4.825492 -3.297299
v -0.295383 3.973890 -0.303704
v 2.969587 -5.761370 -3.886820
v -2.798295 -4.710109 4.674581
v -0.782548 4.064386 -0.033961
v 5.897023 -4.158480 -3.581075
v -2.286730 -6.707324 -4.265523
v 3.968215 -3.695111 4.228503
v -1.732144 4.574633 2.712027
v -1.810196 -7.366772 -4.476490
v 2.930764 -2.588571 4.316458
v 0.187860 4.567440 0.408591
v -0.022605 -5.354916 2.479506
v -0.480938 -5.616833 2.747107
v -1.884619 4.732831 2.435039
v -3.378407 -5.189040 4.476074
v -3.232043 -4.825651 4.529408
v -2.703415 -5.862319 -6.851371
v -0.128247 -5.888094 2.116109
v -1.612249 4.161371 2.291567
v 0.523266 4.502491 0.296323
v 3.197148 -3.618749 2.843706
v 2.767197 -3.609378 3.078463
v 0.269201 4.331126 0.822460
v 5.092602 -3.826410 -3.833257
v -1.592002 4.298560 2.715037
v 0.281124 -5.961310 1.322260
v -1.681562 4.116852 2.649033
v 0.516128 4.470961 0.820521
v 2.334316 -5.566235 -3.924869
v -2.943931 -4.490974 5.684024
v 3.057220 -3.648121 3.366774
v 2.172263 -4.967050 -4.009421
v 0.293551 -6.518748 1.582147
v 4.969437 -4.433113 -3.868825
v -0.413037 -6.048938 2.736236
v 4.568471 -3.825223 3.380186
v 5.783271 -3.943284 -3.549261
v 4.457003 -4.435879 3.482520
v -2.742339 -6.581179 -6.951935
v -2.303141 4.585763 2.893646
v -0.461275 -6.545328 2.989106
v 5.933770 -4.104146 -3.308845
v -3.163292 -4.575250 5.620759
v 5.768674 -3.782813 -2.967280
v -2.879900 -6.676233 -6.696877
v -0.700239 -5.642899 3.171841
v 3.227202 -5.417325 -3.461065
v -0.313030 4.382883 0.765940
v -0.749875 4.266567 0.603262
v 5.572266 -4.807141 -3.730197
v 6.053314 -4.140439 -3.137473
v -2.871039 -6.624272 -6.371686
v 4.045440 -4.423125 3.314240
v -1.106967 3.672137 1.984416
v -3.159120 -6.790370 -6.412702
v -3.738438 -6.207446 -4.756674
v -3.462927 -4.694804 6.204144
v 0.129120 4.416006 1.139296
v -3.702140 -5.347192 -4.535312
v 1.566669 -5.482028 4.813260
v 2.051984 -5.209007 4.553688
v -3.568785 -6.477116 -4.228034
v -2.812952 -4.981016 6.191833
v 0.111660 4.182343 0.858878
v 3.466980 -4.058210 3.772725
v -3.020951 4.376933 2.293911
v 0.282624 4.563383 1.560745
v 3.870176 -4.325826 4.161397
v 0.990855 -5.203395 4.592119
v 4.063442 -4.049616 4.161041
v 3.344908 -5.623721 -3.569163
v 1.129387 -5.275611 4.642255
v 5.542162 -4.056172 -2.749274
v 1.057446 -5.239619 4.613655
v -3.222247 4.637128 2.432870
v -2.996397 -7.191670 -6.204629
v -4.002436 4.676534 2.087574
v 3.185806 -5.613607 -3.561059
v 5.811586 -5.216034 -4.365606
v -0.098617 3.589710 0.484740
v 6.170142 -5.007092 -4.342445
v 0.945842 -5.200558 4.541319
v 0.394635 3.449039 0.499677
v -2.909983 3.559051 1.074159
v -3.100174 -6.732293 -6.187888
v -3.340268 -4.658167 5.755610
v -3.917504 4.158670 1.251218
v -2.134794 4.545990 2.926065
v -0.441578 3.938555 0.320721
v -0.136596 3.801307 0.151305
v 5.385730 -4.886806 -4.005502
v 3.128000 -5.625900 -3.591700
v -3.409964 -4.735818 5.959194
v -3.401930 -6.894668 -6.294084
v 0.709360 -5.253779 4.623452
v 0.907636 -5.052706 4.477363
v 4.010979 -4.770183 3.488127
v -0.308156 3.655495 0.628977
v 6.195211 -4.971405 -3.188609
v -3.301049 -6.788893 -5.800141
v -3.923230 -5.157969 6.343572
v -0.569133 3.738621 0.633653
v 3.034825 -5.963575 -4.137791
v -5.023602 5.891923 2.101653
v 1.031700 -5.241499 4.625600
v 1.016400 -5.234600 4.625600
v -4.887241 5.595934 2.024611
v -0.661028 -2.404631 -4.099973
v 1.058234 -5.280401 4.665052
v 1.191794 -5.345877 4.732576
v 4.397127 -4.803955 4.011327
v -1.315546 -5.357381 2.949031
v 1.023796 -5.246563 4.636376
v 4.923927 -4.722730 3.973245
v 1.040200 -5.248499 4.632801
v 1.053300 -5.259200 4.643701
v -3.597168 -7.004066 -5.843549
v 4.400908 -4.823294 4.318315
v -0.646634 -2.699864 -3.690959
v -0.090081 3.384227 1.280872
v 5.834432 -5.102730 -3.164904
v 4.544597 -4.904427 4.027734
v -0.456194 -3.235149 -4.048731
v -4.646665 4.854226 1.546847
v -0.649716 -2.591498 -3.342272
v 0.189012 3.741395 0.814034
v -0.876233 -5.403755 3.285291
v -1.038195 -2.766158 -3.230859
v 4.868261 -5.011481 4.376632
v -4.192224 5.459012 2.560226
v -2.690622 -7.611153 -5.002069
v -2.933580 -7.490936 -5.624823
v 0.013215 3.599636 1.107675
v 1.208247 -5.449603 4.822665
v -0.507697 -2.770518 -3.240604
v 5.446045 -5.143929 -3.393455
v -1.367500 -5.645551 3.462177
v -3.387647 -6.897090 -5.155512
v 3.919866 -4.555433 3.742677
v 5.390251 -5.073689 -3.075170
v 6.515080 -4.052545 -2.866244
v -2.189282 -5.535673 3.578836
v -2.110421 -5.363490 3.529599
v -4.271564 5.015265 2.284243
v 3.694076 -4.488909 3.731758
v -0.718904 7.938037 2.308249
v 3.774412 -4.499279 3.923352
v 3.716400 -4.497200 3.776400
v 3.722800 -4.505599 3.784400
v 3.696800 -4.471300 3.751700
v -0.506737 -2.804203 -3.014243
v 1.183783 -5.408675 4.888456
v -4.461582 5.435398 2.393237
v 3.658996 -4.510259 3.836837
v 3.723700 -4.506800 3.785600
v 3.759100 -4.507599 3.807900
v 3.771100 -4.507900 3.815500
v 3.760700 -4.506899 3.772100
v 3.757200 -4.506599 3.757400
v 3.770100 -4.507800 3.811300
v 3.758800 -4.506899 3.756600
v 3.758800 -4.506999 3.756600
v 3.758700 -4.506899 3.755900
v 3.770200 -4.507800 3.811200
v -3.246019 -7.037926 -4.889127
v -0.893208 8.064139 2.064850
v 5.643853 -3.805101 -2.126346
v -1.210441 -6.299125 3.733401
v -0.796795 7.675096 1.760473
v -5.256130 6.241135 1.891673
v -1.617885 -6.107616 3.997994
v 4.049352 -4.725294 4.159811
v -0.641664 -3.689000 -4.273980
v 5.686511 -4.396205 -2.384227
v -2.506651 -6.078892 4.275653
v -0.362581 -3.860792 -3.975826
v -2.448609 -7.044832 -4.428576
v -2.609760 -6.831514 -4.322600
v -2.714093 -7.125669 -4.616459
v -1.611981 -6.670134 4.026051
v 1.039993 -5.470903 5.023779
v 1.031541 -5.412776 4.944973
v -0.643211 -3.231241 -3.505077
v 5.387239 -3.908776 -2.320062
v -0.630798 6.720865 2.223999
v 3.935638 -4.688465 4.147311
v 5.251714 -4.617035 -3.093303
v -2.446907 -5.334715 3.470784
v -0.599476 -3.372801 -3.441265
v -0.231817 5.637389 1.865920
v -5.209188 5.812568 1.674585
v -0.325737 6.287732 1.856017
v -3.060408 -5.237251 3.420712
v -3.203137 -5.413024 3.307335
v -3.496400 -6.599586 -4.717710
v 0.027008 4.998150 2.046713
v 5.189017 -4.124380 -2.130092
v 5.327262 -4.876466 -2.673253
v -3.601081 -6.844288 -4.870069
v -2.804820 -5.675731 3.569068
v -0.109132 4.270598 2.072102
v 3.416265 -5.308141 4.161180
v -0.472138 4.507877 2.367071
v 6.546393 1.097135 -3.100995
v 6.492231 1.018809 -3.237811
v -0.497133 -3.011413 -2.941634
v -1.927812 9.188758 0.351864
v 0.660428 -5.441369 4.808735
v -3.587644 -6.736001 -4.430208
v -1.405425 9.171194 1.288966
v -1.111866 9.181832 0.955908
v 6.363780 0.417324 -3.239382
v 0.587043 -5.350336 4.734837
v 5.371014 -4.121198 -1.934743
v 3.301597 -4.294097 3.095566
v 0.485765 -5.539452 4.881375
v 3.016286 -3.887650 3.274681
v 5.958509 -4.592654 -2.615486
v -0.569107 -3.421658 -3.279351
v -2.129431 9.390700 0.888224
v -3.236935 -5.380695 3.550459
v 6.013644 1.170872 -3.107777
v -0.532878 -3.600283 -3.099105
v -3.701330 -5.292857 3.344150
v -2.176865 9.380758 1.244239
v 3.092549 -4.260487 3.419599
v 5.732963 1.084541 -3.019734
v 1.727965 -5.515090 5.539197
v -3.508858 -6.954970 -4.697195
v 3.264664 -4.367823 3.601474
v 5.216516 -4.840274 -2.901118
v -3.558827 -5.339166 3.577497
v -3.231530 9.152879 0.623431
v -4.360328 -2.932138 -4.397940
v -2.329288 9.352077 0.621202
v 1.459497 -5.459803 5.400533
v -3.252831 -5.540874 3.443711
v 5.681113 0.885241 -3.279249
v 1.655603 -5.818829 5.053813
v 5.435318 -4.494878 -2.364241
v -3.949930 -3.763250 -4.720287
v -2.562164 -5.367965 3.740178
v 3.308531 -4.603363 3.150005
v 2.850777 -4.499737 3.157390
v 4.907444 1.031898 -2.962419
v -4.152407 -4.135493 -4.525374
v -2.690061 9.384773 1.179475
v 5.399302 0.657167 -3.316971
v -0.634690 -2.383752 -2.033594
v 6.856414 -5.743376 -3.872748
v 6.493368 -5.479344 -3.077092
v -2.319105 -5.754960 3.743939
v -0.405524 -2.866254 -2.765230
v 6.569931 0.561261 -2.921337
v 6.430469 0.955326 -2.847554
v 0.942011 -5.412228 4.990985
v -3.909843 -5.276072 -4.361991
v -3.162949 9.255481 1.526101
v -1.411032 9.017376 -0.186990
v 5.860070 0.742575 -2.500946
v -2.970474 -5.645204 3.654893
v 2.954445 -4.496264 3.440361
v 6.304055 0.844656 -2.375918
v 6.175495 0.562176 -2.377588
v 2.954702 -4.759611 3.325716
v 1.233900 -5.475147 5.234681
v -0.386307 -2.988797 -2.107974
v 1.014602 -5.429027 5.334327
v -0.477679 -2.548550 -1.898532
v 1.136867 -5.460973 5.412251
v -0.629000 -2.331822 -1.816216
v -3.741091 -7.042863 -5.106740
v 4.822226 0.802935 -2.470492
v -1.475058 8.722014 -0.388722
v 6.721023 -6.009047 -4.613931
v 0.722812 -5.444044 5.150841
v 5.889736 -5.151885 -4.088423
v -3.762931 -6.689231 -4.582763
v 0.862783 -5.445103 5.174430
v 0.579321 -5.458626 5.240888
v 5.653874 -5.495204 -3.842089
v -1.856324 8.683627 -0.564624
v 5.857957 -5.966691 -4.266062
v -0.555311 -2.526435 -1.889726
v 5.677918 -5.441955 -4.421262
v -1.723309 8.539422 -0.701982
v 5.928143 -5.718387 -3.230371
v -1.026559 -2.025934 -3.645634
v 5.484898 -5.329674 -3.358114
v -1.219252 -3.150108 -4.296856
v 0.935736 -5.197394 5.624039
v 2.626949 -4.535136 3.251544
v 7.837838 -1.529990 -2.106641
v 7.930538 -1.415899 -2.409659
v 7.921307 -1.621455 -2.700911
v 5.273392 -5.883234 -4.302320
v -0.460905 -2.619335 -1.510863
v 7.952693 -1.807109 -2.609056
v 5.695384 -5.369660 -2.814780
v 0.601534 -5.315101 5.633717
v -0.791183 -3.433632 -2.393366
v -0.828351 -3.061912 -1.876170
v 2.993990 -4.838250 3.873984
v 8.175968 -1.685334 -2.265717
v 5.641565 -5.392448 -3.192183
v 2.884277 -5.220132 3.728906
v 4.163289 -2.153329 4.551117
v 4.179469 -3.259133 4.400976
v -0.857093 -3.536478 -2.649409
v 4.389731 -2.811559 4.694534
v -0.571389 -2.252210 -1.341587
v -2.188977 8.705736 -0.457355
v 7.793339 -1.831328 -1.995074
v 5.099864 -2.789744 4.907634
v -1.175919 -3.922093 -4.290845
v 0.631609 -5.390015 5.429126
v 4.061511 -2.684257 4.325536
v 4.029257 -2.653722 4.330940
v -3.039469 -5.692633 3.609220
v 6.510127 -0.286738 -3.490989
v 3.499246 -2.395712 4.585752
v 3.993784 -3.057843 4.402101
v -3.390692 -6.144758 3.447195
v 6.514073 -0.224875 -3.233511
v -0.611982 -2.805102 -2.037307
v -3.636317 -6.201209 3.407193
v 6.493488 -0.482602 -3.421047
v -2.758281 -5.916815 3.763681
v -1.411911 -4.648759 -3.910902
v -3.346900 -6.049631 3.614717
v -1.245643 -4.879648 -3.706638
v -2.138652 7.916175 -1.057596
v -2.284293 8.205937 -0.949795
v 4.137411 -3.322264 4.281858
v -1.586050 8.262807 -0.133448
v 5.621094 -5.491058 -2.883599
v -1.831959 8.409710 -0.675060
v -3.737941 -6.165046 3.554842
v 0.708920 -5.361851 5.683244
v -3.793227 -6.273742 4.085311
v -2.460837 8.504785 -0.719900
v -3.631661 8.427419 -0.365362
v -1.701016 -4.924490 -3.885187
v -2.599937 8.184185 -0.962126
v 6.341606 -0.505155 -3.155882
v 6.021291 -6.018266 -4.170375
v -3.137651 8.074360 -1.027875
v -3.278489 -6.217057 4.236986
v 3.789895 -2.783443 4.814837
v -2.573573 7.866776 -1.189321
v 6.176265 -6.158571 -3.985013
v 5.778897 0.019391 -3.675634
v -3.573673 -6.428932 4.230236
v 4.477823 -2.816907 5.286810
v 3.480663 -2.810050 5.994164
v 5.573585 -5.982471 -3.955120
v 3.557517 -2.534127 5.296347
v 5.295412 0.111230 -3.777490
v -0.352502 -5.482874 4.683366
v -1.711171 -5.876689 4.803294
v -1.223245 -5.371419 4.557696
v -0.753368 -5.765708 -3.374859
v -0.484661 -3.310068 -2.531079
v -2.047808 -5.439916 -3.656537
v 4.686892 -3.593235 4.298931
v -2.035692 -5.780157 -4.203207
v -3.383169 8.254092 -0.782100
v -3.464323 8.019139 -0.898392
v 1.953010 -6.179525 4.855762
v -1.358814 -5.889601 -3.110867
v 1.767744 -6.150958 5.347812
v -3.264089 7.830268 -1.122615
v -1.736017 -5.230072 -3.489272
v -0.411974 -3.100281 -2.255008
v 4.707401 0.265691 -3.360309
v -1.636568 -5.793880 -3.409686
v 4.726471 -0.150353 -3.577717
v -0.487129 -3.379401 -2.563491
v -2.042046 -5.777076 -3.470427
v 4.090867 -3.201387 4.451458
v 0.368645 -5.249989 4.509634
v 5.898211 -0.394104 -3.523871
v -1.414204 -5.954826 5.700922
v 6.151282 -6.310791 -3.679236
v -1.598401 -6.041484 5.209380
v -0.703249 -3.343433 -2.277801
v -0.726809 -3.445051 -2.538046
v -1.903855 -6.565721 -3.647909
v 0.461344 -5.427809 4.640460
v 4.117171 -3.291692 4.417384
v -1.212125 -5.681841 5.897845
v -1.305551 -6.240888 -2.962081
v -1.674052 -5.283025 6.114260
v -1.336355 -6.703142 -2.952722
v 5.142312 -6.139795 -3.567145
v -0.880913 -6.805512 -2.956101
v 3.595925 -3.365664 4.657242
v -3.480163 7.714228 -1.067084
v 5.149646 -0.709591 -3.139806
v 5.342937 -6.676946 -4.084642
v -1.882113 -6.394915 -3.416040
v 4.938987 -0.740328 -3.204178
v -2.583555 -5.956966 4.676727
v 5.325396 -6.758203 -3.853011
v 4.008993 -4.325604 4.298757
v 5.650326 -5.949407 -3.159023
v -1.498275 -6.744475 -3.808597
v -1.277098 -6.795521 -3.868268
v 6.645130 0.040733 -2.550038
v 3.848948 -3.738966 4.894533
v 0.552983 -5.451256 4.930532
v -1.238035 8.882935 0.104752
v -1.543457 -6.922122 -3.828464
v 5.529835 -6.301719 -3.071518
v -1.559651 -6.888457 -3.825524
v -1.116617 9.107714 0.680842
v 4.868716 -3.222156 5.443293
v -1.174836 9.095172 0.302479
v -2.698437 -6.398452 4.411905
v 5.221804 -3.733952 4.902967
v 5.433351 -6.043150 -3.082280
v 6.683353 -0.142959 -2.303107
v 4.366068 -3.615336 5.398463
v -3.017928 -6.342915 4.964035
v -1.205747 -7.333692 -3.647477
v -1.110416 8.851213 0.501010
v 5.587796 -5.853902 -3.457047
v 6.644955 -0.406233 -2.511355
v -1.683934 -6.799798 -3.900688
v -3.584201 -6.516597 4.476406
v 3.910138 -3.688259 5.618025
v -2.093140 -6.755635 -4.078558
v 5.360957 -6.456945 -3.149514
v -2.790608 -6.387037 5.632008
v -3.541181 -6.565995 5.668617
v 0.531250 -5.393760 5.507555
v -3.099591 -5.543008 6.327984
v 0.596100 -5.401599 5.453300
v 0.596000 -5.395500 5.458301
v 3.477357 -3.286657 6.077022
v 0.595600 -5.373199 5.476300
v -1.437090 8.514731 0.218792
v 5.881035 -6.906242 -3.872948
v 0.595900 -5.389999 5.462700
v 5.981026 0.376944 -2.242537
v 0.547469 -5.523184 5.294218
v 4.233678 -3.243382 5.733460
v -0.460608 -3.219694 -2.142552
v -2.648770 -6.040697 6.032341
v 0.596300 -5.412799 5.444301
v -1.677763 -6.846600 -3.818424
v 0.561500 -5.402800 5.440600
v 5.888512 0.123946 -2.252592
v -3.065683 -6.920046 4.568971
v -1.279913 8.496860 0.595535
v 3.409539 -3.660797 5.999312
v -0.448800 -3.206400 -1.899300
v -0.446900 -3.185400 -1.862700
v -5.030719 -2.600111 2.585483
v -4.650395 -2.258710 2.830170
v -0.449187 -3.213773 -1.856500
v -0.460700 -3.192600 -1.896200
v -4.506967 -3.610787 2.931567
v 4.766354 0.451129 -2.386996
v 5.320715 0.310629 -2.250369
v -1.599054 9.047628 0.029371
v 4.079283 -2.561254 -4.921678
v -1.579493 -6.901313 -3.833557
v -1.579699 -6.910310 -3.856637
v 4.814000 -2.692620 -5.076525
v -0.552872 -3.175619 -2.079416
v -0.184345 -5.678519 5.422702
v -4.970912 -3.704039 2.771903
v 5.268015 -2.377669 -4.355468
v -1.654864 -6.903056 -3.863646
v -5.180886 -2.764877 2.069455
v -5.785848 -2.613406 1.898270
v 3.365847 -2.648989 4.701245
v 3.105915 -2.460441 4.452052
v -2.315626 1.398792 -4.527380
v -1.971180 0.854786 -4.932322
v 3.142821 -2.500426 5.016796
v -6.035634 -3.143796 1.622283
v 5.763729 -0.342697 -2.146329
v 3.367162 -3.017936 -4.330933
v 3.328010 -2.872934 4.747698
v -0.478700 -3.171600 -1.891600
v 4.607512 -2.984410 -5.281770
v 4.843938 -3.205794 -5.569545
v 3.003358 -3.131342 4.560324
v 2.633695 -3.062101 4.380254
v -5.136329 -3.642880 2.207217
v -3.368121 1.256519 -4.708701
v -3.044110 1.549686 -4.415016
v 3.887609 -4.023504 -5.039844
v -2.681828 0.352776 -5.384492
v -1.026546 9.121130 1.302628
v -2.614292 1.095666 -4.988832
v -0.483028 -3.645812 -2.106019
v -3.775280 0.695606 -4.742380
v -4.872450 -1.972167 3.568539
v 3.501601 -3.755915 -4.754607
v -0.908706 8.922516 1.263565
v -2.001011 -7.552580 -3.994555
v 2.957559 -4.063558 -4.502349
v 5.968570 -0.921456 -2.686385
v 4.745691 -3.847456 -5.556130
v -1.442440 0.027810 -4.426750
v -1.184774 -6.820588 -3.520166
v -1.458693 0.331268 -4.884824
v 2.375278 -2.616499 4.750705
v 4.923257 -4.338825 -5.324336
v -1.180896 -0.217980 -4.907033
v -4.356045 -2.801811 3.873724
v -1.612805 -6.741421 -3.323630
v 1.882471 -3.003745 4.530427
v 5.093867 -0.533804 -2.196240
v -0.979072 8.652598 1.326796
v 5.183988 -0.840466 -2.854445
v 3.960292 -4.504327 -5.000993
v -4.489878 -2.955433 4.153616
v -4.580633 -3.075667 3.670644
v 2.752832 -2.619389 5.680300
v -1.469520 0.425027 -4.148680
v 1.453081 -3.184968 5.275401
v -0.474430 -3.617338 -1.708773
v -2.139935 -0.651043 -5.580530
v -1.081038 8.317492 1.365649
v -0.408585 -3.733341 -1.686859
v 4.468941 -4.806672 -5.370622
v 6.402128 -2.206285 -3.673994
v 6.905235 -1.920794 -2.714782
v 6.896410 -2.161091 -3.306124
v -0.821653 -6.993169 -3.363248
v -0.967071 -7.041108 -3.481113
v 1.747637 -3.629996 4.254220
v -4.656108 -3.256280 3.362656
v -1.034120 -0.601566 -4.845786
v -3.959370 8.573263 -0.069609
v 6.688642 -2.022155 -2.429703
v -4.005960 -3.906747 3.775698
v -0.958078 -1.101505 -5.011220
v -0.414657 -3.562318 -1.484124
v -1.100060 -0.979107 -4.594457
v -1.290652 -0.765323 -4.333583
v -1.558641 -0.943267 -5.033709
v 3.450209 -4.677770 -5.047655
v -2.141901 7.486374 -1.101454
v 2.849028 -3.001226 5.922934
v 6.072678 -1.370956 -2.865543
v 6.115264 -0.851287 -2.903384
v -3.564644 -0.129318 -5.438779
v -3.267210 0.493164 -5.263510
v -1.591534 7.052259 -0.898832
v 3.463472 -5.014444 -5.152356
v 4.947719 -1.008724 -3.127394
v 1.340734 -4.930950 -4.596468
v -3.667051 -0.635699 -5.437281
v -1.199320 6.207281 -1.035527
v -5.109617 -4.545541 2.352311
v 2.119057 -3.633077 5.804323
v -1.968256 -6.749569 -3.343239
v -0.175077 -4.986634 -3.545452
v 3.122732 -4.355886 -4.912235
v -0.461784 -4.301195 -4.058918
v 7.454480 -1.692948 -2.708508
v 2.953190 -4.208030 -4.684679
v 4.705972 -3.769546 4.681334
v 2.907136 -4.316196 -4.915463
v 3.085400 -4.325601 -4.872000
v 3.076600 -4.325901 -4.872000
v 3.080100 -4.325800 -4.872000
v 4.435206 -3.920634 4.453580
v 3.075500 -4.320200 -4.872000
v 3.059287 -4.302104 -4.872749
v 3.053091 -4.282540 -4.852656
v -5.863545 -3.950683 2.080988
v 3.040700 -4.326200 -4.849199
v -2.562752 6.318809 -1.336079
v -6.208439 -4.869663 1.810107
v -2.803645 -7.570107 -2.907496
v 7.103029 -2.167591 -2.733131
v 4.601626 -3.759166 4.868364
v -3.039443 6.235423 -1.287552
v -2.358838 -6.214539 -3.902224
v -5.765291 -5.293928 2.314504
v -1.054534 -1.629737 -4.283151
v -4.048510 5.661094 -0.924207
v 3.073443 -4.325927 -4.865947
v 3.073900 -4.324400 -4.867499
v 3.075100 -4.325800 -4.869100
v -0.466169 -4.064513 -3.215547
v 7.105490 -2.333490 -2.501097
v -3.786263 8.052809 -0.789525
v -3.825672 7.756358 -0.976847
v 4.224026 -4.217144 4.417073
v -4.690233 7.944977 -0.254856
v -4.431305 -4.549096 3.353315
v -2.017803 -1.820017 -5.825559
v 3.631524 -3.943131 4.782465
v -4.450744 -4.470029 3.117373
v -4.788870 -4.425893 3.102560
v -4.037416 8.910292 1.465267
v 3.042067 -4.135340 -4.490306
v -5.105925 7.859587 0.272999
v -1.169970 -1.627523 -4.631695
v 6.888883 -2.151521 -2.171984
v -4.782730 8.337011 1.102495
v 2.936000 -4.247076 -4.624315
v 6.618505 -2.282490 -2.404796
v -4.292903 -4.627919 3.506222
v -5.195333 7.786654 0.514393
v 6.394738 -2.220010 -2.552611
v -3.780674 -4.491572 3.634704
v -5.194476 7.750127 0.905852
v -3.274540 -2.010214 -5.818439
v -3.976237 7.358342 -1.021850
v -0.500330 -4.846709 -3.843395
v 7.383260 -2.136063 -2.145391
v 4.531759 -4.058599 5.592905
v 4.130029 -3.737351 5.270231
v -4.022969 -5.078364 3.173037
v 2.434674 -4.304007 -4.261759
v -4.568464 7.301474 -0.706779
v 2.596535 -4.355120 -4.509728
v 4.254019 -4.633911 4.374203
v -4.251137 -4.883352 3.286958
v 4.294640 -4.809626 4.490866
v -0.482793 -3.959468 -2.727638
v -3.422446 -1.393337 -5.640861
v 2.404317 -4.476994 -4.414262
v -4.912045 7.184003 -0.415398
v -3.485561 -2.010322 -5.247097
v -4.407022 -4.752762 3.102100
v -4.566041 -5.000890 3.178433
v -3.435793 -2.028720 -5.707630
v -2.702495 -7.006448 -4.206007
v 6.111253 -0.862239 -2.733508
v 4.630301 -4.884474 4.460494
v -3.118472 -7.062643 -4.150612
v 5.873031 -0.937190 -2.848454
v -0.443634 -4.141109 -2.594910
v -4.942564 -4.907750 2.899860
v -2.970075 -7.749628 -4.038472
v 6.251903 -1.759166 -2.500068
v 2.856943 -4.753198 -5.145894
v -0.660047 -3.758206 -2.499874
v -3.257077 -6.791568 -4.089078
v 4.519454 -4.843758 4.324618
v -3.529742 -7.230671 -3.989564
v -4.737447 6.623796 -0.642734
v 6.270986 -1.531703 -2.747027
v 3.408917 -4.895858 -5.035020
v -4.023009 -5.219207 4.234403
v 4.496064 -4.850516 4.460957
v -5.008069 -2.459081 4.622831
v -5.055192 -3.884716 4.712587
v 3.302242 -5.250538 -5.238518
v -5.047917 6.572531 -0.329883
v -3.928136 -2.063771 5.646490
v 4.384279 -4.824237 4.346311
v -4.132978 -0.755016 -4.468710
v 6.016574 -1.604579 -2.658121
v -5.072654 -3.150712 5.024402
v 4.492373 -4.865495 4.433606
v 2.832527 -5.126094 -5.338266
v -3.711664 -7.852133 -3.855938
v -5.225080 7.330314 0.145710
v -4.395143 -2.896010 6.002298
v 2.833022 -5.144475 -5.380549
v -3.053968 -7.675589 -2.964225
v -0.430818 -3.966798 -2.108107
v -4.055147 -3.159641 6.193269
v -3.790489 -1.696936 -5.203701
v -5.269393 7.481325 0.526364
v 6.112093 -2.136263 -2.628700
v 6.315096 -2.250931 -2.666994
v 4.263076 -4.835469 4.344107
v -0.424338 -3.993710 -2.130454
v -4.484501 -3.840440 6.370207
v 4.417039 -4.823168 4.514707
v -3.014002 -7.615760 -2.719293
v -0.448310 -4.040467 -2.159004
v 4.452949 -4.874110 4.611592
v -5.070028 -5.302871 4.812579
v -5.179199 -4.526551 5.341031
v -4.298017 -4.205950 6.667881
v -5.363841 7.172829 0.529089
v 4.143298 -4.857907 4.728457
v -3.948989 -4.827926 6.816012
v -2.519482 2.045594 -2.485776
v -2.864044 2.159279 -2.685818
v 4.249700 -4.868400 4.804801
v 4.412200 -4.869100 4.763501
v 4.601975 -4.871237 4.889938
v -4.527581 -5.203157 6.901170
v -4.206930 -4.958073 7.006958
v 4.466441 -4.893258 4.812528
v 2.522824 -4.703610 -5.113859
v 6.115173 -2.310665 -3.035966
v -4.602162 -3.601224 -3.998231
v 6.180168 -2.368434 -2.402399
v 3.141859 -4.517934 -5.022956
v -5.371373 7.455973 0.983406
v -5.333711 -3.102117 -3.011115
v -4.943857 -5.361469 2.760296
v -0.113691 -5.471440 -1.042308
v -0.046511 -5.511659 -2.353608
v 3.290200 -4.506109 -4.855814
v -6.398967 -7.720670 1.826849
v -5.325946 -2.604641 -2.948924
v -5.372931 7.478498 1.165424
v -0.759441 -1.753120 -4.686656
v -6.325560 -5.884301 1.813201
v -0.670313 -1.620272 -4.888927
v -2.863352 2.491825 -1.658186
v 3.994164 -4.939388 4.370476
v -3.244398 2.089416 -2.613087
v 4.043430 -4.785659 4.700866
v -5.166338 -5.519620 2.563180
v 3.281976 -4.657834 -4.985660
v 3.607513 -4.808522 4.876654
v -5.579956 -6.044941 2.384478
v -0.396018 -2.438938 -4.799524
v -5.251853 -3.255595 -1.422555
v 1.101590 -5.806195 -4.115573
v -0.458276 -2.349892 -4.974134
v -5.287621 -5.844833 2.533704
v -5.399104 7.165865 0.867351
v -3.678543 2.251519 -2.601652
v -4.848406 -4.386384 -3.683646
v -0.115547 -6.703490 -4.310824
v -5.355530 7.126498 1.522789
v 3.883595 -5.019030 4.534587
v -5.414999 6.722561 0.535032
v -5.818166 -6.123538 2.238854
v 1.549255 -6.288365 -4.296156
v 2.841033 -4.520517 -4.931318
v -6.237416 -6.431917 1.811842
v 4.150329 -4.868805 4.804809
v 4.766839 0.731748 -3.314342
v -6.496885 -6.454112 1.307647
v 4.075500 -4.831100 4.911000
v -2.241593 2.491454 -1.365631
v 4.019300 -4.831200 4.958400
v 0.744551 -5.415903 -4.347637
v 4.169556 -4.859683 5.000474
v 4.447183 0.682553 -2.848361
v -5.493862 6.752664 1.135835
v -2.085960 1.716758 -1.893782
v 3.988900 -4.831299 4.984001
v -3.432102 2.354995 -1.642523
v -2.079192 1.286639 -2.853105
v -2.053174 1.274112 -4.181200
v -0.223020 -6.278071 -4.243305
v 2.278624 -4.541142 -4.543148
v -5.322417 -4.444413 -3.188834
v -5.466590 6.341033 1.004461
v 3.406169 -4.944532 4.693550
v -1.689652 0.280312 -3.442195
v 2.425978 -4.542951 -4.548123
v -0.288617 -6.568723 -3.063884
v 2.456034 -4.495998 -4.431159
v -0.356503 -6.334736 -3.210153
v -5.445407 6.448991 1.267379
v 3.918299 -4.749997 5.564548
v -1.949804 5.102186 -1.366506
v -2.179489 5.038542 -1.664206
v -5.330295 -5.751648 -1.962969
v -4.074477 -5.527142 -4.163634
v 4.050158 -4.813590 5.284093
v 4.418836 -5.133502 5.657712
v -2.795347 1.712991 -3.256399
v 0.193131 2.824360 -0.132058
v -3.254459 1.812807 -3.464190
v 2.465011 -4.691392 -4.331276
v -0.677010 -6.773177 -3.077310
v -0.472501 2.724891 -0.336506
v -2.853852 5.951765 -1.466431
v -4.446687 -5.207866 -3.953056
v -1.151143 1.964773 -0.500951
v -3.000769 6.222275 -1.570006
v 4.165200 -4.831600 4.988901
v -2.762888 5.674240 -1.523020
v -4.436687 -6.243906 -3.806540
v -0.524256 -6.801963 -2.977659
v -4.955298 -6.376366 -3.576507
v 3.874000 -4.831399 5.080801
v -3.913612 1.927204 -2.834532
v -0.380406 2.658019 -0.030577
v -3.222806 5.905626 -1.617684
v 4.865826 -5.409852 -5.590783
v 4.127955 -4.277997 6.087426
v -1.984622 1.774893 -1.982166
v -3.907099 -6.300467 -4.023684
v 3.716540 -4.155091 6.358718
v 3.944041 -6.033170 -5.598497
v -5.580984 -6.161290 2.584375
v -5.590082 -5.993363 2.731650
v 0.159994 2.814213 0.604956
v -2.859558 5.276872 -1.647189
v 3.585073 -6.042380 -5.349915
v -3.138390 5.818532 -1.692624
v -4.401610 -7.934636 -3.514281
v 0.249742 2.725519 0.311564
v -2.386317 5.234305 -1.507073
v -4.491189 -7.424192 -3.533331
v -5.697878 -6.051639 2.828851
v -1.959758 1.679541 -1.718748
v 5.067202 -6.326037 -5.681645
v 3.542753 -4.476735 6.267100
v -5.210756 -6.694119 -3.238835
v -0.350506 3.009662 1.025024
v 3.769033 -4.631732 5.885404
v -1.644750 1.596876 -1.385638
v -1.839075 1.629689 -1.509277
v -5.850710 -6.411025 2.249056
v 3.536190 -5.902595 -5.320295
v -5.523506 -6.383221 2.632526
v 3.571663 -6.012704 -5.390717
v -4.831354 -7.977400 -3.162243
v -5.799744 -6.426034 2.538247
v 3.857266 -4.982656 6.459557
v -5.114116 -7.428854 -2.891761
v 4.156511 -5.025555 6.094309
v 4.361762 0.503574 -3.080551
v -5.961068 -6.112160 2.403320
v -5.312895 -5.527727 -3.234248
v 4.195158 -6.642300 -5.246616
v -0.110332 -5.549837 -1.680015
v 3.380402 -5.124614 6.371802
v -2.810067 1.973338 -2.618093
v 3.530179 -4.475132 4.695986
v -2.118799 4.758251 -1.552164
v -6.171115 -6.549398 2.312731
v -0.230108 -5.693604 -1.469276
v 4.233096 -6.682387 -4.776168
v -3.087366 5.345010 -1.563776
v 3.461639 -6.152540 -5.124707
v 4.950801 -6.848150 -5.076695
v -5.777788 -7.527363 -2.252015
v -6.095539 -6.456840 2.177588
v 4.259887 0.080055 -3.138314
v -2.572827 1.883525 -2.414998
v 2.603121 -3.970435 5.868524
v -0.117696 -6.561394 -2.441198
v -5.413976 -6.925416 -2.430443
v -0.395144 -6.627063 -2.780937
v 4.469015 -0.724722 -2.818790
v -2.346604 1.795893 -2.183826
v 4.887109 -0.639919 -3.425575
v -5.567377 -7.962469 -2.340166
v -6.403607 -6.777392 2.063328
v 4.840171 -0.808195 -2.936936
v -6.537051 -7.141560 1.475049
v 2.018354 -4.022832 5.692158
v -2.081164 5.348515 -1.336863
v 0.470370 -6.286037 -1.198920
v 2.769327 -5.296925 -5.436636
v -6.296435 -7.158069 2.109924
v 2.805001 -5.431781 -5.431390
v -2.217697 5.295229 -1.168031
v -5.784895 -7.641473 -2.225599
v -5.949184 -7.609633 -2.293148
v -3.793149 2.057464 -2.385761
v 4.403339 0.085829 -2.544058
v -0.369756 -6.318841 -1.145655
v -0.486173 -6.540030 -2.270873
v -5.977224 -7.525929 -2.180032
v 4.540998 -0.633292 -2.535876
v -5.947250 -6.622617 2.393156
v -2.315490 5.104238 -1.357548
v -5.884168 -7.506363 -1.655944
v 3.070920 -4.776648 5.932060
v -5.874100 -7.555374 -2.113305
v -0.826047 -1.667832 -3.928172
v -0.614776 -2.018695 -0.593209
v -3.982350 1.433127 -3.979642
v -0.619983 -2.017458 -0.867795
v 4.208812 -5.386642 3.753238
v -0.742246 -2.056544 -0.408799
v -4.300426 1.728826 -2.975149
v -4.602596 1.262545 -3.399509
v -4.528740 0.477967 -3.995201
v 4.321505 -5.886675 4.043795
v 2.868873 -5.235115 -5.352264
v -6.154491 -7.977852 -1.374652
v 6.041682 -2.371200 -4.199417
v 3.428374 -5.466389 3.764471
v -0.571491 -6.656551 -2.631154
v -5.983632 -6.711954 2.635418
v 5.789178 -2.771901 -4.545260
v -5.123196 0.531249 -2.855253
v 2.830900 -5.264201 -5.388899
v -1.153460 -2.642143 -0.012829
v -4.109049 1.946687 -2.116600
v -6.060527 -6.641066 2.721523
v 2.833800 -5.225501 -5.352399
v -4.682347 1.529536 -2.046110
v -0.543795 -6.655651 -2.438315
v -5.946829 -6.608758 2.734549
v -4.558310 1.912099 -1.662169
v 2.782762 -5.359590 -5.472766
v 2.940728 -5.397074 -5.359384
v -0.347606 -7.090105 -2.796694
v 3.500225 -5.510717 3.908506
v 3.030268 -5.509459 -5.385649
v 3.832857 -5.621061 3.941519
v 3.386674 -5.613637 3.590246
v -4.411524 1.731812 -1.176657
v -1.136808 -3.565975 0.237376
v -2.644079 5.658805 -1.329612
v 3.391483 -5.888295 -5.492029
v 6.086759 -3.618502 -4.786550
v 5.354600 -3.286799 -4.894081
v -0.986039 -3.522935 0.100210
v -6.083747 -6.872289 2.693358
v 3.281262 -5.820412 -5.377717
v -4.863504 1.152013 -1.647189
v 5.379159 -3.716446 -5.676618
v -1.094268 -4.283590 0.811523
v 2.818529 -5.706521 -5.477185
v 0.211868 -6.919069 -2.046077
v 5.481730 -3.352154 -4.697905
v 5.710428 -3.440686 -4.386518
v -1.430189 3.404962 -1.005582
v -1.703935 2.460233 -1.101712
v -5.990004 -6.880889 2.684088
v -1.867085 3.409893 -1.058170
v -2.096574 2.715752 -1.184461
v 3.688500 -5.605116 4.208569
v -6.057021 -6.800765 2.719774
v -5.989461 -6.818278 2.806979
v 3.238617 -5.604385 -5.339368
v -5.981948 -6.825181 2.783608
v -0.855083 -4.165246 -1.058176
v -5.943530 -6.905508 2.762850
v -5.993319 -6.863575 2.796994
v -6.000106 -6.853836 2.774266
v 4.728642 -6.476333 4.517664
v -2.809414 3.238037 -0.722582
v -2.598523 3.028585 -0.993788
v -0.996852 -4.369985 -1.092583
v -0.408666 -2.766289 -1.333725
v -3.052207 3.186703 -0.035880
v -0.886940 -4.737011 -0.795454
v -2.725034 5.542731 -1.157414
v -1.020655 -4.712579 -0.949405
v 3.666467 -6.655320 4.023301
v 3.549579 -6.839142 4.346585
v -3.298181 2.601089 -0.819774
v 3.126641 -5.889825 3.547285
v 3.150128 -5.260517 3.336508
v -3.038619 5.538001 -1.203058
v -3.492513 2.462017 0.402243
v -0.604832 2.542010 0.457145
v -0.468479 -2.922089 -1.165019
v 5.697251 -4.327267 -5.300447
v -1.836241 2.950240 1.202344
v 3.143179 -5.994319 -5.069167
v 2.784066 -5.700182 -5.403385
v 3.340521 -5.484130 3.899691
v -1.765672 2.606242 1.052317
v 5.296432 -4.225077 -5.239413
v -6.031220 -6.855684 2.728757
v 3.262341 -5.434289 3.877862
v -2.481474 5.013974 -1.164240
v 3.284730 -5.441500 3.937502
v 5.886420 -4.187757 -4.655519
v -3.038873 3.376027 0.546715
v -0.692709 -3.080326 -1.160328
v -1.015950 -4.161754 0.373543
v -0.333697 -3.176308 -0.552564
v -0.997437 -4.537001 0.689184
v -3.455329 4.914808 -0.898197
v -3.024974 2.889956 0.623665
v 2.946233 -5.526328 3.591983
v -0.203203 -3.439960 -0.106340
v 6.232530 -4.736555 -4.987770
v 3.073827 -5.375408 3.788948
v -2.707564 3.070606 0.870767
v 5.761948 -4.658701 -5.484910
v -2.018796 4.710534 -1.280190
v 5.697616 -5.214159 -5.310767
v -6.105342 -7.062928 2.763777
v 5.272848 -4.968582 -5.649880
v -2.612118 2.487510 1.035703
v -2.729897 2.009822 1.255818
v 2.975300 -6.008653 -5.118495
v -0.411934 -3.391408 -1.274597
v 2.656253 -5.274885 -5.407109
v 5.986785 -5.098237 -4.505417
v -3.194079 2.416517 0.942748
v -3.094161 2.163980 1.410505
v 3.334700 -5.447100 3.950600
v 3.387500 -5.471200 3.967201
v 0.605623 -6.702666 -0.728527
v 6.478759 -5.220651 -5.201018
v -3.437581 2.134765 1.294648
v 6.764277 -5.580222 -5.481257
v 6.445829 -5.647858 -5.671289
v 3.411500 -5.482100 3.974801
v 2.559568 -5.589465 -5.422350
v 3.374800 -5.473499 3.930300
v -6.183758 -4.042409 1.193252
v -0.478961 -3.364509 -1.119693
v -5.916308 -2.157575 1.070879
v -4.190769 -5.438408 3.442486
v -6.279459 -5.626993 0.516366
v 3.140346 -5.360231 3.919510
v -2.791663 4.021336 -0.659728
v -6.355559 -7.537963 -0.850881
v -3.624583 -5.565515 3.634301
v -1.625289 1.556762 -1.128325
v -3.087982 3.765009 -0.326426
v -4.435225 -5.698901 3.290011
v -0.489428 -3.474117 -1.282007
v 6.491220 -6.221389 -5.312415
v 6.728732 -6.126985 -5.444052
v 3.285438 -6.159215 -5.435627
v -0.916443 3.949209 0.391744
v -1.436021 1.409814 -0.575256
v -6.554901 -7.877227 0.209567
v -6.558948 -7.474509 0.213666
v -1.638289 1.380155 -0.221389
v -1.531270 1.366193 0.147289
v -4.953574 -5.444527 3.122209
v -0.324736 -3.807027 -1.064546
v 2.875746 -5.444361 3.861000
v 2.940363 -6.231019 -5.524422
v -3.588684 3.885262 0.639721
v -1.416114 0.923582 -0.544301
v 3.385520 -5.703537 4.304482
v -3.403609 3.798195 0.306212
v -5.296140 -5.880058 2.915282
v -0.643587 -3.573833 -1.098895
v -1.535932 1.759570 0.465816
v -0.241425 -3.676539 -0.928780
v 5.243653 -5.568278 -5.646173
v -1.985381 1.362090 1.350471
v 3.320784 -6.136320 -5.237215
v -2.003047 1.230865 1.732431
v 2.792671 -6.321671 3.895424
v 3.018473 -6.303530 3.645390
v -2.194676 1.028727 1.289732
v 5.846175 -5.189470 -4.584397
v 2.862109 -6.049599 4.560683
v -2.307822 1.064542 2.096377
v -3.968516 -5.984306 3.538983
v -4.220180 -6.244909 3.495401
v -0.053143 -4.143484 0.078632
v -1.723142 1.438255 0.501377
v -4.919873 5.802257 -0.290245
v -2.089228 0.917696 1.667337
v -4.339701 -6.034914 3.347685
v 2.872711 -6.296143 4.311094
v -2.173102 0.850042 2.066058
v 3.071282 -6.343433 4.447276
v 3.024862 -6.648355 4.091030
v 3.016342 -6.481667 3.967365
v -1.858148 0.453053 1.865207
v -0.363445 -3.974123 -1.467509
v -2.345152 1.805701 1.326881
v -5.225933 5.818706 0.274048
v -4.580263 4.762594 0.146457
v -2.466536 1.384105 1.346164
v -5.082599 5.297048 1.081564
v -3.182090 1.753582 1.740003
v -0.322810 -4.110827 -1.235406
v -2.291248 1.718385 1.030090
v 2.981958 -6.047830 -5.230637
v 2.814035 -6.093663 -5.256586
v -3.613726 1.789959 1.965181
v -1.747807 1.250937 0.872880
v 4.635314 -5.761846 4.470256
v -2.921170 1.365695 2.307687
v -1.995993 1.607317 1.026117
v -3.824944 -6.497135 3.399391
v -2.069685 1.610128 0.866600
v -4.106067 -6.446367 3.567492
v -5.373131 6.165190 0.800876
v -4.266716 -6.361286 3.299058
v -2.787706 0.995785 2.748942
v -2.233177 0.336545 1.708888
v 3.794797 -5.601272 4.462931
v -3.297897 1.438887 3.326010
v 5.737278 -5.915752 -4.553555
v -4.059373 4.616066 -0.342227
v 3.153258 -6.392415 -5.398707
v -2.908257 0.931255 3.664024
v -2.558724 0.504627 3.335505
v 5.822540 -6.150287 -5.539248
v 3.364937 -6.326563 -5.351355
v -1.688355 1.286592 0.098877
v -3.570385 1.113115 4.042290
v -5.215803 -6.025838 3.088150
v -4.854086 -6.043281 3.261768
v 5.971208 -6.213707 -5.109320
v -3.180271 0.617526 4.276371
v 5.740972 -6.437336 -5.563177
v 2.455503 -6.032188 -5.420438
v -4.051313 4.429449 -0.027086
v 4.942795 -6.436567 -5.626468
v -0.470998 -4.138702 -0.745377
v 4.897035 -5.225810 5.132978
v 2.709210 -6.114939 -5.451807
v -4.255823 1.868862 1.640515
v -4.792499 -6.260261 2.983188
v 6.080280 -6.056475 -4.496515
v 4.497650 -5.520216 5.440348
v -1.956008 1.164625 1.449702
v -4.960348 1.346459 2.215998
v 4.200397 -5.695278 5.375628
v -5.104121 -6.326285 2.903909
v 2.484948 -6.042241 -5.385119
v -2.183006 0.760059 1.256580
v -4.589272 -6.467628 3.334474
v -4.918188 -6.295683 3.331638
v -4.604377 -6.274493 3.439146
v -4.220104 4.397905 1.226880
v 5.522646 -5.996714 -4.421144
v -0.177050 -4.526728 -0.718118
v 2.611083 -6.169477 -5.047678
v 5.335699 -6.405729 -4.346394
v -2.472406 1.819616 1.122138
v -5.186015 0.985661 2.132423
v 2.460802 -6.105312 -5.309630
v 5.619220 -6.798775 -5.195048
v 4.770188 -6.468218 4.919872
v -1.656934 9.183802 1.548919
v -5.314744 0.925543 1.467316
v -2.654967 9.324368 1.782978
v -4.812382 -6.213541 3.558675
v 2.415461 -6.132821 -5.185719
v -4.151358 1.484499 3.335578
v 5.809277 -6.931549 -4.546124
v -2.163526 9.134392 2.002685
v -5.112395 -6.647377 3.490516
v 3.923926 -6.280121 5.538548
v -2.978079 9.258332 1.974103
v -0.695847 -4.238412 -0.825011
v -4.115271 -6.212580 3.776669
v 5.308190 -6.816757 -4.508146
v -4.310456 -6.203122 3.930595
v -0.783166 -4.322482 -0.936653
v -4.942558 0.534129 3.597363
v -4.136326 0.980050 4.109174
v -4.728963 0.684962 3.956893
v 6.562983 -2.795112 -4.035854
v 6.644399 -2.416608 -3.874010
v 6.400971 -2.524769 -4.243093
v 3.406871 -5.619629 6.114563
v 3.915819 -5.418854 6.043750
v -4.141415 -6.355691 3.787933
v -2.639744 9.212853 2.196934
v -1.205224 8.895339 1.716968
v 2.273641 -6.301203 -4.896380
v 3.257528 -6.108661 -4.908446
v -4.343435 2.088127 0.631809
v 3.534384 -6.183745 5.975579
v -4.018047 2.088448 0.923103
v 4.781308 -7.137361 4.514469
v -0.930773 8.784756 1.531754
v 6.802343 -2.997559 -2.588272
v -3.960592 2.168059 1.202409
v -0.709098 -4.412231 -0.719470
v 6.445297 -3.214665 -3.728903
v -2.126021 0.194811 1.799058
v -0.766713 -4.720026 -0.567015
v 4.765715 -7.174592 4.951160
v -1.028174 -2.529919 -5.163547
v 4.538551 -7.220524 4.742888
v -1.309176 9.123263 1.601531
v 6.772699 -3.384805 -3.715183
v -2.047448 0.107674 2.065788
v 3.522227 -6.800708 4.668592
v -0.257412 -2.901177 -4.804663
v 3.323503 -6.974008 4.891991
v -4.642146 1.889741 -0.954463
v -1.514902 9.013288 1.746612
v -0.323713 -3.444629 -5.089675
v 3.830160 -6.883130 5.543083
v -2.008326 -0.000192 1.944560
v -0.258827 -3.486716 -4.920250
v 5.462896 -2.443959 -3.861174
v -1.023754 -3.735868 -4.528970
v -2.334239 -0.340103 2.449196
v 3.442511 -5.492178 4.674201
v -0.360764 -4.779119 -0.280493
v -0.418667 -4.670763 -0.522458
v -4.595329 1.949985 -0.298420
v 1.463901 -4.888399 -5.087661
v 3.278907 -5.907800 4.404935
v -4.962757 1.178234 -0.477844
v 3.002414 -5.734032 4.245436
v 5.559146 -2.661842 -3.477346
v -0.839102 8.523396 1.668329
v -2.226129 -0.272721 3.469784
v -2.001041 -0.633929 3.131531
v 3.333289 -5.740399 4.504812
v -4.547007 -6.438716 3.532102
v 1.299896 -5.143387 -5.446740
v -0.857151 8.428292 2.052617
v 5.998941 -2.759386 -2.983605
v -2.799686 0.358819 3.889582
v 3.075932 -5.721693 4.564992
v -4.508721 2.000845 0.204903
v -0.676420 -4.617162 -0.680152
v -0.465273 -4.804798 -6.027736
v -4.360984 -6.658514 4.248355
v -1.639644 8.858536 1.975633
v -0.358511 -5.062384 -5.987135
v -4.522928 -6.643316 3.735585
v -4.254206 -7.126165 4.372955
v -0.554251 -4.742316 -0.524149
v -5.023288 1.307090 0.431464
v -0.387773 -4.257641 -5.203452
v -0.326261 -4.228217 -5.474782
v 5.695269 -2.794184 -2.945034
v 3.007422 -6.246210 4.610170
v -5.114642 -6.669139 3.666463
v -2.560047 -0.536263 4.125617
v 3.198756 -6.320790 4.657515
v -2.562879 -0.883953 3.764002
v 3.442482 -6.278175 4.695840
v -5.244794 -7.346076 3.800252
v -1.146424 -4.461776 -6.092985
v 5.081561 -2.669061 -3.346571
v 3.172183 -6.454782 4.353010
v -4.779456 -7.240964 4.108541
v 5.441502 -2.479438 -3.019734
v 4.898066 -2.547526 -3.204661
v -2.133088 -0.908854 2.490926
v -1.661464 -1.969230 1.632244
v 4.813534 -3.190685 -3.582227
v -1.509695 -1.694562 3.037264
v -1.611851 -2.123821 2.245571
v -1.021341 -0.875359 -3.954103
v -1.892876 -1.069564 3.451684
v 6.216958 -3.334451 -4.045667
v -5.824007 -6.576730 3.048120
v -1.627078 -1.916773 3.418009
v 2.699788 -6.528956 4.641965
v -5.588373 -6.554819 3.094787
v -1.203259 -0.935664 -1.588194
v -1.209217 -1.537487 -2.316986
v -5.356170 -6.546793 3.473162
v -1.167715 -1.178771 -3.642422
v 1.123507 -5.894239 -5.787016
v 5.951248 -3.426890 -4.169311
v 2.580003 -6.841711 5.051085
v 3.019703 -5.286340 5.895329
v -5.792458 -6.673245 2.852520
v -2.505634 -2.577132 3.569855
v -0.446928 -5.195457 -0.176356
v 2.824070 -5.506083 5.868378
v 5.931411 -3.534563 -3.740194
v 5.997213 -3.338118 -3.467138
v -1.101128 7.787041 2.101556
v -5.676502 -6.770553 3.024423
v -2.125353 -2.407951 4.289625
v 5.733543 -3.551114 -3.893641
v 2.271418 -5.912990 5.914150
v -0.579023 -4.953256 -0.273482
v -1.008795 8.268789 2.490442
v -2.394002 -1.277421 4.069608
v 1.473612 -6.634684 -5.001455
v 3.207531 -6.671202 5.989330
v 1.813250 -6.173343 -5.461636
v -1.444463 8.470362 2.133316
v -5.779567 -6.786649 2.912658
v 5.126531 -3.392861 -3.680507
v -5.903883 -6.859253 2.915187
v 5.230013 -3.597222 -3.990414
v 2.688867 -6.571862 5.954770
v -2.680072 -1.927162 3.810236
v -5.219892 -0.358126 -2.912146
v 1.651421 -6.495449 -4.614198
v -0.205331 -3.838431 0.214905
v -5.113986 -1.320694 -1.562002
v 0.917494 -6.703058 -5.518093
v -4.964187 -1.552760 -3.499298
v 0.752637 -6.817003 -4.644246
v 0.037318 -4.516246 0.482502
v -0.974711 7.726563 2.413808
v 5.647102 -3.168539 -3.447525
v -5.298788 -1.404072 -2.855628
v -5.653087 -6.774753 3.193403
v -0.291822 -5.812722 -6.686442
v 0.361235 -4.964147 0.842160
v 2.810024 -6.839834 5.808531
v -0.397220 -5.693574 -6.785263
v -1.097043 7.849854 2.705240
v -5.733510 -6.959785 3.028521
v 6.038232 -3.097582 -3.010511
v -3.804759 -0.146805 4.754405
v -0.394430 -5.385775 -6.358017
v -3.454247 0.626513 4.321478
v -0.773727 -4.901980 1.219430
v -1.836929 8.300568 2.575754
v -2.749555 -0.254894 4.348208
v -1.098523 -0.236867 -0.670536
v -2.530136 -1.178786 4.500211
v -0.708481 -3.255035 2.603751
v -0.775272 -3.396691 2.859912
v -0.893082 -1.029619 -0.917862
v -5.389391 -6.742392 3.307730
v -3.094716 -1.378915 4.559846
v -0.140401 -5.035316 1.234620
v -3.308684 9.194710 1.931963
v -1.731780 0.004443 0.815469
v -0.765187 -5.684073 -5.749879
v -0.371423 -3.848921 2.180160
v -0.288402 -4.244550 2.232522
v -2.301157 -1.619942 4.451890
v -0.348474 -3.848909 2.484330
v 0.468449 -5.795059 -5.880260
v -3.005725 8.830585 2.777905
v -2.701720 8.463516 2.886746
v 6.828084 -2.577947 -2.735496
v -3.153685 9.170115 2.260207
v -0.526452 -3.854634 2.317905
v -0.104579 -5.287417 -0.429938
v -1.418034 -1.365307 0.148694
v -0.486214 -5.996168 -6.843521
v -0.291294 -5.471115 -0.229598
v -0.398502 -4.288786 2.406185
v -0.610872 -5.997746 -6.082706
v -5.535735 -0.118973 1.546295
v -0.415597 -4.108334 2.524262
v -5.666226 -0.537764 1.212749
v 6.415644 -2.316226 -2.229253
v -5.424053 -6.793388 3.392515
v -5.252090 -1.111906 -0.257086
v -5.042006 -0.119167 2.634013
v -0.164438 -4.803589 2.404518
v -0.273468 -6.196216 -0.746155
v -2.004110 -3.154415 -6.143955
v 6.596522 -2.847146 -2.517919
v 6.577326 -3.025367 -2.258565
v -5.284229 0.011051 1.665219
v -4.051652 8.779542 2.209772
v -1.290865 -2.681944 -4.424661
v -1.178435 -3.279730 -4.603012
v -1.369130 8.168902 2.886757
v 1.318182 -3.169588 4.848307
v -5.242827 -6.830678 3.766041
v 6.221275 -2.945786 -2.077219
v 6.293139 -2.616560 -2.095142
v -0.172085 -5.401497 -5.396246
v 0.527870 -6.140699 -0.297918
v -5.725628 -7.471079 3.308693
v 6.754338 -3.322329 -2.766604
v -0.395781 -6.063036 -0.400719
v 6.613467 -3.136807 -2.681223
v 0.191057 -5.486086 -5.676059
v -4.746789 0.105374 3.937948
v 0.178936 -5.277742 -4.999554
v -1.436339 7.977815 2.951068
v -5.082490 -0.294273 3.622587
v -1.493386 7.965044 3.047681
v -5.938974 -6.843707 2.851012
v -3.448136 -2.803387 -5.686177
v -5.956259 -6.828921 2.859971
v -3.306652 -3.008034 -5.982116
v 0.418348 -5.158057 0.744567
v 0.043413 -5.514201 0.139721
v -1.183198 7.850180 2.937202
v -0.301375 -7.012637 -5.849433
v -0.000037 -6.488745 -5.992688
v 0.462973 -5.510661 0.710923
v -1.871868 7.871469 3.209828
v -5.901447 -6.896036 2.857958
v -0.061553 -6.010038 0.135842
v -4.832092 -1.125035 2.752050
v 1.067234 -3.586765 4.508054
v 5.982821 -2.546555 -2.763220
v -0.035279 -7.217797 -5.128750
v 0.910680 -3.677175 4.608162
v 0.268547 -7.080386 -5.416745
v 6.237478 -2.587412 -2.815234
v -4.836340 -0.482400 4.360358
v 0.215625 -5.544239 1.306150
v -4.819664 -0.921043 3.783361
v 5.796814 -2.439593 -2.458704
v 1.027936 -3.504892 4.666343
v 0.183084 -5.690408 1.071024
v -6.085079 -7.574151 2.727439
v -5.073170 -1.020066 2.389499
v 4.229227 -2.330093 -4.320119
v -1.786508 -4.790898 -6.509489
v 4.542261 -2.634712 -3.757771
v -4.068434 -5.911949 4.590011
v -1.229860 -4.613581 -4.617568
v -2.670468 7.808270 3.272824
v 1.330168 -3.851869 5.615630
v 4.738113 -2.851011 -3.682418
v 0.382975 -5.938225 0.666176
v 5.964084 -2.419559 -2.223520
v 0.639026 -3.576533 5.247988
v -4.886543 -6.308044 4.816546
v 1.131970 -3.477809 5.180799
v -5.685035 -1.138759 1.678124
v -3.624962 8.048417 3.020044
v -5.189196 -1.857472 1.955784
v 5.715193 -2.769240 -2.249725
v 5.582356 -2.464222 -2.430261
v 3.985368 -2.529357 -3.907378
v -3.971218 -6.424412 4.787364
v 3.569264 -2.862423 -3.496043
v 6.136658 -2.655972 -2.650013
v -1.353600 7.551074 2.470134
v 5.011953 -0.062119 3.448004
v 4.902369 0.355793 3.639238
v 4.171432 -2.630352 -3.269623
v 5.019096 -0.691944 3.471191
v 5.709125 -2.698560 -2.734075
v -4.708851 -1.065973 4.051286
v 5.771632 -2.642427 -2.685172
v 4.843945 -1.132034 3.763847
v 4.280007 0.634064 3.611012
v 4.632055 -2.805890 -2.889827
v -5.037784 -6.069142 5.342162
v 4.750890 0.624955 4.017385
v -1.115390 6.480772 2.599056
v -1.399118 7.597655 3.169432
v 1.111638 -3.776068 4.339015
v 3.954906 0.768298 4.003791
v 4.332484 -3.242025 -2.914842
v 5.746155 -2.737437 -2.629545
v -4.659318 -6.559511 5.570814
v -4.526881 -2.040454 3.991377
v 4.745927 -3.367183 -3.535820
v 4.378062 0.703140 4.730887
v 4.576406 0.747385 4.330479
v -2.026049 7.537277 3.360462
v 4.299404 -3.633626 -3.256747
v 4.201207 0.763378 4.730274
v -4.002881 -6.137832 6.348883
v -4.772181 0.211990 4.196925
v 5.911489 -2.899084 -2.604123
v 3.736721 0.738700 4.370902
v 3.754623 -3.523805 -3.040734
v -1.865628 7.375829 2.966095
v -4.905569 -5.527376 6.412205
v -4.142293 -0.785370 5.075864
v 4.434326 0.270983 3.256745
v 5.942731 -2.712554 -2.202840
v -5.042243 -5.710297 6.168912
v 0.847152 -3.777023 4.542178
v 4.522427 -0.407909 3.092308
v 0.980547 -3.867424 4.437516
v 2.785611 -4.092738 -4.144039
v 4.316098 -0.704725 3.297905
v -2.587181 7.480319 3.402490
v 5.908408 -2.769259 -2.511866
v 2.918188 -3.823170 -3.502259
v -4.724222 -6.144420 6.334020
v 0.885700 -3.786000 4.541800
v 0.883800 -3.788800 4.538800
v 4.860064 -3.022920 -2.744642
v -4.924402 -1.846716 4.811911
v -4.925378 -5.611310 6.270796
v -3.856683 -1.307462 5.267743
v -2.384200 7.278802 3.211742
v -2.874793 7.298855 3.283507
v 0.861600 -3.820500 4.505200
v 0.881900 -3.791400 4.536000
v 4.051142 0.124231 3.788676
v 4.280707 -4.432341 -3.655445
v 3.496924 -4.800921 -3.510484
v -4.876296 -1.319205 4.325658
v 1.193378 -4.539613 4.294575
v 5.264379 -2.363410 -2.898007
v 4.724484 -4.839856 -3.886031
v -4.241195 -2.017578 5.659517
v -3.801265 8.991300 2.075623
v 4.725488 -4.911613 -3.763504
v 5.118932 -2.592540 -2.512798
v 1.107996 -3.790981 5.547967
v 4.434375 -1.065505 3.376327
v -1.055226 -2.605424 2.895306
v -4.078439 8.567459 2.498480
v -3.924205 8.509812 2.659373
v 0.753766 -3.746948 5.648694
v -1.376240 -2.968414 3.334390
v -4.749929 -5.383152 6.643509
v 4.782243 -0.964764 4.016389
v 5.497805 -2.714986 -2.399267
v -2.038960 -3.281701 3.597631
v -4.925806 8.116660 1.698782
v -2.216301 -2.811836 4.148178
v 0.698101 -3.794029 5.530861
v 4.021702 -1.330875 3.997791
v 4.533807 -1.344182 4.353647
v 2.871774 -4.325798 -3.578720
v 2.438305 -4.477840 -4.158944
v 3.759015 -1.278886 4.355304
v -4.538787 8.020718 2.510157
v -2.767987 -2.627814 3.947008
v 2.574646 -4.366487 -4.037463
v -4.021729 7.876677 2.898359
v -3.013601 -3.359175 3.848332
v 4.570668 0.106412 4.559487
v 4.235396 -0.058277 5.028504
v -4.944441 7.210421 2.485570
v -4.509453 -6.661230 5.170361
v -4.683740 7.201000 2.745695
v -5.147828 -6.253727 5.101089
v 3.689683 0.491557 4.494316
v -5.176945 -5.889219 5.916480
v 3.576439 0.013620 4.849733
v -4.861322 6.573400 2.492479
v 4.068409 0.013277 5.169198
v 2.364679 -4.515375 -4.213598
v 2.362897 -4.682000 -4.122905
v 2.423797 -4.669459 -3.842636
v -5.197071 7.554884 1.829010
v 4.287669 -0.662424 4.908432
v 4.143462 -0.924588 5.063090
v 3.557438 -0.689239 4.882153
v 3.727660 -1.094601 4.477260
v 1.077891 -4.940070 5.668039
v 4.448897 -1.374410 4.563596
v 4.286430 -1.474434 4.456128
v 4.207810 -1.488665 4.302170
v 4.115474 -1.516337 4.420193
v 5.210302 -3.099067 3.493435
v 5.373650 -3.281717 3.758713
v 5.058774 -3.592596 3.849639
v 5.187279 -3.947046 4.031353
v 5.170159 -2.835564 4.440318
v 5.754813 -3.306911 4.855874
v 5.648827 -3.243168 4.324638
v 5.507556 -3.233872 5.138091
vn 0.8558 0.1952 -0.4791
vn 0.4929 0.3054 -0.8147
vn 0.6194 0.4534 -0.6409
vn -0.8997 -0.1486 0.4104
vn -0.8533 -0.0312 0.5205
vn -0.9160 0.0528 0.3977
vn 0.4674 -0.2903 0.8350
vn -0.2125 -0.4729 0.8551
vn -0.8703 0.3695 0.3258
vn -0.6731 0.1442 0.7254
vn -0.4511 -0.0533 0.8909
vn -0.3823 -0.0494 0.9227
vn 0.6326 0.4226 -0.6490
vn 0.4039 0.0448 0.9137
vn 0.7588 0.0976 0.6439
vn 0.9062 -0.0997 0.4109
vn 0.8601 0.4686 -0.2016
vn 0.9378 0.0913 -0.3349
vn 0.5117 0.7421 0.4330
vn 0.3587 0.3224 0.8760
vn 0.9847 0.1106 -0.1348
vn 0.8911 0.3486 0.2904
vn -0.8387 -0.1786 -0.5144
vn -0.9867 -0.0277 -0.1602
vn -0.8708 0.0636 -0.4874
vn -0.9920 0.1259 0.0027
vn 0.2888 -0.1014 0.9520
vn 0.4644 0.5615 0.6849
vn -0.9635 0.2671 0.0155
vn -0.3540 0.6319 0.6894
vn -0.6822 -0.0206 0.7309
vn 0.8400 0.3869 -0.3804
vn 0.9461 0.3217 0.0380
vn -0.9955 0.0316 0.0891
vn 0.8509 0.3408 0.3998
vn -0.0541 -0.3446 -0.9372
vn -0.8182 -0.4945 -0.2934
vn -0.0845 0.0789 -0.9933
vn -0.7888 -0.0447 -0.6131
vn -0.3850 0.9118 0.1430
vn -0.7154 0.6927 -0.0921
vn 0.9086 0.3850 -0.1617
vn 0.7005 0.3770 -0.6060
vn -0.9598 0.2808 -0.0063
vn 0.1573 -0.0674 -0.9852
vn -0.6217 0.1384 0.7709
vn -0.6042 -0.6352 0.4812
vn 0.6471 0.2466 -0.7214
vn -0.5248 0.8467 0.0876
vn 0.3852 -0.1826 -0.9046
vn -0.8391 -0.2305 0.4928
vn -0.2950 0.2485 0.9226
vn -0.5424 0.2391 0.8054
vn -0.3561 0.0789 0.9311
vn -0.9597 0.2808 -0.0064
vn 0.2001 -0.1323 -0.9708
vn -0.4787 0.8654 0.1482
vn -0.4887 0.8618 0.1359
vn -0.5490 0.6541 -0.5204
vn 0.6241 -0.2654 -0.7349
vn -0.3284 0.6350 0.6993
vn -0.2184 -0.1095 0.9697
vn 0.6470 0.4647 0.6045
vn 0.9443 0.3223 -0.0672
vn 0.9891 0.1447 -0.0263
vn -0.9462 0.1420 -0.2906
vn 0.4117 -0.2379 0.8797
vn 0.1092 0.1411 0.9840
vn -0.4288 -0.0142 -0.9033
vn -0.3412 -0.1697 0.9245
vn 0.6412 -0.7587 0.1152
vn 0.4343 -0.0243 0.9004
vn -0.3854 0.3709 0.8449
vn 0.1655 0.1115 -0.9799
vn -0.4786 0.8654 0.1483
vn -0.4318 0.3026 0.8497
vn -0.6746 0.7200 -0.1627
vn -0.6683 0.7239 -0.1714
vn -0.5391 0.8395 0.0682
vn -0.4681 0.8593 0.2060
vn -0.6606 0.7447 -0.0951
vn -0.5278 0.8407 0.1210
vn 0.4753 -0.8599 0.1862
vn 0.8485 -0.4529 -0.2739
vn 0.4324 -0.8128 0.3905
vn -0.4365 -0.1746 -0.8826
vn 0.3155 0.2316 -0.9202
vn -0.9883 -0.0075 -0.1524
vn -0.7770 -0.6282 -0.0405
vn 0.5084 -0.5590 -0.6550
vn 0.6344 -0.4379 -0.6370
vn 0.1290 -0.1608 -0.9785
vn 0.8858 0.4136 0.2103
vn 0.0710 0.3042 -0.9500
vn -0.1015 -0.2634 0.9593
vn 0.9976 -0.0355 -0.0602
vn 0.9386 0.2876 0.1906
vn 0.9807 -0.0642 -0.1847
vn -0.7753 -0.4079 -0.4822
vn -0.0784 -0.2893 0.9540
vn 0.0464 -0.3502 0.9355
vn 0.1399 -0.1385 0.9804
vn 0.8936 0.1307 0.4294
vn 0.6280 0.7183 -0.2996
vn 0.6347 0.7570 0.1551
vn 0.8897 -0.2047 -0.4082
vn 0.4811 0.0930 -0.8717
vn -0.6292 0.2264 -0.7435
vn -0.5899 -0.2616 0.7639
vn -0.2172 -0.2975 0.9297
vn 0.1866 -0.3704 -0.9099
vn -0.2099 0.2042 -0.9562
vn 0.2191 0.3073 -0.9261
vn -0.5131 -0.1175 0.8502
vn 0.1302 0.4699 -0.8730
vn 0.1756 -0.4651 -0.8676
vn 0.3434 0.7375 0.5815
vn 0.6655 -0.4413 0.6020
vn 0.0463 -0.8943 0.4451
vn -0.0789 0.1058 0.9913
vn -0.0102 -0.1189 0.9929
vn 0.7965 -0.6038 0.0328
vn -0.5500 -0.0479 0.8338
vn -0.6350 -0.1412 0.7595
vn 0.7004 0.4314 -0.5686
vn 0.5022 -0.4659 -0.7285
vn 0.1424 -0.9443 -0.2967
vn 0.5191 0.5898 -0.6185
vn -0.8862 -0.3747 -0.2724
vn -0.0830 0.1761 0.9809
vn 0.8168 0.0959 -0.5689
vn -0.7807 -0.6245 0.0197
vn 0.1362 0.4828 0.8651
vn 0.3842 -0.6013 0.7006
vn -0.7079 0.6250 -0.3289
vn 0.0605 -0.1651 0.9844
vn 0.3330 -0.1018 0.9374
vn 0.4620 -0.0019 0.8869
vn 0.5454 0.1166 0.8300
vn 0.4890 -0.4937 -0.7191
vn 0.2567 -0.3067 -0.9165
vn 0.0182 -0.7157 -0.6982
vn 0.6581 -0.0877 0.7478
vn -0.0325 0.0607 0.9976
vn -0.3826 -0.1419 0.9130
vn 0.4172 -0.7143 0.5619
vn -0.3461 -0.5469 -0.7623
vn -0.1807 -0.9164 0.3570
vn 0.5939 -0.5656 -0.5721
vn 0.4316 -0.7909 0.4338
vn 0.7507 0.1312 0.6475
vn 0.8904 -0.4450 0.0958
vn 0.8793 0.4762 -0.0006
vn -0.2413 0.3378 0.9098
vn 0.6790 0.4484 0.5813
vn -0.4016 0.8564 -0.3245
vn -0.2580 0.6088 -0.7502
vn -0.3200 0.9264 0.1983
vn -0.2487 0.3060 -0.9190
vn -0.1361 0.0361 -0.9900
vn -0.9836 -0.0824 0.1606
vn 0.8119 0.0239 -0.5834
vn 0.9147 0.1264 -0.3839
vn 0.7744 0.2404 0.5852
vn 0.5935 -0.4033 -0.6965
vn 0.9549 -0.2567 0.1493
vn 0.9817 -0.1496 -0.1182
vn 0.8423 -0.0409 0.5375
vn 0.8632 0.2078 -0.4601
vn 0.7987 -0.5411 -0.2632
vn 0.5473 0.2319 0.8041
vn 0.7764 0.2352 0.5847
vn -0.4886 0.7527 0.4413
vn -0.1521 -0.4579 0.8759
vn -0.2737 -0.4148 0.8678
vn -0.2959 -0.5247 0.7982
vn 0.9690 0.0995 0.2260
vn 0.8363 0.3368 -0.4327
vn 0.8994 0.3933 -0.1906
vn 0.8012 -0.4854 -0.3500
vn 0.1120 -0.1111 0.9875
vn 0.7272 -0.2027 0.6559
vn -0.0925 -0.6225 0.7772
vn -0.7803 -0.4244 0.4594
vn 0.2719 0.3844 0.8822
vn 0.4967 0.0139 -0.8678
vn -0.2926 0.5254 0.7990
vn 0.1447 -0.4181 0.8968
vn 0.3093 -0.1921 0.9313
vn 0.1013 -0.3154 0.9435
vn 0.1598 -0.8744 -0.4581
vn 0.9161 -0.0523 -0.3974
vn 0.2201 -0.6969 0.6826
vn -0.1501 -0.8428 0.5169
vn 0.1583 -0.7529 -0.6388
vn 0.9966 -0.0007 0.0828
vn -0.8677 0.4707 0.1597
vn -0.4128 0.8669 -0.2796
vn 0.1479 0.9772 -0.1522
vn 0.7881 0.1659 0.5928
vn 0.5451 -0.7142 0.4391
vn 0.9951 0.0389 -0.0912
vn 0.6186 0.7403 -0.2632
vn 0.2580 -0.7075 -0.6579
vn -0.2827 -0.4791 -0.8310
vn -0.3718 0.1475 -0.9165
vn -0.6354 -0.7058 0.3133
vn 0.4101 -0.8521 -0.3253
vn 0.3077 -0.7093 -0.6342
vn -0.0336 0.4600 0.8873
vn 0.0693 -0.5479 -0.8336
vn 0.9051 -0.4115 -0.1069
vn 0.8507 -0.4838 0.2055
vn 0.6208 -0.3256 0.7132
vn 0.8690 -0.0294 0.4939
vn -0.2021 -0.0869 -0.9755
vn -0.0152 0.9490 -0.3150
vn 0.0979 0.3423 0.9345
vn -0.2608 0.0891 -0.9613
vn -0.2335 0.8245 -0.5154
vn 0.4284 0.8703 0.2430
vn 0.8849 -0.1008 0.4548
vn 0.8073 -0.0826 0.5844
vn 0.0349 -0.1739 0.9841
vn -0.0786 -0.2489 0.9653
vn -0.0164 0.5285 0.8488
vn 0.8117 -0.3181 0.4899
vn -0.0195 0.7797 0.6259
vn 0.0642 0.9813 0.1812
vn 0.4860 0.8496 -0.2049
vn 0.5466 0.0891 0.8327
vn -0.0092 -0.9007 -0.4342
vn -0.2510 0.6280 0.7366
vn 0.7755 -0.1777 -0.6058
vn 0.5221 0.1534 0.8390
vn 0.6371 -0.2246 -0.7373
vn 0.0397 -0.3955 0.9176
vn 0.9651 0.1664 -0.2023
vn 0.5830 0.7349 -0.3465
vn 0.3683 -0.7575 0.5390
vn -0.1221 0.9598 -0.2526
vn 0.6338 0.1548 -0.7579
vn -0.4917 0.3241 -0.8082
vn -0.9117 -0.3961 0.1093
vn 0.1482 -0.1968 -0.9692
vn -0.7258 -0.6872 0.0306
vn -0.0852 0.7327 -0.6752
vn 0.9375 0.1801 0.2978
vn 0.9377 0.1795 0.2974
vn -0.1663 -0.1533 -0.9741
vn -0.5484 -0.6005 -0.5819
vn 0.8740 -0.1898 0.4473
vn 0.7676 -0.5683 -0.2963
vn -0.1138 0.2902 -0.9502
vn 0.9652 0.1842 0.1857
vn 0.9650 0.1848 0.1862
vn 0.9498 0.1815 0.2549
vn 0.9495 0.1821 0.2555
vn 0.7826 -0.5974 0.1749
vn -0.9014 -0.0092 -0.4329
vn 0.9340 0.1803 0.3084
vn 0.9368 0.1807 0.2995
vn 0.9644 0.1854 0.1885
vn 0.9485 0.1827 0.2588
vn 0.7101 -0.6966 0.1025
vn 0.3843 -0.5200 0.7628
vn -0.8841 -0.4474 -0.1347
vn 0.0263 -0.2694 -0.9627
vn 0.8983 0.1137 -0.4244
vn 0.8693 -0.0963 -0.4848
vn 0.7945 -0.3178 0.5174
vn 0.7355 -0.6696 -0.1036
vn 0.0282 0.1619 -0.9864
vn 0.7409 -0.1341 0.6581
vn -0.2190 -0.6523 -0.7257
vn 0.7800 -0.5421 0.3125
vn -0.1972 -0.9173 -0.3458
vn 0.5153 0.2782 0.8106
vn -0.0033 0.5854 0.8108
vn 0.8503 -0.2768 -0.4476
vn 0.1357 -0.2886 0.9478
vn 0.9346 0.1789 0.3073
vn -0.6821 -0.5133 0.5209
vn -0.6995 -0.1148 0.7054
vn 0.2896 -0.2678 0.9189
vn 0.9344 0.1795 0.3077
vn 0.3452 -0.3004 0.8891
vn 0.7745 -0.2555 0.5787
vn 0.1604 -0.9016 0.4018
vn 0.5545 -0.6941 0.4592
vn 0.7649 0.3862 -0.5155
vn 0.1469 -0.0375 0.9884
vn -0.0856 -0.5360 0.8399
vn 0.7849 -0.3977 0.4751
vn 0.5342 -0.0059 0.8453
vn 0.0894 -0.4029 0.9109
vn 0.1426 -0.7118 -0.6878
vn -0.0089 -0.8884 0.4590
vn 0.3346 -0.8628 -0.3790
vn 0.8052 -0.3551 -0.4750
vn 0.6228 -0.7786 -0.0764
vn 0.8563 0.0320 0.5154
vn 0.2171 -0.8457 -0.4874
vn 0.7066 0.6397 0.3025
vn 0.0520 -0.9682 -0.2447
vn 0.3356 0.4179 -0.8442
vn 0.1832 0.9728 -0.1420
vn 0.5655 0.4334 -0.7017
vn -0.6772 -0.7261 -0.1195
vn 0.1881 -0.3706 0.9095
vn -0.0832 -0.8284 0.5539
vn -0.1502 -0.5609 0.8141
vn 0.4219 0.4528 0.7855
vn -0.9381 0.0759 -0.3379
vn 0.7922 0.4516 0.4105
vn 0.8030 0.3340 0.4935
vn 0.6899 0.7014 0.1788
vn 0.2334 -0.9502 0.2065
vn -0.0092 -0.9773 0.2119
vn -0.0156 -0.4868 0.8734
vn -0.0799 0.9542 0.2884
vn -0.4304 -0.3301 0.8401
vn -0.0567 0.9132 -0.4036
vn -0.3558 0.8739 -0.3313
vn 0.4155 -0.4222 0.8057
vn 0.3311 -0.2306 0.9150
vn -0.6661 -0.6604 -0.3466
vn 0.3447 -0.1140 -0.9318
vn 0.2272 0.9064 -0.3562
vn -0.9326 0.2798 0.2280
vn -0.6564 0.5161 -0.5503
vn -0.6227 0.2313 -0.7475
vn 0.7192 -0.0390 0.6937
vn 0.8845 0.0286 0.4657
vn -0.1123 -0.6268 0.7711
vn 0.6995 0.6865 0.1985
vn 0.7188 0.6480 -0.2519
vn 0.4501 0.4880 0.7479
vn 0.9551 -0.0357 0.2942
vn 0.8842 0.4364 -0.1668
vn 0.5777 0.7504 0.3212
vn 0.4759 0.3354 0.8131
vn 0.6659 0.0775 0.7420
vn 0.8102 -0.2325 0.5381
vn 0.2117 -0.8193 0.5329
vn -0.2382 -0.6720 0.7012
vn 0.2222 0.0658 0.9728
vn 0.6629 0.4014 0.6320
vn -0.4163 0.1186 0.9015
vn 0.7833 0.3121 0.5376
vn -0.5054 0.6224 0.5976
vn -0.0567 -0.0185 0.9982
vn 0.1272 -0.2651 0.9558
vn 0.5375 0.5003 0.6788
vn 0.8247 0.5560 0.1037
vn -0.0088 -0.6319 0.7750
vn 0.0768 -0.6894 0.7203
vn 0.7713 -0.4179 0.4800
vn 0.5256 -0.0450 -0.8495
vn 0.2349 0.5362 0.8107
vn 0.9099 0.2574 0.3254
vn 0.7968 0.2428 -0.5533
vn 0.8226 0.4806 0.3039
vn -0.4500 0.6543 -0.6077
vn 0.7305 -0.6791 -0.0715
vn 0.5704 -0.3665 -0.7351
vn 0.4378 -0.3673 -0.8206
vn 0.9426 0.0366 0.3320
vn -0.1679 -0.8172 0.5514
vn -0.2197 -0.6923 0.6874
vn -0.7116 -0.6765 0.1900
vn 0.0380 -0.9361 0.3496
vn 0.8678 -0.3863 0.3127
vn 0.6423 -0.1507 0.7515
vn 0.6908 0.2202 0.6887
vn -0.2170 0.4367 -0.8730
vn -0.2032 -0.2728 0.9404
vn -0.0446 -0.9830 -0.1780
vn -0.7800 0.0066 0.6258
vn 0.2245 0.0022 0.9745
vn -0.8070 -0.0674 0.5866
vn 0.4593 -0.8721 -0.1688
vn -0.9272 0.2843 -0.2437
vn 0.7968 -0.5289 0.2922
vn 0.9872 0.1486 0.0579
vn 0.1063 -0.1539 0.9823
vn -0.8481 -0.0459 0.5279
vn 0.8497 0.1324 0.5103
vn -0.8549 0.1081 -0.5074
vn 0.7000 -0.5075 0.5025
vn -0.0748 -0.8077 -0.5848
vn 0.0904 0.7336 0.6735
vn 0.2185 -0.9688 -0.1173
vn -0.9937 0.0838 -0.0748
vn 0.3806 -0.2813 0.8809
vn -0.9506 0.2710 -0.1514
vn 0.2994 -0.6104 -0.7333
vn 0.6716 -0.5029 -0.5441
vn 0.1533 -0.6613 -0.7343
vn -0.3079 -0.6743 -0.6712
vn 0.1682 -0.8313 -0.5298
vn -0.0313 -0.5945 -0.8035
vn 0.7176 0.4358 0.5432
vn 0.3937 -0.5146 -0.7617
vn 0.0869 -0.6507 0.7543
vn -0.9840 0.1469 0.1009
vn 0.5915 -0.7421 0.3152
vn -0.5335 -0.0799 -0.8420
vn -0.7549 -0.0102 -0.6558
vn 0.9522 -0.2429 0.1853
vn -0.4622 -0.8558 -0.2324
vn 0.6536 -0.1426 0.7433
vn -0.8928 -0.4503 -0.0158
vn -0.7719 0.0333 0.6348
vn -0.3182 0.9265 0.2011
vn -0.1470 -0.7198 0.6785
vn -0.4120 -0.6873 -0.5981
vn -0.0260 -0.2031 -0.9788
vn -0.6152 -0.5091 -0.6020
vn -0.6762 -0.0483 0.7351
vn -0.8141 0.1111 -0.5701
vn 0.7707 -0.0552 -0.6348
vn 0.9792 -0.1192 0.1642
vn -0.0178 0.9898 -0.1416
vn -0.0604 -0.6988 -0.7128
vn 0.0421 0.4784 0.8771
vn 0.2685 -0.1990 -0.9425
vn -0.5512 -0.5581 -0.6202
vn 0.7296 -0.0324 0.6831
vn 0.7325 0.3171 0.6024
vn -0.2491 -0.5679 0.7845
vn -0.9990 0.0066 -0.0450
vn 0.1559 0.5862 0.7951
vn -0.5274 -0.5578 0.6409
vn -0.4287 -0.7285 0.5344
vn 0.2627 0.9609 -0.0871
vn -0.0681 -0.5188 0.8522
vn -0.5057 -0.6997 0.5047
vn -0.6479 -0.2469 -0.7206
vn -0.0466 -0.4546 0.8895
vn -0.5351 -0.2235 0.8147
vn -0.9717 -0.2345 0.0271
vn 0.7085 0.1891 -0.6798
vn 0.2904 -0.2337 0.9279
vn -0.5228 -0.8123 0.2586
vn -0.1785 -0.8863 -0.4274
vn -0.4844 0.3870 0.7846
vn 0.4543 0.0392 -0.8900
vn 0.9155 0.2086 -0.3440
vn 0.3676 -0.4016 -0.8388
vn -0.3756 0.8597 -0.3462
vn 0.0104 0.9988 -0.0471
vn -0.6729 0.3583 0.6472
vn 0.3092 0.8772 0.3673
vn -0.7672 0.0098 0.6413
vn -0.9449 -0.3175 -0.0792
vn -0.8829 0.2676 -0.3858
vn -0.3485 -0.7454 -0.5682
vn 0.3554 0.8605 -0.3649
vn 0.0822 -0.3150 -0.9455
vn -0.1821 -0.9725 -0.1452
vn 0.4569 0.7975 -0.3940
vn -0.8236 -0.5004 -0.2672
vn 0.9077 0.4195 -0.0143
vn -0.1287 -0.8917 0.4339
vn -0.0677 -0.9410 0.3317
vn 0.8756 -0.4779 0.0702
vn -0.4772 -0.4236 0.7700
vn 0.1714 -0.2567 -0.9512
vn 0.0908 -0.6072 0.7893
vn 0.3884 -0.2946 0.8731
vn 0.4239 -0.4853 -0.7647
vn 0.2019 0.3170 -0.9267
vn 0.5535 0.3098 -0.7731
vn -0.7652 -0.3381 0.5479
vn -0.7618 -0.1161 0.6373
vn -0.1392 0.6083 0.7814
vn -0.0230 -0.6793 -0.7335
vn -0.8835 -0.3880 0.2625
vn -0.9926 -0.0258 0.1189
vn 0.6808 -0.0870 -0.7273
vn 0.4436 -0.6826 -0.5808
vn -0.8343 -0.5494 0.0458
vn -0.8746 -0.1254 0.4684
vn -0.5858 -0.4391 0.6812
vn -0.8821 -0.3994 0.2496
vn -0.7168 -0.4967 0.4894
vn 0.0466 -0.5933 -0.8037
vn -0.4429 -0.6972 -0.5637
vn -0.8863 0.1127 0.4492
vn 0.8987 -0.1096 0.4246
vn 0.9420 0.1610 -0.2943
vn 0.8906 0.2376 -0.3877
vn 0.7878 0.4962 0.3649
vn 0.6746 0.6264 0.3906
vn -0.3011 -0.0981 0.9485
vn -0.4171 0.1962 0.8874
vn 0.4213 -0.4881 -0.7644
vn 0.0043 -0.8716 -0.4902
vn 0.6195 -0.4920 0.6117
vn -0.7034 -0.6518 0.2837
vn 0.8923 0.4510 0.0180
vn -0.8995 -0.3618 0.2451
vn -0.8591 -0.5096 0.0475
vn 0.9805 0.0602 0.1870
vn 0.9230 0.2933 0.2489
vn 0.7077 0.4832 -0.5155
vn -0.2927 -0.8984 0.3273
vn -0.4787 -0.8527 -0.2092
vn 0.4465 -0.6683 0.5950
vn 0.7311 -0.2044 -0.6509
vn -0.9381 -0.3458 0.0190
vn -0.3981 -0.3918 0.8295
vn 0.2917 0.4351 0.8518
vn -0.3510 -0.7408 0.5727
vn -0.4279 -0.8751 0.2261
vn 0.3135 0.3603 0.8786
vn -0.3234 0.9456 -0.0361
vn 0.9361 0.3284 -0.1262
vn 0.2607 0.9314 -0.2539
vn -0.0722 0.9782 0.1945
vn -0.4432 0.8888 0.1167
vn -0.5383 -0.0438 0.8416
vn 0.7513 -0.1050 -0.6515
vn 0.7704 -0.0117 -0.6374
vn 0.8106 0.0722 -0.5812
vn -0.1476 0.8600 0.4885
vn 0.7996 -0.0199 -0.6002
vn 0.7238 -0.1510 -0.6733
vn 0.7541 -0.0409 -0.6555
vn -0.2366 -0.9582 -0.1609
vn -0.5185 0.8414 0.1523
vn -0.4915 -0.7902 -0.3660
vn -0.2415 -0.9374 -0.2510
vn -0.8999 0.0595 0.4320
vn 0.7940 0.0352 -0.6069
vn 0.5884 0.7989 0.1245
vn 0.3287 0.7464 0.5787
vn -0.8184 -0.5425 0.1897
vn -0.6178 -0.7802 0.0980
vn -0.5333 0.1070 0.8391
vn -0.4872 0.8624 0.1376
vn 0.7798 -0.0575 -0.6234
vn -0.1200 -0.9351 -0.3336
vn -0.4659 0.3536 -0.8111
vn 0.2466 0.4548 0.8558
vn -0.9066 0.1081 0.4079
vn -0.5292 0.1545 0.8343
vn -0.0427 -0.9988 0.0257
vn -0.4872 0.8624 0.1377
vn 0.7617 0.6022 0.2390
vn 0.6269 0.7475 0.2198
vn 0.2480 0.9681 0.0356
vn -0.5942 0.7697 0.2335
vn 0.2271 0.9608 -0.1589
vn -0.0457 0.8396 0.5413
vn -0.4973 0.3090 0.8107
vn 0.4058 0.3895 0.8268
vn -0.5379 -0.8365 0.1051
vn -0.5026 -0.8574 0.1107
vn -0.2989 -0.9537 -0.0339
vn 0.9557 0.1294 0.2645
vn 0.6438 0.1066 0.7577
vn 0.9465 0.1797 0.2679
vn 0.4038 -0.0423 -0.9139
vn 0.0449 0.5838 0.8107
vn 0.0545 0.6358 0.7699
vn 0.9528 0.1016 -0.2862
vn 0.7021 0.4760 0.5296
vn 0.6491 0.2508 0.7181
vn 0.2699 0.0949 0.9582
vn -0.9196 -0.3740 0.1202
vn -0.5576 -0.0027 0.8301
vn 0.8889 0.0693 0.4528
vn -0.1900 0.4414 0.8770
vn 0.4420 -0.5914 0.6745
vn 0.2283 -0.7451 0.6266
vn -0.2034 -0.9234 -0.3255
vn -0.4252 -0.1846 0.8861
vn 0.5621 0.7821 -0.2688
vn -0.7476 0.2191 0.6270
vn 0.7747 0.3354 0.5361
vn 0.0042 0.9997 0.0224
vn -0.2388 -0.8313 0.5019
vn 0.3578 -0.7640 -0.5369
vn -0.9629 -0.1423 0.2295
vn 0.7357 -0.0191 0.6771
vn 0.3613 -0.6462 0.6722
vn 0.0710 0.1703 0.9828
vn 0.7572 0.1783 0.6284
vn -0.9055 0.2082 0.3697
vn -0.6566 -0.7474 0.1013
vn -0.0115 0.1585 0.9873
vn -0.1486 -0.8673 0.4751
vn -0.5194 -0.8055 0.2853
vn -0.7643 -0.5600 0.3197
vn -0.5736 0.4167 0.7052
vn 0.6048 -0.3853 0.6970
vn -0.7202 -0.6911 0.0602
vn -0.1044 -0.9689 0.2242
vn -0.6801 0.3093 0.6647
vn -0.7317 -0.6014 0.3209
vn -0.5883 -0.1333 0.7976
vn 0.5727 0.1984 -0.7954
vn 0.5689 0.2935 -0.7682
vn 0.7367 0.6752 -0.0370
vn -0.0309 -0.9351 -0.3530
vn 0.8265 -0.3237 -0.4605
vn 0.4385 -0.0531 -0.8972
vn 0.1571 -0.5450 -0.8236
vn -0.9477 -0.3192 0.0086
vn -0.8101 -0.5653 -0.1554
vn 0.0280 -0.9976 -0.0640
vn 0.9361 0.3432 -0.0767
vn 0.0853 0.9901 -0.1112
vn 0.0672 0.9246 -0.3751
vn -0.0789 0.9578 -0.2765
vn -0.0766 0.7459 0.6617
vn -0.0905 0.9748 -0.2040
vn -0.0471 0.4412 -0.8962
vn -0.2360 -0.9700 -0.0585
vn 0.5841 -0.1430 0.7990
vn 0.1250 0.9816 0.1444
vn 0.1889 0.9668 0.1723
vn 0.5320 0.8424 -0.0855
vn -0.4504 -0.2961 0.8423
vn -0.0860 0.7724 0.6292
vn 0.2903 0.7101 -0.6415
vn 0.4973 0.8635 0.0840
vn -0.7838 -0.0325 -0.6202
vn -0.6320 -0.0812 -0.7707
vn -0.1598 0.9868 0.0277
vn 0.1426 0.3462 0.9273
vn -0.8941 -0.4342 -0.1093
vn -0.3115 0.9025 -0.2975
vn 0.0470 0.6225 0.7812
vn -0.6347 -0.1855 -0.7502
vn -0.2724 0.4354 -0.8580
vn -0.6849 0.6046 0.4066
vn -0.1470 0.9877 -0.0541
vn -0.2973 0.9496 -0.0996
vn 0.7730 0.3023 -0.5577
vn -0.9875 0.1156 -0.1072
vn 0.6687 -0.7327 0.1263
vn 0.9793 0.1649 -0.1177
vn -0.3601 0.8220 -0.4413
vn -0.5286 -0.1111 -0.8416
vn 0.6317 0.6304 0.4511
vn 0.9924 0.1217 -0.0198
vn 0.4733 -0.4367 0.7650
vn -0.2851 0.9585 0.0049
vn -0.1138 0.6415 0.7586
vn 0.3853 0.4157 0.8238
vn 0.7272 -0.6518 0.2153
vn 0.2080 0.6395 0.7401
vn -0.9685 -0.1003 0.2277
vn -0.7677 -0.3739 -0.5203
vn 0.7168 -0.2262 -0.6596
vn 0.3543 0.2178 0.9094
vn -0.2052 0.7438 0.6361
vn -0.6742 -0.1876 -0.7144
vn -0.1196 0.2125 0.9698
vn 0.6576 -0.7203 0.2207
vn 0.8310 0.2520 0.4959
vn 0.8535 -0.0279 0.5204
vn 0.3707 -0.3033 0.8778
vn -0.7312 -0.5917 0.3396
vn 0.2195 -0.9130 0.3440
vn -0.9128 -0.3830 0.1418
vn 0.7652 -0.2808 0.5794
vn -0.3493 0.6281 0.6953
vn -0.2752 -0.6076 -0.7451
vn -0.1985 -0.5063 0.8392
vn -0.7996 0.5041 0.3265
vn -0.9580 0.0040 -0.2868
vn 0.8715 0.1482 0.4675
vn -0.9013 -0.3336 0.2764
vn -0.1844 -0.9064 0.3799
vn -0.2779 -0.0659 -0.9583
vn 0.6402 0.0587 -0.7660
vn 0.0039 0.7302 -0.6832
vn 0.3132 0.0619 -0.9477
vn 0.5731 -0.0296 -0.8190
vn 0.4271 0.3246 -0.8439
vn -0.2472 0.6257 -0.7398
vn 0.2483 0.9640 -0.0953
vn 0.4137 0.7197 -0.5576
vn 0.9711 -0.0647 0.2299
vn 0.0418 0.7210 0.6917
vn 0.6356 -0.5666 -0.5243
vn -0.9112 -0.1804 0.3704
vn -0.7438 -0.4104 0.5275
vn 0.8386 0.0764 -0.5393
vn -0.2234 0.0199 0.9745
vn 0.3220 0.9400 -0.1123
vn -0.0797 0.8927 -0.4436
vn 0.3321 0.9105 0.2463
vn 0.2766 -0.3083 0.9102
vn -0.1085 -0.0320 0.9936
vn -0.7879 -0.4513 0.4191
vn -0.5777 0.1096 -0.8089
vn 0.1818 0.7575 0.6270
vn -0.3089 0.5543 0.7729
vn -0.1110 0.8397 0.5316
vn 0.9896 -0.1043 -0.0995
vn -0.9981 -0.0452 0.0412
vn 0.9512 0.3071 -0.0301
vn 0.6128 -0.7154 -0.3357
vn 0.7360 -0.0286 -0.6763
vn -0.2208 0.7616 0.6093
vn -0.1200 0.8529 -0.5080
vn 0.5061 0.6099 -0.6098
vn 0.5451 0.2044 -0.8131
vn 0.1400 0.5300 -0.8363
vn 0.6041 -0.1336 0.7856
vn -0.8496 0.0497 0.5250
vn -0.7893 -0.5790 -0.2042
vn 0.8345 0.1559 -0.5286
vn 0.8343 -0.5513 0.0020
vn -0.0968 0.1714 0.9804
vn -0.6901 0.1744 0.7024
vn -0.7835 0.1722 0.5971
vn 0.9881 -0.0867 0.1274
vn -0.3720 0.8762 -0.3063
vn -0.4153 0.8161 -0.4019
vn -0.0889 0.7443 -0.6619
vn -0.2407 0.7699 -0.5911
vn 0.5676 0.3566 0.7421
vn 0.5164 -0.6817 -0.5183
vn 0.0098 -0.5961 -0.8028
vn -0.0178 0.5957 -0.8030
vn -0.1942 0.5633 -0.8031
vn 0.0581 0.3013 -0.9517
vn -0.1157 0.7042 -0.7006
vn 0.1651 0.9863 0.0061
vn -0.2450 0.6731 0.6978
vn -0.4503 0.5410 0.7103
vn 0.3107 0.8506 0.4241
vn 0.6339 -0.7733 0.0160
vn 0.9346 0.3547 0.0263
vn 0.4969 -0.8615 -0.1040
vn 0.1491 0.5753 0.8042
vn -0.7828 -0.5978 0.1727
vn 0.1823 -0.7612 -0.6223
vn 0.2438 -0.4104 -0.8787
vn -0.2310 -0.4042 -0.8850
vn 0.8262 -0.4478 -0.3419
vn 0.1932 0.0402 -0.9803
vn -0.9944 -0.0295 0.1019
vn 0.0213 0.3363 -0.9415
vn -0.0530 0.0127 -0.9985
vn 0.2141 -0.3557 -0.9098
vn 0.4139 -0.4866 -0.7693
vn -0.8271 -0.5041 0.2485
vn -0.3853 -0.0030 0.9228
vn -0.0596 0.1723 -0.9832
vn -0.9700 0.2431 0.0056
vn 0.5282 -0.0857 -0.8448
vn -0.4280 0.3335 -0.8400
vn -0.2721 0.9098 -0.3134
vn 0.5439 -0.1893 -0.8176
vn 0.1710 -0.5559 0.8134
vn -0.3715 0.9132 -0.1674
vn 0.5692 -0.7834 -0.2495
vn -0.0132 -0.5703 -0.8213
vn 0.1093 -0.4675 -0.8772
vn -0.0325 0.9983 0.0489
vn 0.9846 0.0163 -0.1742
vn 0.2267 -0.9526 -0.2030
vn -0.2330 0.1299 -0.9638
vn 0.9239 -0.0579 0.3783
vn 0.2466 -0.8526 0.4607
vn 0.2564 -0.9398 0.2258
vn 0.6462 -0.7596 -0.0737
vn 0.0203 -0.0332 -0.9992
vn 0.2321 -0.2264 -0.9460
vn 0.9300 0.3238 -0.1741
vn 0.4866 0.7758 -0.4016
vn -0.6024 0.0316 0.7976
vn 0.1571 -0.0783 0.9845
vn 0.2282 -0.5164 0.8254
vn -0.9414 0.3352 -0.0386
vn -0.1024 -0.8202 -0.5629
vn -0.1942 0.6242 -0.7568
vn 0.4143 0.4951 -0.7637
vn -0.3009 0.5025 -0.8105
vn 0.6485 -0.5307 -0.5458
vn -0.1958 -0.7002 -0.6866
vn -0.5273 -0.0947 -0.8444
vn 0.7586 0.5818 -0.2933
vn 0.2911 -0.7301 -0.6182
vn 0.6803 -0.0338 -0.7322
vn 0.4529 0.7030 -0.5484
vn -0.2239 0.2491 -0.9423
vn -0.1294 -0.7750 -0.6186
vn -0.9883 0.1441 -0.0497
vn -0.2701 0.7203 -0.6389
vn -0.6989 -0.7023 0.1354
vn -0.0788 0.4036 -0.9115
vn 0.2392 -0.2659 0.9339
vn 0.3807 0.6383 0.6691
vn 0.8412 0.3853 -0.3793
vn 0.9910 0.0944 -0.0948
vn 0.1146 0.8251 0.5533
vn -0.1290 -0.2100 0.9691
vn 0.6164 -0.1211 -0.7781
vn 0.6992 0.6630 -0.2675
vn 0.8460 -0.2455 -0.4732
vn 0.3654 0.1649 -0.9161
vn -0.8812 -0.4333 -0.1890
vn 0.4226 0.4615 -0.7800
vn 0.9000 0.2810 0.3332
vn 0.4427 -0.8624 0.2457
vn 0.1333 0.2670 0.9544
vn 0.3519 0.7383 -0.5754
vn 0.5412 -0.6259 -0.5615
vn 0.0495 -0.6935 -0.7188
vn 0.2254 -0.8804 -0.4173
vn 0.4367 0.0558 0.8979
vn 0.3270 -0.7461 0.5799
vn 0.0253 -0.3988 -0.9167
vn -0.4611 -0.5301 0.7116
vn -0.3995 0.4638 0.7907
vn 0.9435 -0.2060 -0.2597
vn 0.6915 0.6812 -0.2405
vn -0.3036 0.7021 0.6441
vn 0.8052 -0.5381 0.2491
vn -0.1875 0.5876 0.7871
vn 0.6838 0.1816 0.7067
vn 0.8975 -0.2487 -0.3641
vn 0.1539 -0.9543 0.2562
vn -0.3552 0.6188 -0.7007
vn 0.6622 -0.6816 0.3114
vn 0.9900 -0.0756 0.1195
vn 0.8742 0.3134 -0.3708
vn 0.8657 0.3259 -0.3799
vn 0.4818 -0.0335 0.8756
vn 0.9987 0.0411 -0.0304
vn 0.4567 -0.0151 -0.8895
vn 0.5299 0.2327 -0.8155
vn 0.9980 0.0509 -0.0380
vn 0.1617 0.8566 -0.4901
vn 0.9989 0.0378 -0.0280
vn 0.9056 -0.2134 -0.3666
vn 0.2411 -0.9221 0.3028
vn 0.9713 0.1587 -0.1773
vn 0.2444 -0.5620 0.7902
vn 0.0788 0.7114 -0.6983
vn 0.9875 -0.0906 0.1287
vn 0.8715 0.3365 0.3567
vn -0.3554 -0.8650 0.3543
vn 0.9684 0.1688 -0.1838
vn 0.9724 0.1554 -0.1741
vn 0.1330 -0.0823 0.9877
vn 0.8706 0.3170 -0.3763
vn 0.0696 -0.5052 0.8602
vn -0.1749 -0.5982 0.7820
vn 0.9798 -0.1115 -0.1659
vn -0.4893 -0.6161 -0.6172
vn 0.6075 0.1349 0.7828
vn -0.1534 0.7626 -0.6284
vn -0.2220 -0.3916 0.8930
vn 0.2289 -0.8780 0.4203
vn -0.0788 0.5661 -0.8205
vn -0.4324 -0.5354 0.7255
vn 0.0990 0.2134 0.9719
vn -0.2129 -0.3848 0.8981
vn 0.1633 0.1464 0.9757
vn -0.9404 -0.0612 0.3346
vn -0.8051 0.0304 0.5923
vn -0.8652 0.0383 0.5000
vn -0.0372 0.9506 -0.3081
vn -0.7528 0.1181 0.6476
vn -0.2432 -0.6159 -0.7493
vn -0.6057 0.3724 -0.7032
vn -0.6877 0.0815 0.7214
vn -0.0685 0.2547 0.9646
vn -0.4076 0.6736 -0.6165
vn 0.2544 0.6255 -0.7375
vn -0.1209 0.4857 -0.8657
vn 0.2606 -0.9514 0.1640
vn -0.3696 0.9281 0.0444
vn -0.2079 0.9780 0.0194
vn 0.0801 0.9616 -0.2626
vn -0.7248 0.0857 0.6836
vn -0.5909 0.1446 0.7937
vn 0.1694 0.9839 -0.0563
vn -0.2936 0.2272 -0.9285
vn -0.9780 -0.1371 0.1575
vn 0.1484 -0.2274 0.9624
vn 0.7197 0.3711 -0.5868
vn 0.3924 0.8393 -0.3763
vn 0.7042 0.7076 -0.0575
vn 0.5211 0.5473 -0.6549
vn -0.9482 0.1163 0.2957
vn -0.6351 0.1442 0.7589
vn 0.8797 0.1180 -0.4606
vn 0.2919 -0.3967 -0.8703
vn -0.5243 0.5088 -0.6828
vn -0.5073 -0.5809 0.6365
vn 0.0441 -0.2109 -0.9765
vn 0.9895 0.1377 -0.0443
vn 0.4327 0.1863 -0.8821
vn -0.1396 0.9474 0.2880
vn 0.0826 0.3436 -0.9355
vn -0.2989 0.4496 -0.8417
vn 0.0832 0.6324 -0.7702
vn -0.6901 0.0862 0.7185
vn -0.0585 0.8992 -0.4337
vn 0.3377 -0.7184 -0.6082
vn -0.3582 0.6530 -0.6673
vn -0.5596 0.1817 -0.8086
vn -0.7776 0.5572 -0.2913
vn 0.0023 0.5889 -0.8082
vn -0.4425 0.0231 -0.8965
vn 0.2573 -0.9630 0.0797
vn 0.5994 0.7741 0.2037
vn 0.8237 -0.4084 0.3933
vn -0.1358 -0.4897 0.8612
vn -0.3251 -0.2241 -0.9187
vn 0.8965 0.4275 0.1168
vn 0.9676 0.2522 -0.0081
vn -0.1476 -0.0233 -0.9888
vn -0.3593 0.9228 -0.1388
vn 0.7609 0.3783 -0.5271
vn 0.9244 -0.2383 -0.2978
vn -0.3695 0.6249 -0.6878
vn 0.9001 0.3925 0.1889
vn -0.2847 0.1983 -0.9379
vn -0.2704 0.8083 0.5230
vn -0.9581 -0.2032 0.2020
vn -0.9376 -0.1525 0.3124
vn -0.7422 -0.2010 0.6393
vn -0.9830 -0.1750 0.0556
vn -0.2137 -0.4463 0.8690
vn -0.0154 -0.9928 0.1189
vn 0.3693 0.2282 -0.9008
vn 0.0287 -0.1341 -0.9906
vn 0.1215 -0.0047 -0.9926
vn -0.2854 0.3132 -0.9058
vn 0.7956 0.4163 -0.4402
vn -0.0257 0.9670 -0.2534
vn -0.1316 0.9371 -0.3232
vn 0.9541 0.2950 0.0518
vn -0.1603 0.5485 0.8206
vn -0.9172 -0.3582 0.1744
vn 0.8913 -0.3260 -0.3150
vn 0.5470 0.1362 -0.8259
vn 0.2116 0.1943 -0.9578
vn 0.9779 0.2018 -0.0549
vn 0.8327 0.2020 0.5156
vn -0.6907 0.6634 0.2876
vn -0.5756 0.7013 0.4205
vn 0.4655 0.2199 -0.8573
vn -0.2795 0.2520 0.9265
vn -0.3559 -0.8368 -0.4160
vn -0.2041 -0.2365 -0.9499
vn 0.4660 0.1590 -0.8704
vn 0.7782 0.3736 -0.5048
vn 0.3768 0.3068 -0.8740
vn -0.5213 0.2345 -0.8205
vn -0.0818 0.4561 -0.8862
vn -0.2013 -0.9061 -0.3722
vn 0.1246 0.3201 -0.9392
vn -0.4628 -0.4572 0.7595
vn -0.6825 0.3389 -0.6476
vn 0.6765 0.6249 -0.3897
vn -0.1223 0.5004 -0.8571
vn -0.5736 0.0565 -0.8172
vn -0.3783 0.8732 0.3072
vn -0.3254 0.5840 0.7436
vn -0.4946 0.3302 0.8040
vn -0.6784 0.1029 0.7274
vn -0.8685 0.0211 0.4953
vn 0.6553 0.6286 -0.4189
vn 0.2536 0.2978 -0.9203
vn -0.3086 0.0901 0.9469
vn -0.2659 -0.0401 0.9632
vn -0.0666 0.2439 -0.9675
vn 0.1969 0.1936 -0.9611
vn 0.8484 -0.2826 -0.4477
vn 0.5086 -0.2358 -0.8281
vn -0.4257 0.5142 -0.7446
vn 0.4567 0.2155 -0.8631
vn 0.9155 -0.0424 -0.4000
vn -0.5537 0.6304 0.5440
vn 0.9603 0.2750 0.0481
vn -0.1637 0.7431 -0.6488
vn 0.6745 0.3798 0.6331
vn -0.0333 -0.3387 0.9403
vn 0.0971 0.9853 0.1407
vn -0.4612 0.8807 -0.1080
vn -0.9085 0.3913 -0.1471
vn -0.0206 -0.7737 0.6332
vn 0.6294 0.0475 -0.7756
vn 0.3703 0.4808 0.7948
vn -0.0454 0.0225 0.9987
vn 0.0855 0.9904 -0.1086
vn -0.0513 0.8922 -0.4487
vn 0.9374 0.3150 0.1484
vn -0.3603 0.3795 -0.8522
vn -0.8508 0.2562 -0.4589
vn -0.9902 0.1320 0.0456
vn -0.8987 0.1237 0.4208
vn -0.5353 0.3599 -0.7641
vn 0.6546 -0.2951 -0.6960
vn 0.3986 -0.9109 0.1069
vn -0.0477 -0.9983 0.0349
vn -0.5109 0.0746 0.8564
vn 0.4967 0.0460 0.8667
vn 0.1520 0.9791 0.1351
vn 0.5321 -0.6674 -0.5210
vn -0.0449 0.0041 0.9990
vn 0.6224 -0.4650 0.6296
vn 0.6737 -0.1853 0.7154
vn 0.1392 0.9846 0.1061
vn 0.3234 -0.6632 -0.6750
vn 0.0905 0.9939 0.0635
vn 0.9911 0.0969 -0.0912
vn -0.1051 0.3605 -0.9268
vn 0.6131 0.6963 -0.3732
vn 0.5848 0.1131 -0.8033
vn 0.8906 0.0687 -0.4496
vn 0.2577 0.9515 0.1683
vn -0.3546 0.6151 -0.7042
vn -0.6163 0.5588 -0.5548
vn 0.8857 0.3849 0.2597
vn 0.7944 0.3550 -0.4928
vn -0.9115 -0.3041 0.2770
vn 0.3444 0.2467 -0.9058
vn -0.6698 -0.0259 0.7421
vn -0.4761 0.1052 0.8731
vn -0.7756 0.5489 -0.3118
vn -0.5294 0.5637 -0.6340
vn 0.0628 0.8479 0.5264
vn -0.5229 0.8512 -0.0449
vn -0.8273 0.5616 0.0148
vn -0.6643 0.7430 -0.0813
vn -0.7614 -0.1107 -0.6388
vn -0.7695 0.5985 0.2229
vn 0.8227 -0.1161 0.5565
vn 0.0325 -0.0756 0.9966
vn -0.3796 -0.2097 0.9011
vn -0.8685 -0.0267 -0.4950
vn 0.6067 0.4990 0.6188
vn -0.7980 0.5987 -0.0685
vn -0.9496 0.3067 0.0651
vn 0.7421 -0.0190 0.6701
vn 0.2811 0.2745 -0.9196
vn -0.3082 0.2007 -0.9299
vn -0.3994 0.0978 -0.9115
vn 0.3015 -0.7876 0.5374
vn -0.2895 0.0826 0.9536
vn -0.3076 -0.4686 0.8282
vn -0.5354 0.2181 -0.8159
vn -0.7552 0.1999 -0.6242
vn -0.7592 0.6502 0.0304
vn -0.4101 0.9075 0.0907
vn -0.9689 0.1994 -0.1466
vn -0.3169 0.1978 0.9276
vn 0.0259 0.1290 0.9913
vn -0.7362 0.0755 -0.6726
vn -0.7906 -0.1440 -0.5951
vn 0.9139 0.0967 -0.3941
vn 0.9257 0.3723 -0.0668
vn -0.8918 0.2078 -0.4020
vn -0.8227 -0.0417 -0.5670
vn -0.4117 -0.7211 -0.5572
vn -0.4504 -0.2175 -0.8659
vn -0.5744 -0.0346 -0.8178
vn 0.2849 0.1998 0.9375
vn -0.8654 0.0745 -0.4955
vn -0.4106 -0.6405 -0.6490
vn 0.8729 -0.0899 -0.4795
vn -0.0964 -0.9936 0.0594
vn 0.0606 -0.7839 -0.6179
vn -0.9588 0.2457 -0.1426
vn -0.0162 -0.9950 -0.0981
vn -0.7902 -0.4811 -0.3795
vn 0.7567 0.6536 0.0115
vn -0.1691 -0.4080 -0.8972
vn -0.8054 -0.0589 -0.5898
vn 0.1207 0.8467 -0.5182
vn -0.9029 0.2244 0.3665
vn -0.9394 -0.0032 -0.3428
vn -0.9430 0.0189 -0.3322
vn -0.9692 0.1165 0.2170
vn -0.3016 -0.9476 -0.1051
vn -0.7932 -0.4087 0.4515
vn 0.2760 0.7929 -0.5432
vn -0.3388 -0.1085 -0.9346
vn -0.9525 -0.1484 0.2658
vn -0.8383 0.0617 -0.5417
vn 0.7902 0.5372 0.2950
vn 0.0689 0.4364 -0.8971
vn 0.4097 0.7598 -0.5048
vn 0.7097 0.5443 -0.4473
vn -0.1569 -0.7631 -0.6269
vn -0.5630 0.4436 -0.6973
vn -0.6888 0.2337 -0.6862
vn -0.3251 0.4305 0.8420
vn -0.5560 0.3322 0.7620
vn 0.4695 0.3497 0.8107
vn 0.2473 -0.9588 0.1400
vn -0.5748 0.7029 0.4191
vn -0.7871 0.1772 -0.5908
vn -0.9406 -0.0870 -0.3283
vn -0.9519 0.2390 -0.1918
vn -0.9543 0.2875 -0.0814
vn -0.6701 0.3407 0.6594
vn -0.9855 0.1084 0.1308
vn -0.1920 -0.9810 0.0271
vn 0.6608 -0.6226 -0.4192
vn 0.2063 -0.9713 0.1183
vn -0.2375 0.3656 0.8999
vn -0.8810 0.4580 -0.1183
vn 0.7866 -0.5416 -0.2965
vn 0.8421 -0.5394 -0.0009
vn -0.6844 0.3184 -0.6559
vn 0.2351 -0.2655 0.9350
vn 0.0414 0.7985 0.6006
vn 0.7628 0.3274 0.5576
vn 0.0645 -0.9670 0.2465
vn -0.0507 -0.7290 0.6827
vn -0.9775 -0.0808 -0.1947
vn -0.5669 0.0714 -0.8207
vn -0.0220 -0.6798 0.7331
vn -0.9646 0.1878 -0.1853
vn -0.2895 -0.4401 0.8500
vn 0.7216 0.6914 -0.0356
vn -0.8317 0.0638 -0.5516
vn -0.9605 0.0103 -0.2782
vn -0.1860 0.6458 -0.7405
vn -0.0070 0.3575 -0.9339
vn -0.1828 0.9163 -0.3564
vn -0.7914 -0.0633 -0.6080
vn 0.0308 -0.9330 -0.3585
vn -0.6742 0.7239 0.1464
vn -0.6924 -0.0174 -0.7213
vn 0.5082 0.1609 0.8461
vn 0.9384 0.3440 -0.0319
vn 0.0109 0.9390 0.3437
vn 0.6657 0.7009 -0.2560
vn -0.8976 0.3322 0.2899
vn -0.6093 -0.7501 0.2570
vn 0.1683 0.9624 0.2134
vn 0.2593 0.9397 0.2230
vn 0.0220 0.8513 0.5242
vn -0.9271 0.0278 -0.3737
vn -0.9806 0.0525 -0.1890
vn -0.6978 0.3150 0.6433
vn -0.5810 0.0708 0.8108
vn 0.7302 0.2080 -0.6508
vn -0.0023 0.9303 -0.3669
vn -0.1443 0.9862 0.0817
vn 0.9950 -0.0931 -0.0350
vn 1.0000 -0.0007 0.0048
vn 0.1580 0.1412 -0.9773
vn 0.9149 0.2280 0.3330
vn -0.6738 0.3661 0.6419
vn -0.7877 0.4100 0.4598
vn -0.1347 -0.0120 0.9908
vn -0.6351 -0.2278 -0.7380
vn 0.1163 0.8630 0.4917
vn -0.5471 0.5746 -0.6086
vn -0.9842 0.1618 -0.0715
vn -0.6424 0.6203 0.4501
vn -0.9630 0.1201 0.2412
vn -0.8645 0.0212 0.5022
vn 0.0725 -0.4863 0.8708
vn -0.8217 0.3077 0.4798
vn -0.9679 -0.0037 -0.2512
vn -0.8010 0.5770 -0.1597
vn 0.0869 0.9254 0.3690
vn -0.9863 0.1339 0.0963
vn -0.9102 -0.3044 -0.2807
vn 0.1001 0.1466 -0.9841
vn -0.5533 -0.0743 0.8296
vn -0.2468 -0.7166 0.6523
vn 0.6402 -0.1585 0.7517
vn -0.3498 0.4905 -0.7982
vn 0.6204 -0.2272 0.7507
vn 0.6303 -0.2349 0.7399
vn -0.6883 -0.0648 0.7225
vn 0.2841 -0.3525 -0.8917
vn 0.6180 -0.3045 0.7248
vn 0.1092 0.8212 -0.5602
vn 0.3705 0.5343 -0.7597
vn 0.2817 0.9595 -0.0089
vn -0.4980 -0.0119 -0.8671
vn 0.6239 -0.2015 0.7551
vn 0.6341 -0.2096 0.7443
vn -0.4100 0.8842 -0.2237
vn -0.7989 0.5783 0.1655
vn 0.6078 -0.2979 0.7361
vn -0.8571 0.3827 -0.3449
vn -0.9948 0.0684 0.0752
vn -0.3447 0.9308 0.1215
vn -0.1323 0.0968 0.9865
vn 0.9116 0.3618 0.1953
vn -0.1238 0.2798 -0.9520
vn 0.2560 -0.8472 0.4655
vn -0.9763 -0.2152 -0.0227
vn -0.4700 0.0243 0.8824
vn -0.4285 0.1540 0.8903
vn -0.9529 -0.2631 -0.1507
vn 0.7333 -0.5348 -0.4198
vn -0.5797 -0.4761 0.6612
vn -0.8609 -0.5083 -0.0204
vn -0.7922 0.0438 0.6087
vn -0.5810 -0.1418 -0.8015
vn -0.9039 0.0072 -0.4277
vn -0.9640 -0.1638 0.2095
vn -0.9864 0.0874 -0.1395
vn 0.8366 0.5066 -0.2082
vn 0.4625 0.8317 -0.3072
vn 0.6454 -0.5968 -0.4768
vn 0.8401 -0.1574 0.5191
vn 0.4952 -0.5566 -0.6671
vn -0.5604 0.8209 0.1097
vn -0.4817 -0.2503 -0.8398
vn -0.7685 0.6321 0.0996
vn 0.8302 -0.0016 -0.5575
vn 0.6297 -0.1506 0.7621
vn 0.8931 -0.0258 -0.4490
vn 0.8658 0.0173 0.5000
vn -0.4653 0.8030 -0.3724
vn 0.6122 -0.1782 0.7704
vn -0.2051 0.0122 -0.9787
vn 0.5406 -0.0416 -0.8402
vn -0.1877 0.6969 -0.6922
vn -0.3781 -0.1598 -0.9119
vn 0.4194 -0.8915 -0.1712
vn 0.4806 0.8769 0.0116
vn 0.6771 0.7317 -0.0780
vn -0.1112 0.1638 -0.9802
vn -0.9266 0.1903 -0.3244
vn -0.2747 0.9016 -0.3342
vn -0.0944 0.9322 -0.3494
vn -0.0150 0.9552 0.2956
vn -0.5297 -0.1756 -0.8298
vn 0.1906 0.1782 0.9654
vn -0.5794 -0.2981 -0.7586
vn 0.4194 0.9071 -0.0355
vn -0.4379 0.0312 -0.8985
vn 0.6392 -0.6008 0.4800
vn -0.4530 0.8332 -0.3173
vn -0.6230 0.2907 0.7262
vn 0.6221 -0.3342 -0.7080
vn 0.7359 -0.6703 0.0961
vn -0.0613 -0.0074 0.9981
vn 0.5110 0.8197 -0.2586
vn -0.1294 -0.2871 -0.9491
vn 0.5824 0.3268 -0.7444
vn 0.2052 -0.7357 0.6455
vn -0.3252 0.9251 0.1959
vn -0.8235 -0.2154 -0.5249
vn 0.5295 0.8244 -0.1999
vn -0.2802 -0.7723 -0.5702
vn -0.4065 -0.7830 -0.4708
vn 0.8836 -0.0100 0.4681
vn 0.3800 -0.8347 0.3985
vn 0.8102 -0.4931 -0.3169
vn -0.5749 -0.0592 0.8161
vn -0.4468 0.3592 0.8194
vn -0.7907 0.0558 -0.6096
vn 0.2848 0.1781 -0.9419
vn 0.3554 0.1790 -0.9174
vn -0.3589 0.7193 -0.5948
vn 0.8522 0.1729 0.4939
vn -0.3834 -0.7599 -0.5250
vn -0.8148 -0.5012 -0.2913
vn -0.0889 -0.5817 -0.8085
vn -0.4256 -0.8128 -0.3977
vn 0.0308 -0.2147 -0.9762
vn 0.3920 -0.0100 0.9199
vn -0.9350 0.0131 -0.3544
vn 0.8891 -0.4456 0.1050
vn -0.0471 0.1718 -0.9840
vn 0.2166 -0.7961 -0.5651
vn -0.3803 -0.8915 0.2462
vn -0.7595 0.5547 0.3399
vn -0.9368 0.0173 -0.3494
vn 0.0639 0.9491 0.3085
vn -0.5426 -0.6697 -0.5070
vn -0.7844 -0.5606 -0.2655
vn -0.1156 -0.9626 -0.2450
vn -0.9719 0.1214 -0.2018
vn -0.5017 -0.0124 0.8649
vn -0.6612 0.6680 -0.3416
vn 0.9732 -0.1803 -0.1428
vn 0.8789 0.4418 -0.1801
vn -0.1842 -0.1121 0.9765
vn -0.0818 0.0876 -0.9928
vn -0.9261 0.1973 0.3217
vn -0.5366 -0.7289 -0.4252
vn -0.6102 -0.7658 -0.2030
vn -0.3789 -0.9211 0.0895
vn -0.6945 -0.7194 0.0098
vn -0.9387 -0.1110 0.3264
vn -0.9881 -0.0303 0.1510
vn -0.0649 -0.0107 -0.9978
vn 0.8586 0.5066 0.0779
vn -0.4078 -0.8916 -0.1970
vn -0.7806 0.0656 0.6215
vn -0.6359 -0.3729 -0.6757
vn -0.8705 0.4091 0.2735
vn 0.6637 0.6824 -0.3064
vn 0.4868 0.6968 -0.5268
vn -0.6270 -0.5072 -0.5912
vn 0.0825 0.7011 -0.7083
vn -0.4923 -0.8659 0.0882
vn 0.9131 -0.4068 0.0262
vn 0.7582 0.5893 -0.2791
vn -0.8921 0.4465 -0.0693
vn -0.5858 -0.5637 0.5823
vn 0.2002 0.9719 -0.1237
vn -0.4240 0.1375 -0.8952
vn -0.4201 0.5009 0.7567
vn -0.9493 0.0788 -0.3042
vn 0.2154 0.8197 0.5308
vn -0.4026 -0.1819 0.8971
vn -0.4031 -0.0276 0.9147
vn -0.5035 0.7062 -0.4977
vn 0.0365 -0.7077 -0.7056
vn -0.5236 0.8213 -0.2267
vn 0.2279 0.9486 0.2195
vn -0.7593 0.5202 -0.3910
vn 0.4267 -0.0144 -0.9043
vn -0.6513 0.7161 0.2509
vn -0.4844 -0.3190 0.8146
vn -0.9562 0.2424 -0.1642
vn 0.5274 0.7782 -0.3409
vn -0.9998 -0.0017 -0.0197
vn -0.6781 -0.7170 -0.1619
vn 0.4724 0.2228 -0.8528
vn 0.1542 0.8010 -0.5785
vn 0.5389 0.3332 -0.7737
vn -0.8290 0.5365 -0.1580
vn 0.7830 0.2770 0.5570
vn 0.1682 0.9416 -0.2917
vn -0.4658 0.8849 0.0020
vn 0.6477 0.6908 -0.3212
vn -0.1162 -0.1259 -0.9852
vn -0.1315 -0.9311 -0.3404
vn 0.0349 0.9991 0.0228
vn 0.3278 0.3115 0.8919
vn 0.6816 0.2520 0.6869
vn 0.7325 0.1523 0.6635
vn 0.8508 0.2316 0.4716
vn 0.6115 0.5295 -0.5880
vn -0.0548 0.7384 0.6721
vn 0.3091 0.7387 -0.5990
vn -0.9628 0.2687 -0.0291
vn 0.8675 0.4360 -0.2395
vn 0.9562 0.2796 -0.0867
vn 0.7954 0.4585 -0.3964
vn 0.6692 0.4034 -0.6241
vn 0.4564 0.0425 -0.8888
vn -0.7612 -0.4174 -0.4963
vn 0.2650 -0.2043 -0.9424
vn -0.6814 -0.2197 0.6982
vn 0.6469 0.4826 -0.5905
vn 0.3352 0.4089 -0.8488
vn 0.2825 -0.2135 0.9352
vn -0.3309 -0.3956 -0.8568
vn -0.0987 0.0107 -0.9951
vn 0.1489 0.3407 -0.9283
vn 0.5639 0.3648 -0.7409
vn 0.4537 0.2803 -0.8459
vn 0.5337 0.0818 -0.8417
vn -0.1594 0.9786 0.1298
vn 0.4188 0.1137 -0.9009
vn 0.5937 -0.6453 -0.4807
vn -0.2065 -0.9695 0.1319
vn -0.8163 0.2189 0.5345
vn 0.6484 -0.0996 -0.7548
vn 0.5394 0.1818 -0.8222
vn -0.3015 0.5092 -0.8061
vn -0.9548 0.1494 -0.2569
vn 0.1473 -0.6046 -0.7828
vn -0.6238 0.2700 -0.7334
vn 0.6254 0.3095 0.7163
vn 0.6753 0.4035 0.6174
vn -0.7810 0.2501 -0.5723
vn -0.6520 0.7439 -0.1467
vn -0.9934 0.1100 -0.0321
vn 0.9630 -0.1170 -0.2429
vn -0.4127 0.9047 0.1058
vn -0.1591 0.9555 0.2484
vn -0.7669 -0.4024 -0.5000
vn -0.2473 -0.4765 -0.8437
vn -0.5475 -0.8345 0.0621
vn -0.2674 -0.1898 0.9447
vn 0.6343 -0.1499 -0.7584
vn -0.7279 0.2374 0.6433
vn 0.6285 0.6137 0.4778
vn -0.8035 -0.1283 -0.5813
vn 0.0524 0.1461 -0.9879
vn 0.9540 0.2056 -0.2181
vn 0.9617 0.1403 -0.2353
vn 0.7152 -0.5835 -0.3847
vn 0.3077 -0.3092 0.8998
vn 0.7009 -0.5200 0.4882
vn -0.1251 0.9886 -0.0839
vn -0.8528 0.1156 0.5093
vn -0.1194 -0.0154 0.9927
vn 0.1660 0.4667 -0.8687
vn 0.4088 0.8941 -0.1827
vn 0.3737 0.8932 -0.2503
vn 0.3973 0.0145 -0.9176
vn -0.1223 -0.4236 -0.8976
vn 0.7492 0.6437 -0.1560
vn -0.4219 0.4823 0.7677
vn 0.7488 0.1705 -0.6404
vn 0.8253 -0.4138 -0.3842
vn 0.9286 0.0408 -0.3689
vn 0.5167 0.4995 0.6954
vn 0.6407 0.6248 0.4462
vn -0.9117 -0.3238 0.2528
vn -0.7807 0.3674 0.5055
vn -0.5814 -0.1521 0.7992
vn 0.9179 0.2935 0.2671
vn 0.3452 0.7102 -0.6135
vn 0.8347 -0.1391 -0.5329
vn 0.4726 0.1775 -0.8632
vn 0.4496 0.2871 -0.8458
vn -0.4712 0.4542 -0.7561
vn -0.6054 0.7881 0.1109
vn 0.9368 0.3041 0.1727
vn -0.1660 0.2622 0.9506
vn 0.9375 0.3202 -0.1361
vn -0.7741 0.6187 0.1342
vn 0.5336 0.7900 0.3020
vn 0.4075 0.7754 0.4824
vn -0.2884 0.7260 0.6243
vn -0.6123 -0.6910 0.3843
vn 0.6803 0.3651 -0.6355
vn -0.2686 0.5938 0.7584
vn 0.6504 0.3806 0.6574
vn 0.3444 0.3280 -0.8796
vn -0.0448 0.9912 -0.1244
vn 0.5100 0.1813 -0.8409
vn 0.0402 0.9856 -0.1641
vn 0.8055 0.5840 0.1009
vn -0.2705 0.0729 0.9599
vn -0.4655 -0.2175 0.8579
vn 0.2275 0.9585 0.1721
vn -0.5832 0.4044 0.7045
vn -0.7378 0.3270 0.5905
vn -0.4695 -0.8392 0.2745
vn -0.4762 0.1719 0.8624
vn -0.2443 -0.9534 0.1771
vn -0.3572 -0.1433 0.9230
vn 0.2500 0.8718 -0.4212
vn 0.2155 0.2117 -0.9533
vn -0.3227 -0.0522 0.9451
vn -0.0304 -0.1349 -0.9904
vn -0.9660 0.0033 -0.2584
vn -0.6810 0.3381 0.6496
vn -0.6689 -0.7433 0.0028
vn -0.9785 0.1655 -0.1228
vn -0.9601 0.1605 -0.2290
vn -0.5421 0.2189 0.8113
vn 0.7645 0.5922 -0.2545
vn -0.4973 -0.2203 -0.8392
vn -0.9409 0.0569 -0.3338
vn -0.2576 0.2113 0.9429
vn 0.2361 -0.0000 -0.9717
vn -0.3448 -0.0093 0.9386
vn -0.5685 -0.5572 -0.6053
vn -0.2824 0.1598 -0.9459
vn 0.9106 -0.4122 -0.0295
vn 0.7482 -0.6622 0.0420
vn 0.9901 -0.1390 -0.0217
vn 0.6727 -0.5826 -0.4561
vn 0.8172 0.4575 0.3504
vn 0.0413 -0.1622 -0.9859
vn 0.1695 -0.9806 -0.0984
vn 0.6556 0.7392 0.1541
vn -0.2182 -0.5263 -0.8219
vn -0.6765 0.1846 0.7129
vn 0.0344 -0.5132 0.8576
vn -0.9922 0.0677 -0.1049
vn 0.9887 0.1191 0.0913
vn -0.2271 0.2287 0.9466
vn 0.9588 0.2363 0.1579
vn -0.3150 0.8224 0.4738
vn 0.5105 0.8580 0.0565
vn 0.8986 0.1834 0.3986
vn -0.6273 -0.7659 -0.1414
vn -0.6352 0.6769 0.3719
vn 0.4803 0.4832 0.7320
vn -0.2032 0.4138 0.8874
vn 0.1627 0.8946 0.4162
vn -0.8860 -0.4110 -0.2146
vn 0.0536 0.2932 -0.9545
vn 0.9955 -0.0520 0.0793
vn -0.1618 0.3687 0.9154
vn -0.5538 -0.8323 -0.0253
vn -0.9860 0.1609 0.0445
vn -0.6529 0.3410 0.6764
vn -0.6578 -0.0412 -0.7520
vn 0.5400 0.4328 0.7219
vn -0.5349 -0.7820 -0.3200
vn -0.4768 -0.0770 0.8756
vn -0.7321 -0.6517 -0.1983
vn -0.7393 -0.3004 -0.6026
vn -0.7440 -0.6049 0.2836
vn -0.4000 -0.4146 0.8174
vn -0.3616 -0.0006 0.9324
vn -0.4747 -0.7937 0.3804
vn -0.5370 -0.5463 -0.6428
vn 0.9885 -0.1511 0.0039
vn -0.1547 0.9784 -0.1369
vn 0.3073 -0.2899 -0.9064
vn 0.4397 0.6481 0.6218
vn 0.5289 0.6098 0.5903
vn 0.7041 0.5222 0.4812
vn -0.2583 -0.9394 -0.2252
vn -0.7233 -0.6236 -0.2966
vn 0.5366 0.2002 0.8198
vn 0.6832 0.6858 0.2508
vn 0.3720 -0.5972 -0.7106
vn 0.1471 0.1404 -0.9791
vn 0.5941 -0.1081 -0.7971
vn 0.1281 0.9166 0.3789
vn -0.3354 0.0578 0.9403
vn 0.9174 0.1555 0.3664
vn 0.6440 0.7533 0.1332
vn 0.4047 0.8591 0.3134
vn -0.5443 0.8086 0.2233
vn 0.8809 0.2463 0.4043
vn 0.6478 0.5905 0.4814
vn 0.8426 0.2483 0.4778
vn -0.2066 0.2768 -0.9385
vn -0.0469 -0.6004 -0.7983
vn -0.1536 -0.9864 0.0585
vn 0.8878 -0.3380 0.3124
vn 0.0539 -0.9914 0.1188
vn -0.3486 0.3056 0.8861
vn 0.8535 0.4960 0.1598
vn 0.3131 -0.3573 -0.8800
vn 0.7150 0.5751 0.3976
vn -0.5919 -0.7398 -0.3199
vn -0.4811 0.0017 0.8766
vn 0.1623 0.7299 0.6640
vn 0.3677 -0.9282 0.0564
vn -0.2707 0.8881 0.3714
vn 0.5321 -0.4103 -0.7406
vn -0.2914 -0.2471 0.9241
vn -0.2401 0.8019 -0.5471
vn 0.4495 0.4183 0.7893
vn 0.1287 0.4041 0.9056
vn -0.2898 -0.0720 0.9544
vn -0.3150 0.9020 0.2952
vn 0.5443 -0.5116 0.6648
vn 0.9445 -0.1690 0.2816
vn -0.2190 0.7367 0.6398
vn -0.4423 0.1750 0.8796
vn 0.3451 -0.5511 -0.7598
vn -0.1932 0.9310 0.3097
vn 0.5549 -0.4394 0.7064
vn 0.5204 -0.4825 0.7046
vn 0.0385 0.6049 0.7953
vn -0.9789 -0.1282 0.1592
vn 0.3016 -0.9495 -0.0868
vn -0.6987 0.6851 0.2063
vn -0.1979 0.8664 -0.4584
vn 0.7825 -0.0661 0.6191
vn 0.9358 0.2718 -0.2247
vn -0.9414 0.2719 0.1993
vn -0.9182 0.2317 0.3212
vn -0.9323 0.3579 0.0523
vn 0.3341 -0.8299 -0.4469
vn 0.0250 0.9811 0.1919
vn 0.3314 0.7862 0.5215
vn 0.2140 0.9099 0.3553
vn -0.2591 0.9387 0.2274
vn 0.0084 0.9746 0.2240
vn 0.6406 -0.0914 0.7624
vn 0.8921 -0.2084 0.4008
vn -0.1279 0.9770 0.1707
vn 0.1976 0.8516 0.4855
vn -0.5831 0.4252 0.6922
vn -0.0741 0.9313 -0.3567
vn -0.5287 0.3055 0.7919
vn 0.3395 -0.1873 0.9218
vn -0.2651 0.6478 0.7142
vn -0.7071 0.4512 0.5444
vn -0.1691 -0.3048 0.9373
vn 0.8583 -0.2548 -0.4455
vn 0.8126 0.3500 -0.4660
vn 0.3037 0.8081 0.5048
vn 0.4438 0.6216 0.6455
vn 0.3441 0.6821 0.6452
vn 0.8908 -0.3458 0.2948
vn 0.8908 -0.3063 0.3356
vn 0.2927 -0.6880 0.6640
vn 0.1216 -0.4233 0.8978
vn 0.5272 -0.6064 -0.5952
vn 0.9548 0.1024 -0.2792
vn 0.8777 0.3086 -0.3665
vn -0.0575 -0.9943 -0.0899
vn -0.2769 0.9575 -0.0803
vn -0.1482 0.9826 0.1119
vn -0.9155 0.0506 0.3990
vn 0.4583 -0.7749 0.4352
vn 0.9750 -0.1684 0.1453
vn -0.1336 -0.4726 0.8711
vn 0.1705 -0.9848 -0.0320
vn 0.9413 0.1589 0.2978
vn 0.7732 0.2233 -0.5936
vn -0.3543 0.9314 -0.0834
vn -0.5535 -0.7516 -0.3587
vn -0.2104 -0.8963 -0.3903
vn 0.1869 0.7294 0.6580
vn 0.9255 -0.1227 0.3583
vn 0.4461 -0.2057 0.8710
vn 0.6152 -0.0242 0.7880
vn -0.3009 -0.8220 0.4836
vn -0.4716 0.8796 -0.0623
vn 0.9422 0.3209 0.0961
vn 0.9294 0.1212 0.3487
vn -0.4120 0.6464 0.6422
vn -0.7268 -0.1710 -0.6652
vn -0.8039 0.3897 0.4493
vn 0.3430 -0.2059 -0.9165
vn -0.2033 0.9047 0.3743
vn -0.9592 0.2741 -0.0692
vn -0.0826 0.9830 -0.1637
vn 0.8894 0.4533 -0.0584
vn 0.9181 0.3694 -0.1439
vn 0.1257 0.5545 0.8226
vn 0.9834 -0.1395 -0.1163
vn -0.3468 0.8251 0.4461
vn 0.8430 0.3351 0.4207
vn 0.7243 0.2257 0.6515
vn 0.8502 0.4711 0.2352
vn -0.5008 0.8655 -0.0125
vn 0.8897 0.4227 0.1725
vn -0.4789 0.4851 0.7317
vn -0.9683 0.2248 0.1086
vn -0.3771 -0.6677 0.6418
vn -0.4909 -0.6719 0.5546
vn 0.8094 0.3453 0.4750
vn -0.3183 0.9249 0.2079
vn -0.9512 0.1386 0.2758
vn -0.1746 0.5937 -0.7855
vn -0.8778 0.4398 0.1900
vn 0.5914 0.4602 -0.6622
vn 0.9223 0.1594 -0.3521
vn 0.9835 -0.1705 0.0614
vn -0.1963 -0.4518 -0.8702
vn -0.2282 0.0767 0.9706
vn -0.3493 -0.7609 -0.5468
vn -0.2282 0.8152 0.5323
vn 0.4141 0.3989 -0.8182
vn 0.9585 0.2655 0.1038
vn 0.5893 0.2816 0.7572
vn 0.9030 0.1332 0.4085
vn -0.8906 0.4457 -0.0905
vn 0.3419 0.5963 0.7263
vn -0.6011 0.4590 0.6542
vn -0.5899 -0.7093 -0.3859
vn -0.0554 -0.8390 -0.5414
vn -0.5187 -0.5622 0.6442
vn -0.2503 -0.6445 0.7225
vn 0.9612 0.2412 0.1338
vn -0.2651 0.7257 0.6349
vn 0.8131 -0.3082 0.4939
vn 0.6546 0.5410 0.5281
vn 0.5493 0.4335 -0.7144
vn -0.1101 0.9896 -0.0928
vn -0.0826 0.9933 -0.0810
vn 0.2388 0.7408 0.6278
vn 0.0412 0.9238 0.3806
vn 0.7998 0.3415 0.4936
vn 0.8956 0.3981 -0.1986
vn 0.2329 0.5087 0.8288
vn 0.9135 0.4049 0.0401
vn 0.9695 0.2428 0.0332
vn 0.5624 0.5409 -0.6254
vn -0.0179 -0.2490 -0.9683
vn 0.9401 -0.0468 0.3376
vn 0.5667 0.1662 0.8070
vn 0.9742 0.2130 -0.0741
vn 0.9281 0.2405 -0.2843
vn 0.8990 0.2174 0.3802
vn -0.2517 0.8189 0.5157
vn 0.9689 0.2132 0.1254
vn -0.4401 -0.8666 -0.2352
vn 0.5348 0.6670 -0.5188
vn -0.6018 0.6524 0.4608
vn 0.0011 0.6733 -0.7394
vn 0.9043 0.3929 0.1671
vn 0.7765 -0.3864 -0.4977
vn 0.1153 0.3254 -0.9385
vn 0.3728 0.0029 0.9279
vn 0.9449 0.3226 -0.0551
vn 0.7313 0.6820 -0.0107
vn -0.1038 -0.2840 0.9532
vn -0.0829 0.7380 -0.6697
vn 0.9548 -0.2672 0.1301
vn 0.9945 -0.0363 -0.0978
vn -0.6103 0.5271 -0.5914
vn 0.4963 0.6967 0.5180
vn 0.9505 -0.3093 -0.0289
vn 0.4017 -0.9081 -0.1184
vn -0.7431 -0.6427 0.1864
vn 0.9350 0.0997 -0.3404
vn 0.2120 -0.0859 0.9735
vn -0.4934 -0.3495 0.7965
vn -0.3137 0.1957 0.9291
vn 0.9818 -0.1759 0.0718
vn 0.2820 -0.8901 0.3581
vn -0.9731 0.0844 -0.2145
vn -0.2388 -0.9557 0.1722
vn -0.8813 -0.3162 0.3512
vn -0.9969 0.0781 0.0082
vn 0.4055 -0.6514 -0.6413
vn 0.1971 -0.4063 0.8922
vn 0.2998 0.6532 0.6953
vn 0.6696 -0.4682 0.5766
vn 0.8119 0.5507 0.1940
vn 0.5902 -0.8038 0.0741
vn -0.9858 0.0487 -0.1606
vn 0.7525 0.0352 0.6576
vn -0.4131 -0.4415 0.7965
vn -0.1367 -0.8919 0.4311
vn 0.8033 -0.3127 0.5068
vn 0.9722 -0.1887 -0.1388
vn 0.4368 0.3748 -0.8177
vn 0.6319 -0.1435 -0.7616
vn 0.5407 -0.8034 0.2493
vn 0.2769 0.6213 0.7330
vn 0.1975 0.6924 0.6939
vn 0.4510 0.2078 0.8680
vn 0.1819 0.7951 0.5786
vn -0.5572 0.7061 0.4369
vn 0.3862 0.1852 0.9036
vn 0.9352 0.2753 -0.2226
vn 0.8945 0.1476 0.4221
vn 0.7402 0.4248 -0.5212
vn 0.0425 0.4917 0.8697
vn 0.4666 0.3361 0.8181
vn 0.9895 -0.0428 0.1378
vn 0.8453 0.5340 -0.0183
vn -0.2944 0.9495 0.1084
vn -0.2011 0.8855 0.4189
vn 0.3812 -0.8849 0.2677
vn 0.3208 -0.2301 -0.9188
vn 0.0302 0.6261 0.7792
vn 0.7490 0.6465 -0.1452
vn 0.8647 -0.4794 0.1498
vn 0.9025 0.0693 0.4251
vn 0.7208 0.1006 0.6858
vn 0.9957 0.0927 0.0046
vn 0.9749 0.2214 0.0242
vn -0.9626 0.1412 -0.2312
vn -0.8192 0.2109 0.5334
vn -0.9794 0.1844 -0.0817
vn 0.9183 0.3885 -0.0760
vn 0.2745 0.6581 0.7011
vn 0.6012 0.5795 -0.5502
vn 0.7707 0.2738 0.5754
vn 0.8910 0.2181 0.3981
vn -0.9877 -0.0556 0.1464
vn -0.4788 -0.6059 0.6353
vn -0.7961 0.0831 0.5994
vn 0.6985 -0.3655 0.6153
vn 0.1560 0.1729 0.9725
vn -0.5495 0.7520 0.3640
vn -0.3960 0.5703 0.7197
vn 0.5448 0.1481 0.8254
vn -0.2429 0.3641 0.8991
vn -0.6091 0.7854 -0.1102
vn -0.7650 0.1661 0.6222
vn -0.4556 0.7923 -0.4059
vn -0.2174 0.9175 -0.3332
vn 0.7282 0.6824 -0.0639
vn 0.6181 0.3711 0.6929
vn -0.9148 -0.0441 0.4016
vn -0.8588 0.2774 0.4306
vn -0.9609 0.0489 0.2725
vn -0.9330 -0.0225 0.3592
vn -0.7586 -0.2816 0.5876
vn -0.6474 0.1251 -0.7518
vn 0.2772 0.5905 0.7580
vn -0.3959 0.8175 0.4182
vn 0.9326 0.2967 -0.2056
vn 0.7559 0.1132 -0.6448
vn 0.3744 -0.6710 -0.6400
vn -0.9570 0.1361 0.2562
vn -0.0700 0.4111 0.9089
vn 0.1383 0.5771 0.8049
vn 0.9942 -0.0580 -0.0910
vn 0.9869 0.1537 -0.0500
vn -0.9711 -0.1394 0.1935
vn -0.6666 0.7137 -0.2152
vn 0.4766 -0.3639 -0.8003
vn -0.7139 0.0231 -0.6998
vn 0.3171 -0.8891 -0.3299
vn -0.1901 0.9276 0.3217
vn 0.2737 -0.9599 0.0609
vn -0.9909 -0.0745 -0.1119
vn 0.3788 0.8985 0.2221
vn -0.8168 -0.0888 0.5700
vn 0.9781 -0.0833 0.1907
vn -0.3506 0.9186 0.1825
vn 0.2457 -0.2574 0.9346
vn -0.1650 0.8476 -0.5043
vn -0.3679 0.7943 0.4834
vn -0.2933 -0.3767 0.8787
vn -0.7162 -0.0908 -0.6920
vn -0.5270 -0.5808 -0.6204
vn 0.4136 0.8448 -0.3393
vn -0.3359 -0.6342 0.6964
vn -0.2861 0.7906 0.5413
vn 0.7815 -0.3649 0.5061
vn -0.3005 0.8305 0.4690
vn -0.6377 0.6457 0.4201
vn 0.1473 0.9885 0.0334
vn -0.3600 0.9016 0.2398
vn -0.2288 -0.9536 -0.1956
vn -0.3155 0.6360 0.7042
vn -0.7694 -0.1443 -0.6222
vn -0.0934 -0.1682 -0.9813
vn -0.4671 -0.8468 0.2545
vn 0.6618 0.7480 -0.0502
vn -0.4494 0.5085 0.7345
vn -0.5224 0.7341 -0.4338
vn 0.7539 0.6563 0.0303
vn -0.2526 0.7344 -0.6299
vn 0.2798 -0.9124 0.2987
vn -0.7208 -0.6287 0.2919
vn 0.6154 0.7667 0.1830
vn -0.1793 -0.9159 0.3591
vn -0.5976 -0.8018 0.0068
vn 0.5718 -0.3969 0.7179
vn -0.9418 -0.1816 -0.2829
vn 0.4022 -0.5613 0.7233
vn 0.4980 -0.4921 0.7140
vn -0.6507 -0.1669 0.7408
vn -0.0938 -0.2950 0.9509
vn -0.2721 0.3986 0.8758
vn -0.1187 0.5365 0.8355
vn 0.4377 0.5606 0.7029
vn -0.2323 -0.0365 0.9720
vn 0.4461 0.4889 -0.7497
vn -0.7898 0.6134 -0.0043
vn 0.2259 -0.4118 0.8828
vn 0.8241 0.5109 -0.2448
vn -0.2000 0.4384 -0.8762
vn -0.4074 -0.3420 0.8468
vn 0.8575 -0.0590 -0.5110
vn 0.8568 -0.0579 -0.5124
vn -0.1058 -0.1185 0.9873
vn 0.9153 0.1893 -0.3556
vn -0.7697 0.6382 0.0158
vn -0.1472 0.8893 0.4330
vn -0.7040 -0.1730 -0.6888
vn -0.8542 0.0442 -0.5181
vn -0.8190 0.2364 0.5228
vn -0.4150 -0.5605 0.7167
vn 0.8548 -0.0481 -0.5167
vn 0.1845 0.5753 -0.7969
vn -0.0966 -0.0880 0.9914
vn -0.1899 -0.5147 0.8361
vn -0.5084 0.3985 0.7634
vn 0.8716 0.4667 0.1497
vn 0.5480 0.3980 -0.7357
vn 0.5583 0.3898 -0.7324
vn 0.6816 -0.7020 0.2067
vn -0.0700 0.8036 0.5910
vn 0.8512 -0.0447 -0.5230
vn -0.9368 0.3138 0.1548
vn 0.6748 -0.7065 0.2134
vn 0.3326 -0.3202 0.8870
vn -0.5135 -0.0994 0.8523
vn -0.0752 -0.0417 -0.9963
vn -0.8262 -0.1949 0.5287
vn -0.3947 -0.6564 0.6430
vn 0.9071 -0.2560 -0.3341
vn -0.4481 0.0311 0.8934
vn -0.4378 0.8578 0.2694
vn -0.2362 -0.4916 0.8382
vn -0.5113 -0.6853 -0.5185
vn -0.9001 -0.4296 0.0731
vn -0.1050 -0.6696 -0.7353
vn 0.9037 -0.1236 0.4099
vn 0.7259 -0.6791 -0.1094
vn -0.0681 -0.9165 0.3943
vn -0.5136 0.6542 0.5552
vn 0.5519 0.0007 0.8339
vn -0.4472 -0.5487 0.7064
vn 0.5068 -0.6279 0.5907
vn 0.6961 -0.7168 0.0398
vn -0.4489 0.3974 0.8004
vn -0.2335 -0.5732 -0.7855
vn -0.6552 0.4646 0.5957
vn -0.5677 -0.6694 0.4792
vn -0.3179 -0.2908 -0.9024
vn 0.5023 0.0508 -0.8632
vn 0.1582 -0.9105 0.3820
vn 0.8689 0.0243 0.4945
vn 0.0344 0.2454 0.9688
vn 0.7407 0.0197 0.6715
vn -0.8848 0.3125 0.3455
vn -0.8026 0.1309 0.5820
vn -0.7838 -0.5433 -0.3009
vn -0.6843 0.0783 0.7250
vn -0.8872 0.2551 0.3845
vn -0.8759 -0.2674 0.4017
vn -0.7833 0.5969 0.1738
vn -0.7266 0.2664 0.6333
vn -0.9038 -0.4239 -0.0591
vn -0.0192 0.9559 0.2929
vn 0.1621 -0.4584 0.8738
vn 0.8275 -0.0520 0.5591
vn 0.4563 -0.7909 0.4077
vn 0.1457 -0.7198 -0.6787
vn 0.9672 0.0588 -0.2470
vn 0.6334 0.1174 0.7649
vn 0.9780 -0.0515 0.2020
s 1
usemtl color_11909273
f 11//1 13//2 5//3
f 441//4 15//5 1//6
f 14//7 1619//8 29//9
f 1767//10 33//11 17//12
f 11//1 18//13 13//2
f 19//14 1598//15 1601//16
f 20//17 11//1 5//3
f 5//3 726//18 20//17
f 383//19 19//14 27//20
f 799//21 24//22 20//17
f 25//23 1634//24 9//25
f 9//25 23//26 25//23
f 1761//27 27//20 19//14
f 3//28 40//29 45//30
f 45//30 28//31 3//28
f 38//32 11//1 26//33
f 11//1 20//17 26//33
f 29//9 1619//8 7//34
f 121//35 26//33 24//22
f 30//36 12//37 31//38
f 26//33 20//17 24//22
f 36//39 25//23 23//26
f 63//40 29//9 37//41
f 65//42 38//32 90//43
f 43//44 41//45 30//36
f 12//37 58//46 31//38
f 3//28 22//47 40//29
f 60//48 38//32 65//42
f 40//29 42//49 41//50
f 41//50 43//51 40//29
f 32//52 49//53 44//54
f 18//13 11//1 38//32
f 43//55 41//56 42//57
f 42//57 53//58 43//55
f 22//47 30//36 41//45
f 43//59 31//38 41//60
f 45//30 40//29 43//51
f 31//38 43//59 45//61
f 31//38 45//61 30//36
f 69//62 32//52 44//54
f 30//36 45//61 43//44
f 34//63 6//64 4//65
f 23//26 61//66 36//39
f 1774//67 67//68 1761//27
f 36//39 61//66 50//69
f 17//12 108//70 47//71
f 46//72 34//63 4//65
f 108//70 17//12 33//11
f 28//31 45//30 51//73
f 22//47 41//45 52//74
f 53//58 52//74 42//75
f 41//45 42//75 52//74
f 31//38 52//74 51//76
f 58//46 52//74 31//38
f 41//60 31//38 42//77
f 53//78 42//77 31//38
f 42//49 40//29 53//79
f 54//80 52//74 53//58
f 31//38 54//81 53//78
f 53//79 40//29 54//82
f 51//73 54//82 40//29
f 51//76 52//74 54//80
f 31//38 51//76 54//81
f 53//58 54//80 43//55
f 45//30 43//55 51//73
f 54//80 51//73 43//55
f 40//29 22//47 52//74
f 56//83 1774//67 57//84
f 691//85 46//72 4//65
f 58//46 40//29 52//74
f 40//29 28//31 51//73
f 60//48 18//13 38//32
f 512//86 36//39 50//69
f 35//87 18//13 60//48
f 37//41 315//88 99//89
f 48//90 109//91 57//84
f 99//89 63//40 37//41
f 192//92 35//87 60//48
f 182//93 110//94 47//71
f 182//93 47//71 8//95
f 60//48 65//42 59//96
f 1774//67 56//83 67//68
f 62//97 3//28 28//31
f 62//97 12//37 3//28
f 58//46 12//37 62//97
f 65//42 71//98 59//96
f 110//94 182//93 68//99
f 28//31 40//29 58//46
f 47//71 108//70 240//100
f 62//97 28//31 73//101
f 64//102 62//97 73//101
f 90//43 71//98 65//42
f 83//103 74//104 89//105
f 1761//27 67//68 27//20
f 76//106 75//107 74//104
f 17//12 47//71 77//108
f 69//62 79//109 193//110
f 63//40 14//7 29//9
f 78//111 16//112 1662//113
f 44//54 49//53 81//114
f 78//111 72//115 80//116
f 67//68 39//117 27//20
f 76//106 74//104 83//103
f 88//118 76//106 83//103
f 64//102 73//101 541//119
f 464//120 67//68 85//121
f 87//122 6//64 34//63
f 69//62 81//114 79//109
f 69//62 44//54 81//114
f 67//68 56//83 85//121
f 111//123 8//95 86//124
f 6//64 87//122 1802//125
f 80//116 1596//126 84//127
f 91//128 90//43 38//32
f 86//124 47//71 110//94
f 17//12 77//108 86//124
f 77//108 112//129 86//124
f 610//130 541//119 73//101
f 77//108 47//71 82//131
f 33//132 112//129 77//108
f 95//133 14//7 63//40
f 98//134 14//7 95//133
f 95//133 63//40 104//135
f 236//136 73//101 58//46
f 28//31 58//46 73//101
f 97//137 94//138 1696//139
f 92//140 231//141 93//142
f 84//127 93//142 80//116
f 97//137 100//143 96//144
f 94//138 97//137 96//144
f 99//89 104//135 63//40
f 95//133 104//135 126//145
f 33//132 82//131 112//129
f 77//108 82//131 33//132
f 74//104 91//128 89//105
f 86//124 8//95 17//12
f 100//143 103//146 96//144
f 117//147 885//148 56//83
f 91//128 74//104 75//107
f 113//149 56//83 109//91
f 109//91 56//83 57//84
f 89//105 91//128 38//32
f 26//33 89//105 38//32
f 82//131 110//94 68//99
f 87//122 34//63 107//150
f 117//147 56//83 113//149
f 1376//151 127//152 106//153
f 115//154 86//124 112//129
f 83//103 89//105 116//155
f 111//123 86//124 110//94
f 82//131 86//124 115//154
f 102//156 118//157 105//158
f 89//105 26//33 121//35
f 121//35 116//155 89//105
f 118//157 102//156 101//159
f 101//159 122//160 118//157
f 82//131 47//71 86//124
f 115//154 111//123 110//94
f 82//131 115//154 110//94
f 68//99 112//129 82//131
f 90//43 91//128 75//107
f 99//89 124//161 104//135
f 125//162 1532//163 120//164
f 123//165 106//153 127//152
f 126//145 104//135 124//161
f 123//165 127//152 129//166
f 99//89 126//145 124//161
f 125//162 120//164 130//167
f 112//129 111//123 115//154
f 129//166 131//168 133//169
f 132//170 133//169 131//168
f 98//134 95//133 126//145
f 99//89 98//134 126//145
f 137//171 120//164 1586//172
f 105//158 134//173 102//156
f 128//174 119//175 136//176
f 193//110 119//175 128//174
f 138//177 142//178 1445//179
f 140//180 142//178 138//177
f 97//137 141//181 100//143
f 137//171 148//182 120//164
f 134//173 139//183 149//184
f 137//171 944//185 148//182
f 76//106 147//186 75//107
f 141//181 211//187 100//143
f 155//188 567//189 143//190
f 78//111 80//116 156//191
f 75//107 147//186 90//43
f 140//180 138//177 150//192
f 160//193 226//194 155//188
f 159//195 156//191 80//116
f 173//196 150//192 138//177
f 222//197 161//198 145//199
f 100//143 211//187 154//200
f 184//201 152//202 153//203
f 163//204 152//202 184//201
f 153//203 152//202 163//204
f 156//191 310//205 288//206
f 149//184 139//183 162//207
f 156//191 159//195 164//208
f 167//209 156//191 164//208
f 139//183 134//173 166//210
f 80//116 93//142 159//195
f 237//211 159//195 93//142
f 158//212 76//106 88//118
f 93//142 231//141 237//211
f 147//186 76//106 158//212
f 168//213 48//90 130//167
f 120//164 171//214 130//167
f 116//155 170//215 83//103
f 170//215 88//118 83//103
f 166//210 134//173 105//158
f 153//203 165//216 172//217
f 221//218 166//210 105//158
f 175//219 172//217 165//216
f 105//158 118//157 151//220
f 180//221 70//222 176//223
f 165//216 153//203 163//204
f 141//181 169//224 195//225
f 176//223 214//226 180//221
f 157//227 158//212 88//118
f 183//228 105//158 191//229
f 1583//230 70//222 180//221
f 153//203 589//231 184//201
f 184//201 189//232 163//204
f 170//215 157//227 88//118
f 165//216 163//204 189//232
f 180//221 214//226 202//233
f 59//96 190//234 60//48
f 214//226 176//223 188//235
f 190//234 192//92 60//48
f 190//234 228//236 192//92
f 181//237 187//238 182//93
f 190//234 59//96 71//98
f 191//229 105//158 151//220
f 151//220 220//239 191//229
f 178//240 187//238 181//237
f 146//241 196//242 194//243
f 210//244 186//245 179//246
f 187//238 160//193 174//247
f 201//248 200//249 199//250
f 196//242 232//251 194//243
f 194//243 222//197 146//241
f 216//252 71//98 204//253
f 118//157 203//254 151//220
f 200//255 179//246 201//256
f 186//245 200//257 201//258
f 207//259 208//260 205//261
f 205//262 201//248 199//250
f 205//263 201//256 179//246
f 186//245 201//258 205//264
f 199//250 207//259 205//262
f 205//263 179//246 207//265
f 207//265 179//246 186//245
f 205//264 207//265 186//245
f 217//266 652//267 179//246
f 203//254 199//250 632//268
f 187//238 178//240 160//193
f 210//244 179//246 652//267
f 209//269 177//270 173//196
f 1665//271 614//272 188//235
f 203//254 213//273 151//220
f 194//243 232//251 222//197
f 215//274 186//245 212//275
f 652//267 215//276 212//277
f 212//277 215//278 208//260
f 213//273 203//254 632//268
f 224//279 221//218 183//228
f 71//98 197//280 204//253
f 217//281 200//282 208//260
f 211//187 141//181 114//283
f 211//187 114//283 218//284
f 217//285 186//245 215//274
f 200//282 201//286 208//260
f 201//286 205//261 208//260
f 179//246 200//255 217//266
f 217//285 200//257 186//245
f 652//267 217//266 215//276
f 217//287 199//250 200//249
f 212//275 199//250 215//288
f 217//281 208//260 215//278
f 208//260 207//259 199//250
f 217//287 215//288 199//250
f 216//252 204//253 206//289
f 141//181 128//174 114//283
f 206//289 223//290 216//252
f 146//241 1799//291 196//242
f 195//225 128//174 141//181
f 224//279 664//292 221//218
f 567//189 155//188 225//293
f 183//228 191//229 224//279
f 171//214 168//213 130//167
f 125//162 130//167 48//90
f 188//235 637//294 227//295
f 212//275 186//245 210//244
f 212//277 208//260 652//267
f 211//187 218//284 359//296
f 188//235 227//295 214//226
f 122//160 208//260 199//250
f 212//275 630//297 199//250
f 154//200 211//187 359//296
f 199//250 118//157 122//160
f 199//250 203//254 118//157
f 195//225 193//110 128//174
f 374//298 226//194 160//193
f 1801//299 232//251 1800//300
f 1800//300 232//251 196//242
f 183//228 221//218 105//158
f 229//301 148//182 230//302
f 48//90 168//213 229//301
f 235//303 237//211 231//141
f 228//236 190//234 216//252
f 190//234 71//98 216//252
f 228//236 216//252 245//304
f 235//303 248//305 237//211
f 234//306 238//307 307//308
f 232//251 255//309 222//197
f 164//208 237//211 167//209
f 171//214 120//164 148//182
f 155//188 1742//310 240//100
f 164//208 159//195 237//211
f 148//182 229//301 168//213
f 145//199 146//241 222//197
f 236//136 707//311 571//312
f 148//182 168//213 171//214
f 236//136 221//218 664//292
f 221//218 236//136 166//210
f 160//193 242//313 174//247
f 222//197 246//314 161//198
f 244//315 1654//316 247//317
f 241//318 248//305 235//303
f 241//318 243//319 248//305
f 256//320 160//193 155//188
f 155//188 240//100 256//320
f 238//307 251//321 307//308
f 269//322 250//323 249//324
f 255//309 232//251 1801//299
f 94//138 96//144 257//325
f 474//326 94//138 257//325
f 255//309 246//314 222//197
f 246//314 636//327 579//328
f 250//329 270//330 249//331
f 255//309 254//332 636//327
f 173//196 138//177 262//333
f 220//239 230//302 259//334
f 242//313 160//193 256//320
f 246//314 255//309 636//327
f 269//322 270//330 265//335
f 242//313 270//330 250//329
f 259//334 230//302 148//182
f 266//336 185//337 209//269
f 264//338 198//339 266//336
f 220//239 259//334 191//229
f 260//340 245//304 268//341
f 266//336 198//339 185//337
f 245//304 260//340 228//236
f 216//252 272//342 245//304
f 272//342 216//252 223//290
f 271//343 173//196 262//333
f 209//269 173//196 271//343
f 271//343 266//336 209//269
f 259//334 148//182 328//344
f 243//319 241//318 267//345
f 242//313 256//320 273//346
f 266//336 271//343 264//338
f 48//90 229//301 109//91
f 262//333 370//347 271//343
f 285//348 263//349 103//146
f 272//342 223//290 275//350
f 220//239 229//301 230//302
f 263//349 96//144 103//146
f 251//321 238//307 302//351
f 219//352 227//295 261//353
f 245//304 272//342 268//341
f 96//144 263//349 279//354
f 263//349 285//348 279//354
f 268//341 272//342 361//355
f 213//273 220//239 151//220
f 448//356 280//357 277//358
f 274//359 229//301 220//239
f 274//359 109//91 229//301
f 252//360 247//317 1654//316
f 289//361 247//317 258//362
f 274//359 220//239 213//273
f 252//360 253//363 247//317
f 243//319 267//345 280//357
f 175//219 281//364 172//217
f 270//330 242//313 273//346
f 158//212 291//365 197//280
f 189//232 175//219 165//216
f 287//366 109//91 274//359
f 277//358 280//357 261//353
f 261//353 280//357 267//345
f 113//149 109//91 287//366
f 448//356 243//319 280//357
f 113//149 287//366 286//367
f 285//348 103//146 100//143
f 100//143 154//200 285//348
f 197//280 147//186 158//212
f 258//362 283//368 289//361
f 279//354 285//348 154//200
f 71//98 90//43 197//280
f 290//369 114//283 233//370
f 147//186 197//280 90//43
f 311//371 290//369 298//372
f 157//227 299//373 291//365
f 157//227 291//365 158//212
f 213//273 287//366 274//359
f 296//374 257//325 96//144
f 96//144 279//354 296//374
f 284//375 289//361 283//368
f 234//306 292//376 238//307
f 204//253 197//280 291//365
f 206//289 204//253 291//365
f 374//298 265//335 270//330
f 240//100 108//70 300//377
f 206//289 291//365 282//378
f 1528//379 295//380 308//381
f 78//111 288//206 16//112
f 244//315 247//317 289//361
f 299//373 294//382 291//365
f 293//383 238//307 292//376
f 256//320 240//100 300//377
f 244//315 289//361 304//384
f 304//384 297//385 244//315
f 273//346 256//320 300//377
f 295//380 305//386 276//387
f 306//388 304//384 289//361
f 238//307 293//383 302//351
f 2//389 16//112 288//206
f 308//381 295//380 276//387
f 304//384 306//388 312//390
f 306//388 289//361 284//375
f 288//206 310//205 326//391
f 259//334 301//392 191//229
f 288//206 78//111 156//191
f 298//372 257//325 296//374
f 191//229 301//392 224//279
f 311//371 298//372 359//296
f 291//365 294//382 282//378
f 310//205 316//393 326//391
f 313//394 315//88 308//381
f 138//177 322//395 262//333
f 359//296 298//372 296//374
f 181//237 68//99 318//396
f 181//237 8//95 68//99
f 181//237 182//93 8//95
f 68//99 182//93 318//396
f 223//290 206//289 319//397
f 313//394 308//381 276//387
f 206//289 282//378 319//397
f 294//382 319//397 282//378
f 223//290 319//397 320//398
f 234//306 324//399 486//400
f 324//399 234//306 307//308
f 299//373 157//227 170//215
f 290//369 311//371 114//283
f 316//393 167//209 323//401
f 167//209 237//211 239//402
f 317//403 306//388 284//375
f 309//404 324//399 307//308
f 182//93 187//238 318//396
f 474//326 257//325 325//405
f 288//206 326//391 2//389
f 290//369 325//405 257//325
f 61//66 23//26 327//406
f 138//177 412//407 322//395
f 23//26 2//389 327//406
f 66//408 50//69 330//409
f 50//69 61//66 330//409
f 259//334 328//344 301//392
f 329//410 299//373 170//215
f 257//325 298//372 290//369
f 251//321 254//332 307//308
f 307//308 254//332 1802//125
f 2//389 388//411 327//406
f 8//95 111//123 68//99
f 944//185 328//344 148//182
f 328//344 944//185 961//412
f 61//66 327//406 333//413
f 167//209 316//393 156//191
f 310//205 156//191 316//393
f 251//321 302//351 339//414
f 251//321 339//414 341//415
f 337//416 114//283 128//174
f 331//417 332//418 640//419
f 339//414 302//351 336//420
f 114//283 337//416 233//370
f 111//123 112//129 68//99
f 278//421 605//422 341//415
f 170//215 338//423 329//410
f 313//394 344//424 322//395
f 174//247 178//240 342//425
f 224//279 301//392 334//426
f 323//401 167//209 239//402
f 319//397 294//382 335//427
f 239//402 347//428 323//401
f 334//426 357//429 364//430
f 346//431 337//416 128//174
f 276//387 321//432 313//394
f 342//425 187//238 174//247
f 349//433 178//240 174//247
f 128//174 415//434 346//431
f 339//414 278//421 341//415
f 342//425 318//396 187//238
f 348//435 337//416 346//431
f 351//436 260//340 268//341
f 1230//437 233//370 355//438
f 349//439 318//396 342//425
f 362//440 350//441 548//442
f 185//337 352//443 209//269
f 242//313 349//433 174//247
f 250//329 349//433 242//313
f 305//386 362//440 276//387
f 326//391 316//393 323//401
f 301//392 314//444 334//426
f 337//416 355//438 233//370
f 337//416 358//445 355//438
f 357//429 314//444 301//392
f 268//341 361//355 351//436
f 356//446 326//391 323//401
f 276//387 362//440 321//432
f 334//426 314//444 357//429
f 323//401 347//428 356//446
f 363//447 265//335 349//433
f 340//448 345//449 353//450
f 250//323 265//335 249//451
f 363//447 249//451 265//335
f 250//329 249//452 349//433
f 363//447 349//433 249//452
f 250//323 269//322 265//335
f 249//324 363//453 269//322
f 249//331 270//330 363//453
f 357//429 301//392 328//344
f 548//442 321//432 362//440
f 357//429 328//344 364//430
f 272//342 360//454 361//355
f 418//455 339//414 336//420
f 321//432 407//456 458//457
f 360//454 272//342 275//350
f 349//439 342//425 181//237
f 326//391 356//446 365//458
f 321//432 344//424 313//394
f 360//454 369//459 361//355
f 652//267 208//260 367//460
f 2//389 326//391 365//458
f 279//354 154//200 359//296
f 178//240 181//237 342//425
f 181//237 318//396 349//439
f 349//433 160//193 178//240
f 349//433 265//335 160//193
f 279//354 359//296 296//374
f 371//461 365//458 356//446
f 373//462 369//459 360//454
f 367//460 353//450 660//463
f 361//355 369//459 351//436
f 359//296 218//284 311//371
f 269//322 363//453 270//330
f 360//454 1292//464 373//462
f 270//330 273//346 374//298
f 311//371 218//284 114//283
f 273//346 300//377 374//298
f 374//298 160//193 265//335
f 376//465 345//449 340//448
f 377//466 366//467 376//468
f 324//399 410//469 486//400
f 374//298 300//377 1008//470
f 2//389 365//458 388//411
f 371//461 388//411 365//458
f 334//426 364//430 372//471
f 294//382 299//373 329//410
f 284//375 283//368 19//14
f 1151//472 514//473 368//474
f 375//475 79//109 1784//476
f 347//428 371//461 356//446
f 380//477 384//478 377//466
f 386//479 380//477 387//480
f 376//468 366//467 386//479
f 382//481 309//404 385//482
f 376//465 386//483 345//449
f 345//449 386//483 387//484
f 375//475 424//485 79//109
f 387//480 380//477 377//466
f 386//486 387//480 377//466
f 376//468 386//486 377//466
f 375//475 378//487 424//485
f 343//488 345//449 387//484
f 343//488 387//484 340//448
f 387//484 386//489 340//448
f 376//465 340//448 386//489
f 380//490 353//450 345//449
f 380//490 345//449 343//488
f 353//450 380//490 343//488
f 309//404 382//481 324//399
f 370//347 264//338 271//343
f 294//382 404//491 335//427
f 394//492 379//493 390//494
f 383//19 398//495 317//403
f 383//19 284//375 19//14
f 370//347 392//496 570//497
f 331//417 423//498 381//499
f 329//410 404//491 294//382
f 404//491 329//410 391//500
f 391//500 329//410 338//423
f 424//485 378//487 395//501
f 335//427 404//491 397//502
f 462//503 1338//504 395//501
f 260//340 397//502 354//505
f 260//340 351//436 397//502
f 390//494 379//493 399//506
f 393//507 368//474 382//481
f 351//436 369//459 397//502
f 243//319 402//508 403//509
f 403//509 248//305 243//319
f 382//481 385//482 920//510
f 347//428 239//402 403//509
f 403//509 239//402 237//211
f 248//305 403//509 237//211
f 335//427 397//502 369//459
f 347//428 403//509 371//461
f 398//495 383//19 39//117
f 397//502 404//491 354//505
f 321//432 458//457 344//424
f 381//499 380//477 405//511
f 405//511 353//450 343//488
f 407//456 502//512 458//457
f 401//513 424//485 415//434
f 321//432 548//442 407//456
f 410//469 324//399 382//481
f 408//514 317//403 398//495
f 410//469 382//481 368//474
f 317//403 284//375 383//19
f 383//19 27//20 39//117
f 392//496 469//515 411//516
f 398//495 39//117 408//514
f 408//514 39//117 413//517
f 407//456 411//516 502//512
f 381//499 384//478 380//477
f 396//518 406//519 390//494
f 335//427 369//459 373//462
f 320//398 319//397 373//462
f 373//462 319//397 335//427
f 416//520 410//469 368//474
f 368//474 501//521 416//520
f 426//522 427//523 418//455
f 426//522 418//455 420//524
f 419//525 420//524 418//455
f 136//176 119//175 401//513
f 419//526 425//527 420//528
f 420//529 416//520 419//530
f 425//527 421//531 416//520
f 425//527 426//532 420//528
f 401//513 415//434 136//176
f 421//533 419//525 418//455
f 419//526 421//531 425//527
f 421//531 419//530 416//520
f 486//400 410//469 421//533
f 410//469 429//534 421//533
f 428//535 418//455 427//523
f 415//434 128//174 136//176
f 419//536 421//533 429//534
f 422//537 524//538 406//519
f 421//533 497//539 486//400
f 315//88 313//394 438//540
f 425//527 418//455 428//535
f 428//535 427//541 425//527
f 426//542 420//543 429//534
f 420//543 419//536 429//534
f 426//542 429//544 430//545
f 39//117 414//546 413//517
f 428//547 427//548 431//549
f 429//534 431//549 427//548
f 429//534 427//548 426//542
f 429//544 426//550 432//551
f 424//485 401//513 79//109
f 430//545 432//551 426//542
f 432//551 426//542 433//552
f 434//553 426//554 432//551
f 426//554 416//520 420//529
f 432//551 430//545 429//544
f 433//552 434//553 432//551
f 428//547 431//549 435//555
f 431//549 429//534 410//469
f 414//546 39//117 459//556
f 410//469 435//555 431//549
f 410//469 433//552 427//557
f 426//542 427//557 433//552
f 433//552 410//469 434//553
f 425//527 427//541 426//532
f 396//518 422//537 406//519
f 415//434 424//485 395//501
f 428//547 435//555 427//557
f 410//469 427//557 435//555
f 426//554 434//553 416//520
f 410//469 416//520 434//553
f 413//517 442//558 408//514
f 543//559 388//411 371//461
f 403//509 436//560 409//561
f 403//509 409//561 371//461
f 412//407 1624//562 98//134
f 98//134 322//395 412//407
f 317//403 408//514 439//563
f 98//134 438//540 322//395
f 317//403 439//563 306//388
f 438//540 313//394 322//395
f 439//563 312//390 306//388
f 390//494 460//564 394//492
f 438//540 99//89 315//88
f 442//558 439//563 408//514
f 394//492 444//565 379//493
f 442//558 413//517 523//566
f 442//558 523//566 446//567
f 447//568 394//492 460//564
f 24//22 440//569 456//570
f 443//571 897//572 676//573
f 24//22 456//570 463//574
f 463//574 121//35 24//22
f 396//518 390//494 454//575
f 451//576 312//390 439//563
f 423//498 452//577 453//578
f 389//579 897//572 443//571
f 451//576 439//563 442//558
f 405//511 479//580 423//498
f 459//556 39//117 464//120
f 39//117 67//68 464//120
f 457//581 339//414 418//455
f 456//570 94//138 463//574
f 395//501 378//487 462//503
f 378//487 375//475 462//503
f 94//138 461//582 463//574
f 458//457 455//583 344//424
f 450//584 448//356 908//585
f 436//560 402//508 450//584
f 375//475 441//4 462//503
f 436//560 403//509 402//508
f 441//4 10//586 462//503
f 402//508 448//356 450//584
f 402//508 243//319 448//356
f 461//582 121//35 463//574
f 344//424 455//583 445//587
f 79//109 401//513 193//110
f 193//110 401//513 119//175
f 469//515 511//588 485//589
f 116//155 467//590 338//423
f 415//434 395//501 348//435
f 455//583 458//457 468//591
f 467//590 116//155 461//582
f 170//215 116//155 338//423
f 358//445 337//416 348//435
f 395//501 358//445 348//435
f 395//501 1391//592 358//445
f 461//582 116//155 121//35
f 464//120 465//593 459//556
f 94//138 474//326 467//590
f 470//594 466//595 549//596
f 467//590 461//582 94//138
f 471//597 459//556 465//593
f 415//434 348//435 346//431
f 338//423 467//590 472//598
f 500//599 466//595 470//594
f 459//556 471//597 532//600
f 425//527 574//601 457//581
f 390//494 406//519 460//564
f 438//540 98//134 99//89
f 467//590 474//326 472//598
f 377//466 384//478 366//467
f 380//477 386//479 366//467
f 366//467 384//478 381//499
f 480//602 549//596 466//595
f 474//326 325//405 472//598
f 391//500 338//423 472//598
f 457//581 574//601 473//603
f 418//455 425//527 457//581
f 479//580 380//477 366//467
f 483//604 476//605 475//606
f 468//591 485//589 455//583
f 406//519 494//607 490//608
f 527//609 452//577 423//498
f 423//498 366//467 381//499
f 366//467 423//498 453//578
f 527//609 366//467 453//578
f 527//609 484//610 366//467
f 405//511 380//477 479//580
f 455//583 485//589 445//587
f 292//376 488//611 293//383
f 488//611 292//376 486//400
f 480//602 466//595 500//599
f 423//498 479//580 527//609
f 486//400 292//376 234//306
f 353//450 405//511 487//612
f 484//610 527//609 479//580
f 405//511 423//498 537//613
f 302//351 293//383 488//611
f 381//499 405//511 343//488
f 580//614 460//564 454//575
f 491//615 478//616 506//617
f 464//120 85//121 495//618
f 475//606 476//605 493//619
f 495//618 465//593 464//120
f 406//519 490//608 460//564
f 454//575 460//564 490//608
f 509//620 493//619 476//605
f 423//498 331//417 507//621
f 262//333 322//395 489//622
f 489//622 322//395 344//424
f 436//560 500//599 409//561
f 370//347 262//333 489//622
f 489//622 344//424 445//587
f 470//594 409//561 500//599
f 496//623 481//624 482//625
f 482//625 491//615 496//623
f 499//626 64//102 541//119
f 436//560 450//584 500//599
f 392//496 370//347 489//622
f 469//515 392//496 489//622
f 497//539 488//611 486//400
f 495//618 503//627 492//628
f 495//618 508//629 465//593
f 495//618 492//628 508//629
f 508//629 471//597 465//593
f 499//626 541//119 507//621
f 512//86 505//630 945//631
f 490//608 494//607 454//575
f 498//632 493//619 509//620
f 590//633 471//597 508//629
f 507//621 510//634 499//626
f 421//533 418//455 497//539
f 336//420 497//539 418//455
f 497//539 336//420 302//351
f 302//351 488//611 497//539
f 504//635 491//615 506//617
f 507//621 331//417 510//634
f 413//517 414//546 513//636
f 485//589 468//591 469//515
f 483//604 509//620 476//605
f 517//637 505//630 512//86
f 489//622 445//587 511//588
f 469//515 489//622 511//588
f 511//588 445//587 485//589
f 468//591 502//512 469//515
f 458//457 502//512 468//591
f 502//512 411//516 469//515
f 514//473 501//521 368//474
f 459//556 513//636 414//546
f 501//521 515//638 533//639
f 459//556 492//628 513//636
f 515//638 501//521 514//473
f 491//615 518//640 496//623
f 516//641 498//632 509//620
f 532//600 492//628 459//556
f 198//339 1271//642 185//337
f 515//638 563//643 533//639
f 518//640 491//615 504//635
f 546//644 1271//642 198//339
f 538//645 396//518 520//646
f 50//69 528//647 517//637
f 526//648 525//649 475//606
f 198//339 264//338 522//650
f 517//637 512//86 50//69
f 413//517 513//636 523//566
f 529//651 518//640 504//635
f 498//632 531//652 493//619
f 526//648 493//619 534//653
f 475//606 493//619 526//648
f 198//339 522//650 521//654
f 477//655 634//656 524//538
f 493//619 531//652 534//653
f 526//648 534//653 525//649
f 453//578 537//613 527//609
f 50//69 66//408 528//647
f 537//613 453//578 452//577
f 533//639 563//643 536//657
f 523//566 513//636 532//600
f 494//607 396//518 454//575
f 471//597 523//566 532//600
f 524//538 422//537 477//655
f 539//658 452//577 527//609
f 422//537 538//645 477//655
f 422//537 396//518 538//645
f 528//647 66//408 330//409
f 531//652 535//659 534//653
f 327//406 549//596 333//413
f 527//609 537//613 539//658
f 539//660 550//661 610//130
f 716//662 535//659 531//652
f 541//119 452//577 539//658
f 543//559 409//561 470//594
f 327//406 388//411 543//559
f 541//119 539//658 537//613
f 542//663 540//664 520//646
f 198//339 521//654 546//644
f 538//645 520//646 540//664
f 371//461 409//561 543//559
f 536//657 515//638 514//473
f 452//665 547//666 551//667
f 549//596 543//559 470//594
f 480//602 333//413 549//596
f 539//660 587//668 547//666
f 550//661 539//660 547//666
f 547//666 452//665 550//661
f 533//639 536//657 577//669
f 550//661 452//665 551//667
f 542//663 555//670 540//664
f 541//119 537//613 507//621
f 498//632 544//671 531//652
f 516//641 544//671 498//632
f 514//473 1151//472 1224//672
f 556//673 554//674 552//675
f 514//473 1224//672 536//657
f 548//442 556//673 552//675
f 327//406 543//559 549//596
f 559//676 399//506 379//493
f 560//677 554//674 558//678
f 560//677 552//675 554//674
f 555//670 596//679 520//646
f 399//506 454//575 390//494
f 567//189 362//440 143//190
f 563//643 515//638 536//657
f 574//601 425//527 501//521
f 561//680 379//493 444//565
f 362//440 567//189 350//441
f 425//527 416//520 501//521
f 553//681 557//682 608//683
f 552//675 407//456 548//442
f 501//521 533//639 574//601
f 566//684 837//685 565//686
f 572//687 580//614 399//506
f 522//650 264//338 570//497
f 264//338 370//347 570//497
f 575//688 565//686 564//689
f 533//639 577//669 574//601
f 575//688 569//690 566//684
f 575//688 566//684 565//686
f 580//614 454//575 399//506
f 392//496 576//691 570//497
f 570//497 576//691 607//692
f 503//627 513//636 492//628
f 545//693 557//682 553//681
f 503//627 1284//694 513//636
f 1803//695 581//696 585//697
f 513//636 1284//694 532//600
f 1284//694 590//633 532//600
f 584//698 575//688 564//689
f 590//633 492//628 532//600
f 590//633 508//629 492//628
f 153//203 172//217 589//231
f 578//699 1798//700 588//701
f 483//604 475//606 525//649
f 589//231 172//217 592//702
f 1284//694 601//703 590//633
f 520//646 582//704 542//663
f 555//670 542//663 582//704
f 595//705 483//604 525//649
f 555//670 719//706 540//664
f 568//707 596//679 555//670
f 598//708 591//709 595//705
f 523//566 471//597 599//710
f 446//567 523//566 599//710
f 553//681 583//711 478//616
f 553//681 530//712 545//693
f 579//328 605//422 588//701
f 608//683 603//713 604//714
f 590//633 599//710 471//597
f 599//710 590//633 601//703
f 555//670 520//646 719//706
f 520//646 396//518 719//706
f 617//715 522//650 558//678
f 560//677 558//678 576//691
f 588//701 593//716 578//699
f 607//692 576//691 558//678
f 483//604 595//705 591//709
f 570//497 607//692 522//650
f 571//312 587//668 562//717
f 603//713 608//683 606//718
f 587//668 571//312 712//719
f 601//703 1320//720 597//721
f 551//667 547//666 587//668
f 610//130 550//661 551//667
f 604//714 553//681 608//683
f 601//703 597//721 594//722
f 558//678 522//650 607//692
f 608//683 557//682 606//718
f 557//682 545//693 606//718
f 712//719 610//130 715//723
f 594//722 609//724 601//703
f 594//722 597//721 609//724
f 562//717 587//668 539//660
f 562//717 539//660 610//130
f 407//456 560//677 576//691
f 407//456 576//691 392//496
f 593//716 579//328 578//699
f 411//516 407//456 392//496
f 810//725 612//726 613//727
f 589//231 592//702 749//728
f 553//681 612//726 583//711
f 184//201 589//231 749//728
f 407//456 552//675 560//677
f 614//272 600//729 602//730
f 615//731 612//726 604//714
f 612//726 615//731 618//732
f 615//731 621//733 618//732
f 581//696 620//734 628//735
f 601//703 609//724 619//736
f 619//736 609//724 611//737
f 625//738 585//697 581//696
f 1380//739 622//740 1407//741
f 625//738 628//735 626//742
f 520//646 596//679 582//704
f 568//707 555//670 582//704
f 581//696 628//735 625//738
f 610//130 707//311 717//743
f 631//744 632//268 630//297
f 161//198 246//314 581//696
f 423//498 507//621 537//613
f 246//314 579//328 581//696
f 602//730 889//745 633//746
f 188//235 614//272 637//294
f 452//577 487//612 405//511
f 637//294 614//272 635//747
f 494//607 406//519 524//538
f 483//604 591//709 623//748
f 603//713 621//733 604//714
f 405//511 537//613 452//577
f 541//119 717//743 452//577
f 538//645 634//656 477//655
f 604//714 621//733 615//731
f 494//607 649//749 396//518
f 483//604 519//750 509//620
f 717//743 487//612 452//577
f 579//328 636//327 681//751
f 641//752 644//753 602//730
f 614//272 602//730 644//753
f 499//626 642//754 1534//755
f 499//626 510//634 642//754
f 641//752 602//730 633//746
f 629//756 483//604 623//748
f 510//634 640//419 642//754
f 519//750 483//604 629//756
f 640//419 510//634 331//417
f 645//757 524//538 634//656
f 538//645 524//538 645//757
f 605//422 278//421 588//701
f 644//753 641//752 647//758
f 519//750 629//756 646//759
f 651//760 620//734 581//696
f 635//747 614//272 644//753
f 562//717 610//130 73//101
f 719//706 538//645 645//757
f 644//753 647//758 635//747
f 581//696 579//328 651//760
f 649//749 645//757 634//656
f 366//467 210//244 479//580
f 635//747 647//758 650//761
f 719//706 645//757 649//749
f 522//650 617//715 521//654
f 546//644 521//654 617//715
f 538//645 719//706 634//656
f 451//576 442//558 725//762
f 554//674 617//715 558//678
f 554//674 627//763 617//715
f 616//764 653//765 598//708
f 632//268 631//744 674//766
f 622//740 627//763 698//767
f 622//740 617//715 627//763
f 598//708 653//765 591//709
f 651//760 579//328 593//716
f 650//761 856//768 635//747
f 214//226 227//295 219//352
f 656//769 631//744 630//297
f 643//770 618//732 621//733
f 622//740 655//771 1407//741
f 719//706 396//518 634//656
f 656//769 654//772 705//773
f 661//774 651//760 676//573
f 653//765 623//748 591//709
f 661//774 605//422 579//328
f 593//716 676//573 651//760
f 660//463 210//244 652//267
f 651//760 661//774 668//775
f 663//776 641//752 633//746
f 572//687 573//777 657//778
f 598//708 595//705 616//764
f 652//267 367//460 660//463
f 225//293 1395//779 567//189
f 334//426 664//292 224//279
f 708//780 654//772 662//781
f 627//763 666//782 698//767
f 538//645 900//783 494//607
f 494//607 524//538 538//645
f 633//746 667//784 663//776
f 663//776 667//784 665//785
f 639//786 618//732 643//770
f 616//764 822//787 653//765
f 620//734 651//760 668//775
f 641//752 663//776 647//758
f 665//785 647//758 663//776
f 210//244 366//467 484//610
f 1122//788 629//756 623//748
f 648//789 629//756 1122//788
f 659//790 856//768 650//761
f 670//791 1122//788 623//748
f 670//791 623//748 653//765
f 647//758 672//792 650//761
f 786//793 647//758 665//785
f 588//701 278//421 593//716
f 661//774 579//328 681//751
f 661//774 681//751 668//775
f 639//786 643//770 669//794
f 673//795 1122//788 670//791
f 604//714 612//726 553//681
f 672//792 659//790 650//761
f 213//273 632//268 674//766
f 676//573 593//716 278//421
f 634//656 396//518 649//749
f 666//782 627//763 671//796
f 612//726 638//797 613//727
f 672//792 647//758 786//793
f 666//782 671//796 675//798
f 638//797 618//732 639//786
f 572//687 657//778 658//799
f 214//226 261//353 202//233
f 261//353 214//226 219//352
f 685//800 655//771 677//801
f 618//732 638//797 612//726
f 286//367 213//273 674//766
f 287//366 213//273 286//367
f 479//580 210//244 660//463
f 660//463 484//610 479//580
f 677//801 655//771 622//740
f 622//740 698//767 677//801
f 484//610 660//463 487//612
f 572//687 918//802 580//614
f 679//803 678//804 686//805
f 679//803 686//805 684//806
f 689//807 683//808 530//712
f 681//751 871//809 668//775
f 484//610 682//810 630//297
f 484//610 487//612 682//810
f 700//811 678//804 679//803
f 210//244 484//610 630//297
f 630//297 212//275 210//244
f 595//705 525//649 680//812
f 685//800 714//813 655//771
f 446//567 690//814 442//558
f 684//806 780//815 696//816
f 1680//817 674//766 695//818
f 688//819 694//820 691//85
f 674//766 1664//821 286//367
f 487//612 660//463 353//450
f 666//782 704//822 692//823
f 698//767 666//782 692//823
f 446//567 619//736 690//814
f 689//807 697//824 683//808
f 446//567 599//710 619//736
f 599//710 601//703 619//736
f 697//824 689//807 687//825
f 632//268 199//250 630//297
f 690//814 619//736 624//826
f 699//827 595//705 680//812
f 616//764 595//705 699//827
f 619//736 611//737 624//826
f 685//800 677//801 692//823
f 677//801 698//767 692//823
f 701//828 690//814 624//826
f 675//798 704//822 666//782
f 692//823 704//822 685//800
f 705//773 695//818 631//744
f 680//812 693//829 699//827
f 695//818 674//766 631//744
f 631//744 656//769 705//773
f 658//799 918//802 572//687
f 530//712 683//808 713//830
f 706//831 695//818 705//773
f 261//353 227//295 277//358
f 658//799 657//778 770//832
f 770//832 918//802 658//799
f 449//833 448//356 277//358
f 610//130 712//719 571//312
f 710//834 715//723 610//130
f 709//835 707//311 710//836
f 688//819 718//837 694//820
f 688//819 625//738 718//837
f 712//719 715//838 587//668
f 700//811 746//839 703//840
f 715//838 710//841 587//668
f 721//842 587//668 709//843
f 664//292 708//780 662//781
f 712//844 723//845 715//846
f 664//292 334//426 708//780
f 654//772 708//780 720//847
f 538//645 540//664 568//707
f 717//743 541//119 610//130
f 708//780 334//426 372//471
f 625//738 626//742 718//837
f 680//812 525//649 535//659
f 535//659 525//649 534//653
f 655//771 714//813 1407//741
f 720//847 705//773 654//772
f 710//841 709//843 587//668
f 551//667 721//848 610//130
f 717//743 721//848 551//667
f 710//834 610//130 709//849
f 721//848 709//849 610//130
f 678//804 700//811 722//850
f 675//798 671//796 1414//851
f 715//846 723//845 710//852
f 710//852 723//845 709//853
f 718//837 626//742 711//854
f 721//848 717//743 707//311
f 709//835 721//848 707//311
f 712//844 715//855 707//311
f 715//855 710//836 707//311
f 1710//856 720//847 708//780
f 706//831 720//847 1710//856
f 712//844 707//311 723//845
f 721//842 709//853 723//845
f 720//847 706//831 705//773
f 723//845 587//668 721//842
f 723//845 707//311 551//667
f 551//667 587//668 723//845
f 725//762 442//558 690//814
f 701//828 1485//857 725//762
f 725//762 690//814 701//828
f 610//130 571//312 707//311
f 728//858 719//706 729//859
f 718//837 702//860 694//820
f 719//706 732//861 729//859
f 713//830 683//808 697//824
f 718//837 711//854 702//860
f 733//862 732//861 728//863
f 758//864 719//706 733//865
f 702//860 711//854 727//866
f 697//824 726//18 713//830
f 728//858 729//859 733//867
f 685//800 704//822 714//813
f 680//812 716//662 724//868
f 535//659 716//662 680//812
f 731//869 730//870 734//871
f 675//798 714//813 704//822
f 686//805 678//804 722//850
f 717//743 682//810 487//612
f 551//667 682//810 717//743
f 746//839 686//805 722//850
f 686//805 739//872 684//806
f 744//873 734//871 730//870
f 740//874 679//803 684//806
f 737//875 553//681 478//616
f 730//870 747//876 744//873
f 531//652 724//868 716//662
f 724//868 531//652 736//877
f 738//878 741//879 759//880
f 551//667 707//311 743//881
f 682//810 551//667 743//881
f 662//781 654//772 743//881
f 531//652 544//671 736//877
f 739//872 780//815 684//806
f 737//875 530//712 553//681
f 656//769 743//881 654//772
f 630//297 682//810 743//881
f 592//702 750//882 749//728
f 630//297 743//881 656//769
f 1661//883 745//884 741//879
f 172//217 750//882 592//702
f 662//781 236//136 664//292
f 707//311 236//136 662//781
f 740//874 686//805 700//811
f 1676//885 748//886 747//876
f 662//781 743//881 707//311
f 700//811 679//803 740//874
f 746//839 700//811 686//805
f 478//616 530//712 737//875
f 281//364 750//882 172//217
f 750//882 281//364 753//887
f 596//679 742//888 814//889
f 719//706 568//707 540//664
f 742//888 596//679 568//707
f 736//877 755//890 724//868
f 781//891 751//892 1025//893
f 478//616 689//807 530//712
f 689//807 478//616 687//825
f 478//616 491//615 687//825
f 758//864 568//707 719//706
f 746//839 780//815 739//872
f 781//891 752//894 751//892
f 746//839 722//850 786//793
f 750//882 753//887 749//728
f 680//812 724//868 755//890
f 680//812 755//890 693//829
f 754//895 848//896 748//886
f 757//897 184//201 749//728
f 1661//883 741//879 738//878
f 755//890 699//827 693//829
f 728//858 733//865 719//706
f 189//232 184//201 757//897
f 757//897 761//898 189//232
f 758//864 742//888 568//707
f 733//862 758//899 732//861
f 758//864 733//900 742//888
f 728//863 742//888 733//900
f 728//863 770//832 742//888
f 729//859 732//861 758//899
f 761//898 175//219 189//232
f 758//899 733//867 729//859
f 659//790 703//840 277//358
f 703//840 659//790 700//811
f 762//901 281//364 175//219
f 697//824 687//825 774//902
f 175//219 761//898 762//901
f 752//894 781//891 817//903
f 582//704 596//679 814//889
f 742//888 797//904 814//889
f 740//874 739//872 686//805
f 482//625 687//825 491//615
f 684//806 746//839 740//874
f 767//905 824//906 769//907
f 747//876 748//886 763//908
f 769//907 765//909 751//892
f 751//892 752//894 769//907
f 739//872 740//874 746//839
f 747//876 763//908 744//873
f 719//706 649//749 770//832
f 719//706 770//832 732//861
f 687//825 482//625 774//902
f 728//863 732//861 770//832
f 775//910 703//840 746//839
f 764//911 765//909 769//907
f 764//911 769//907 824//906
f 738//878 773//912 756//913
f 760//914 766//915 759//880
f 775//910 696//816 852//916
f 753//887 757//897 749//728
f 774//902 482//625 768//917
f 699//827 909//918 616//764
f 822//787 616//764 909//918
f 738//878 759//880 773//912
f 696//816 775//910 684//806
f 775//910 746//839 684//806
f 777//919 699//827 755//890
f 768//917 482//625 481//624
f 760//914 778//920 766//915
f 769//907 752//894 767//905
f 781//891 795//921 779//922
f 657//778 573//777 797//904
f 766//915 778//920 783//923
f 782//924 753//887 281//364
f 784//925 781//891 779//922
f 697//824 774//902 726//18
f 726//18 774//902 789//926
f 782//924 281//364 787//927
f 777//919 909//918 699//827
f 1434//928 789//926 774//902
f 766//915 783//923 791//929
f 787//927 281//364 762//901
f 780//815 746//839 786//793
f 657//778 797//904 770//832
f 757//897 753//887 628//735
f 782//924 794//930 753//887
f 530//712 713//830 606//718
f 628//735 753//887 794//930
f 785//931 772//932 793//933
f 620//734 757//897 628//735
f 793//933 772//932 808//934
f 799//21 20//17 726//18
f 797//904 742//888 770//832
f 5//3 606//718 726//18
f 545//693 530//712 606//718
f 726//18 606//718 713//830
f 773//912 759//880 766//915
f 777//919 788//935 790//936
f 808//934 731//869 734//871
f 752//894 817//903 798//937
f 620//734 668//775 757//897
f 757//897 668//775 761//898
f 755//890 736//877 788//935
f 668//775 1104//938 761//898
f 788//935 777//919 755//890
f 783//923 1257//939 801//940
f 726//18 789//926 799//21
f 665//785 780//815 786//793
f 667//784 780//815 665//785
f 804//941 802//942 803//943
f 440//569 24//22 799//21
f 784//925 779//922 809//944
f 791//929 783//923 801//940
f 800//945 814//889 797//904
f 812//946 785//931 793//933
f 805//947 806//948 780//815
f 780//815 1048//949 805//947
f 809//944 816//950 815//951
f 478//616 583//711 506//617
f 583//711 612//726 504//635
f 809//944 779//922 816//950
f 504//635 506//617 583//711
f 803//943 971//952 811//953
f 504//635 612//726 810//725
f 806//948 805//947 696//816
f 784//925 813//954 817//903
f 781//891 784//925 817//903
f 820//955 626//742 794//930
f 912//956 822//787 821//957
f 696//816 780//815 806//948
f 819//958 603//713 606//718
f 797//904 1288//959 800//945
f 825//960 5//3 13//2
f 822//787 912//956 653//765
f 670//791 653//765 912//956
f 790//936 670//791 912//956
f 700//811 659//790 786//793
f 626//742 628//735 794//930
f 767//905 823//961 824//906
f 826//962 791//929 801//940
f 797//904 573//777 1288//959
f 827//963 673//795 670//791
f 826//962 801//940 929//964
f 793//933 808//934 882//965
f 771//966 824//906 823//961
f 791//929 924//967 980//968
f 824//906 771//966 764//911
f 798//937 901//969 767//905
f 828//970 1017//971 303//972
f 819//958 606//718 825//960
f 767//905 752//894 798//937
f 606//718 5//3 825//960
f 827//963 670//791 790//936
f 831//973 914//974 744//873
f 672//792 786//793 833//975
f 711//854 820//955 727//866
f 711//854 626//742 820//955
f 786//793 722//850 700//811
f 825//960 13//2 830//976
f 820//955 832//977 1116//978
f 727//866 820//955 1116//978
f 766//915 875//979 773//912
f 803//943 802//942 971//952
f 444//565 394//492 447//568
f 825//960 850//980 819//958
f 659//790 833//975 786//793
f 586//981 444//565 836//982
f 763//908 831//973 744//873
f 776//983 773//912 875//979
f 561//680 444//565 586//981
f 603//713 819//958 621//733
f 875//979 766//915 980//968
f 817//903 813//954 1442//984
f 834//985 836//982 447//568
f 444//565 447//568 836//982
f 796//986 820//955 794//930
f 835//987 840//988 841//989
f 843//990 841//989 840//988
f 842//991 843//990 840//988
f 669//794 643//770 621//733
f 813//954 784//925 809//944
f 844//992 251//321 867//993
f 843//994 835//987 841//989
f 845//995 841//996 843//997
f 843//997 842//998 845//995
f 254//332 251//321 844//992
f 842//999 835//987 843//994
f 863//1000 460//564 580//614
f 565//686 811//953 564//689
f 639//786 669//794 866//1001
f 839//1002 254//332 844//992
f 763//908 748//886 848//896
f 811//953 565//686 837//685
f 803//943 811//953 837//685
f 754//895 1276//1003 848//896
f 848//896 1276//1003 851//1004
f 659//790 672//792 833//975
f 669//794 621//733 855//1005
f 853//1006 569//690 864//1007
f 853//1006 566//684 569//690
f 636//327 254//332 839//1002
f 621//733 819//958 850//980
f 831//973 763//908 848//896
f 854//1008 839//1002 46//72
f 855//1005 621//733 850//980
f 848//896 851//1004 857//1009
f 46//72 691//85 854//1008
f 837//685 566//684 853//1006
f 856//768 227//295 637//294
f 856//768 637//294 635//747
f 860//1010 841//996 861//1011
f 862//1012 843//1013 860//1010
f 841//996 860//1010 843//1013
f 849//1014 860//1010 861//1011
f 849//1015 861//1016 862//1017
f 861//1018 838//1019 849//1014
f 839//1002 854//1008 636//327
f 659//790 277//358 856//768
f 854//1008 681//751 636//327
f 856//768 277//358 227//295
f 841//996 845//995 861//1011
f 843//1013 862//1012 842//998
f 846//1020 847//1021 845//1022
f 861//1018 845//1022 847//1021
f 838//1019 861//1018 847//1021
f 862//1017 861//1016 845//995
f 862//1017 845//995 842//998
f 864//1007 575//688 584//698
f 842//999 862//1012 835//987
f 860//1010 835//987 862//1012
f 864//1007 569//690 575//688
f 816//950 858//1023 815//951
f 849//1015 846//1020 861//1024
f 842//991 840//988 862//1017
f 849//1015 862//1017 840//988
f 846//1020 849//1015 847//1021
f 866//1001 865//1025 639//786
f 847//1021 849//1015 840//988
f 845//1022 861//1024 846//1020
f 853//1006 803//943 837//685
f 849//1014 835//987 860//1010
f 676//573 605//422 661//774
f 853//1006 804//941 803//943
f 278//421 339//414 676//573
f 868//1026 810//725 865//1025
f 681//751 844//992 871//809
f 839//1002 844//992 681//751
f 1009//1027 838//1019 880//1028
f 638//797 865//1025 613//727
f 638//797 639//786 865//1025
f 613//727 865//1025 810//725
f 1009//1027 849//1014 838//1019
f 865//1025 866//1001 868//1026
f 808//934 734//871 869//1029
f 817//903 870//1030 798//937
f 872//1031 734//871 873//1032
f 734//871 744//873 873//1032
f 1009//1027 880//1028 980//968
f 872//1031 869//1029 734//871
f 504//635 810//725 876//1033
f 341//415 605//422 676//573
f 971//952 948//1034 884//1035
f 867//993 251//321 341//415
f 341//415 676//573 867//993
f 744//873 914//974 873//1032
f 874//1036 504//635 876//1033
f 810//725 868//1026 876//1033
f 980//968 880//1028 875//979
f 676//573 339//414 457//581
f 812//946 793//933 882//965
f 876//1033 886//1037 879//1038
f 812//946 792//1039 785//931
f 1762//1040 879//1038 886//1037
f 877//1041 815//951 858//1023
f 882//965 885//148 812//946
f 811//953 884//1035 881//1042
f 879//1038 874//1036 876//1033
f 811//953 881//1042 878//1043
f 867//993 1104//938 871//809
f 460//564 863//1000 447//568
f 871//809 844//992 867//993
f 808//934 869//1029 882//965
f 812//946 928//1044 792//1039
f 34//63 46//72 891//1045
f 886//1037 876//1033 883//1046
f 854//1008 691//85 694//820
f 564//689 811//953 878//1043
f 1762//1040 886//1037 983//1047
f 694//820 892//1048 854//1008
f 1609//1049 887//1050 870//1030
f 836//982 889//745 586//981
f 868//1026 866//1001 888//1051
f 600//729 586//981 889//745
f 839//1002 892//1048 46//72
f 864//1007 584//698 890//1052
f 872//1031 905//1053 898//1054
f 602//730 600//729 889//745
f 669//794 888//1051 866//1001
f 870//1030 901//969 798//937
f 891//1045 46//72 892//1048
f 889//745 836//982 834//985
f 107//150 34//63 891//1045
f 776//983 880//1028 838//1019
f 885//148 898//1054 56//83
f 882//965 898//1054 885//148
f 875//979 880//1028 776//983
f 669//794 855//1005 888//1051
f 681//751 854//1008 892//1048
f 834//985 447//568 863//1000
f 888//1051 855//1005 895//1055
f 681//751 892//1048 839//1002
f 702//860 891//1045 892//1048
f 847//1021 840//988 838//1019
f 895//1055 903//1056 868//1026
f 892//1048 694//820 702//860
f 776//983 840//988 894//1057
f 56//83 898//1054 85//121
f 776//983 838//1019 840//988
f 897//572 949//1058 899//1059
f 584//698 878//1043 890//1052
f 868//1026 888//1051 895//1055
f 584//698 564//689 878//1043
f 898//1054 905//1053 906//1060
f 898//1054 882//965 869//1029
f 898//1054 893//1061 85//121
f 823//961 767//905 901//969
f 901//969 829//1062 823//961
f 904//1063 829//1062 901//969
f 898//1054 906//1060 893//1061
f 900//783 649//749 494//607
f 870//1030 887//1050 901//969
f 872//1031 873//1032 906//1060
f 872//1031 906//1060 905//1053
f 908//585 449//833 277//358
f 822//787 923//1064 821//957
f 863//1000 580//614 913//1065
f 449//833 908//585 448//356
f 939//1066 868//1026 903//1056
f 908//585 277//358 703//840
f 903//1056 930//1067 939//1066
f 990//1068 867//993 897//572
f 895//1055 859//1069 922//1070
f 909//918 777//919 916//1071
f 887//1050 907//1072 901//969
f 872//1031 898//1054 869//1029
f 911//1073 450//584 908//585
f 910//1074 926//1075 920//510
f 920//510 385//482 910//1074
f 873//1032 914//974 906//1060
f 385//482 107//150 910//1074
f 913//1065 580//614 918//802
f 855//1005 859//1069 895//1055
f 915//1076 775//910 852//916
f 923//1064 822//787 909//918
f 117//147 812//946 885//148
f 775//910 915//1076 908//585
f 908//585 703//840 775//910
f 907//1072 904//1063 901//969
f 393//507 382//481 920//510
f 649//749 950//1077 943//1078
f 333//413 480//602 919//1079
f 922//1070 903//1056 895//1055
f 924//967 826//962 818//1080
f 925//1081 956//1082 117//147
f 919//1079 480//602 911//1073
f 117//147 113//149 925//1081
f 943//1078 770//832 649//749
f 907//1072 1634//24 904//1063
f 954//1083 913//1065 918//802
f 1733//1084 1743//1085 927//1086
f 826//962 924//967 791//929
f 927//1086 928//1044 935//1087
f 500//599 450//584 911//1073
f 928//1044 927//1086 792//1039
f 952//1088 389//579 920//1089
f 952//1088 920//1089 932//1090
f 911//1073 908//585 915//1076
f 911//1073 921//1091 919//1079
f 903//1056 922//1070 930//1067
f 500//599 911//1073 480//602
f 934//1092 916//1071 777//919
f 389//579 949//1058 920//1089
f 913//1065 649//749 900//783
f 1733//1084 927//1086 935//1087
f 771//966 823//961 933//1093
f 913//1065 954//1083 950//1077
f 932//1090 920//1089 949//1058
f 649//749 913//1065 950//1077
f 932//1090 936//1094 952//1088
f 920//510 926//1075 936//1094
f 818//1080 917//1095 992//1096
f 818//1080 826//962 917//1095
f 909//918 916//1071 923//1064
f 920//510 936//1094 393//507
f 910//1074 393//507 936//1094
f 400//1097 393//507 910//1074
f 912//956 934//1092 777//919
f 911//1073 938//1098 921//1091
f 938//1098 911//1073 915//1076
f 912//956 821//957 934//1092
f 913//1065 900//783 538//645
f 912//956 777//919 790//936
f 829//1062 945//631 933//1093
f 876//1033 868//1026 939//1066
f 829//1062 933//1093 823//961
f 897//572 389//579 932//1090
f 917//1095 941//1099 937//1100
f 949//1058 897//572 932//1090
f 944//185 1747//1101 940//1102
f 931//1103 1747//1101 944//185
f 942//1104 915//1076 852//916
f 931//1103 944//185 137//171
f 949//1058 443//571 988//1105
f 389//579 443//571 949//1058
f 771//966 933//1093 1155//1106
f 948//1034 821//957 923//1064
f 948//1034 947//1107 821//957
f 829//1062 904//1063 945//631
f 883//1046 946//1108 975//1109
f 940//1102 951//1110 944//185
f 947//1107 916//1071 934//1092
f 939//1066 883//1046 876//1033
f 1733//1084 935//1087 940//1102
f 942//1104 938//1098 915//1076
f 935//1087 957//1111 940//1102
f 883//1046 939//1066 946//1108
f 928//1044 812//946 117//147
f 954//1083 918//802 943//1078
f 117//147 956//1082 928//1044
f 936//1094 926//1075 952//1088
f 932//1090 389//579 899//1059
f 934//1092 821//957 947//1107
f 943//1078 950//1077 800//1112
f 954//1083 800//1112 950//1077
f 943//1078 800//1112 954//1083
f 1176//1113 852//916 696//816
f 884//1035 923//1064 916//1071
f 948//1034 923//1064 884//1035
f 953//1114 942//1104 852//916
f 944//185 951//1110 958//1115
f 943//1078 918//802 770//832
f 936//1094 932//1090 899//1059
f 926//1075 955//1116 952//1088
f 940//1102 957//1111 951//1110
f 910//1074 936//1094 955//1116
f 926//1075 910//1074 955//1116
f 389//579 952//1088 899//1059
f 1194//1117 1268//1118 953//1114
f 960//1119 955//1116 899//1059
f 936//1094 899//1059 955//1116
f 372//471 364//430 328//344
f 958//1115 968//1120 961//412
f 106//153 969//1121 1043//1122
f 944//185 958//1115 961//412
f 106//153 910//1074 969//1121
f 106//153 400//1097 910//1074
f 372//471 328//344 961//412
f 969//1121 910//1074 966//1123
f 910//1074 107//150 966//1123
f 964//1124 965//1125 966//1123
f 952//1088 955//1116 965//1126
f 965//1126 964//1124 952//1088
f 965//1125 964//1127 969//1121
f 955//1116 964//1127 965//1126
f 969//1121 966//1123 965//1125
f 946//1108 939//1066 959//1128
f 826//962 929//964 917//1095
f 968//1120 967//1129 961//412
f 964//1127 1011//1130 969//1121
f 958//1115 967//1129 968//1120
f 1553//1131 505//630 976//1132
f 372//471 961//412 967//1129
f 917//1095 937//1100 970//1133
f 811//953 971//952 884//1035
f 975//1109 886//1037 883//1046
f 970//1133 1262//1134 1463//1135
f 970//1133 937//1100 1262//1134
f 980//968 766//915 791//929
f 505//630 517//637 972//1136
f 800//945 1333//1137 814//889
f 957//1111 935//1087 928//1044
f 916//1071 947//1107 973//1138
f 976//1132 972//1136 1002//1139
f 505//630 972//1136 976//1132
f 957//1111 928//1044 956//1082
f 884//1035 916//1071 973//1138
f 984//1140 815//951 877//1041
f 984//1140 809//944 815//951
f 984//1140 986//1141 809//944
f 966//1123 1018//1142 964//1124
f 835//987 974//1143 840//988
f 960//1119 952//1088 964//1124
f 831//973 977//1144 914//974
f 867//993 676//573 897//572
f 813//954 809//944 986//1141
f 451//576 725//762 981//1145
f 962//1146 963//1147 1103//1148
f 831//973 848//896 857//1009
f 676//573 457//581 988//1105
f 976//1132 1002//1139 1028//1149
f 988//1105 443//571 676//573
f 1553//1131 976//1132 982//1150
f 991//1151 857//1009 1007//1152
f 831//973 857//1009 991//1151
f 899//1059 990//1068 897//572
f 831//973 991//1151 977//1144
f 867//993 990//1068 1104//938
f 998//1153 813//954 986//1141
f 980//968 924//967 992//1096
f 963//1147 1046//1154 1001//1155
f 978//1156 979//1157 913//1065
f 1104//938 990//1068 993//1158
f 986//1141 995//1159 998//1153
f 991//1151 1007//1152 994//1160
f 994//1160 999//1161 991//1151
f 886//1037 975//1109 983//1047
f 303//972 997//1162 300//377
f 1041//1163 972//1136 517//637
f 1442//984 813//954 998//1153
f 1001//1155 989//1164 963//1147
f 974//1143 992//1096 917//1095
f 960//1119 899//1059 949//1058
f 1005//1165 960//1119 988//1105
f 952//1088 990//1068 899//1059
f 946//1108 1000//1166 975//1109
f 946//1108 959//1128 1000//1166
f 1017//971 997//1162 303//972
f 960//1119 949//1058 988//1105
f 974//1143 1009//1027 992//1096
f 1306//1167 991//1151 999//1161
f 457//581 473//603 988//1105
f 972//1136 1041//1163 1002//1139
f 1004//1168 983//1047 1000//1166
f 1000//1166 983//1047 975//1109
f 857//1009 851//1004 985//1169
f 1003//1170 1008//470 997//1162
f 997//1162 1008//470 300//377
f 1007//1152 985//1169 1010//1171
f 1000//1166 959//1128 1006//1172
f 988//1105 1356//1173 1005//1165
f 980//968 992//1096 1009//1027
f 959//1128 939//1066 1006//1172
f 1001//1155 1136//1174 989//1164
f 1009//1027 835//987 849//1014
f 995//1159 986//1141 984//1140
f 985//1169 1276//1003 1013//1175
f 528//647 1041//1163 517//637
f 960//1119 990//1068 952//1088
f 1006//1172 930//1067 1335//1176
f 955//1116 1011//1130 964//1127
f 1006//1172 939//1066 930//1067
f 985//1169 1013//1175 1010//1171
f 1011//1130 955//1116 960//1119
f 1005//1165 1030//1177 960//1119
f 974//1143 835//987 1009//1027
f 1014//1178 1054//1179 1016//1180
f 509//620 519//750 1012//1181
f 1022//1182 1016//1183 993//1158
f 1014//1184 993//1158 1016//1183
f 1018//1142 966//1123 1054//1179
f 519//750 646//759 1012//1181
f 960//1119 964//1124 1018//1142
f 840//988 974//1143 917//1095
f 633//746 889//745 1035//1185
f 1014//1184 990//1068 960//1119
f 993//1158 1014//1184 960//1119
f 834//985 863//1000 979//1157
f 979//1157 863//1000 913//1065
f 990//1068 1014//1184 1016//1186
f 1011//1130 960//1119 1018//1142
f 889//745 834//985 1035//1185
f 1018//1142 969//1121 1011//1130
f 987//1187 1015//1188 1021//1189
f 1051//1190 1002//1139 1041//1163
f 1022//1191 1018//1142 1016//1192
f 818//1080 992//1096 924//967
f 989//1164 1023//1193 987//1187
f 516//641 1012//1181 1019//1194
f 989//1164 1136//1174 1023//1193
f 516//641 509//620 1012//1181
f 1016//1186 1022//1195 990//1068
f 1012//1181 1097//1196 1019//1194
f 1004//1168 1000//1166 1020//1197
f 1027//1198 840//988 970//1133
f 997//1162 1017//971 1026//1199
f 795//921 781//891 1025//893
f 1031//1200 795//921 1025//893
f 1027//1198 970//1133 1463//1135
f 993//1158 960//1119 1030//1177
f 1026//1199 1003//1170 997//1162
f 1459//1201 1030//1177 1005//1165
f 516//641 1019//1194 544//671
f 1003//1170 1554//1202 1008//470
f 970//1133 840//988 917//1095
f 1006//1172 1029//1203 1020//1197
f 1026//1199 202//233 261//353
f 1027//1198 894//1057 840//988
f 1032//1204 894//1057 1027//1198
f 736//877 544//671 735//1205
f 1335//1176 1352//1206 1006//1172
f 1033//1207 1035//1185 834//985
f 896//1208 902//1209 1034//1210
f 1000//1166 1006//1172 1020//1197
f 1058//1211 1099//1212 1028//1149
f 1036//1213 1020//1197 1029//1203
f 1020//1197 1036//1213 10//586
f 996//1214 976//1132 1028//1149
f 1031//1200 1025//893 1024//1215
f 1035//1185 667//784 633//746
f 1025//893 1044//1216 1024//1215
f 1026//1199 261//353 1003//1170
f 996//1214 982//1150 976//1132
f 228//236 260//340 1045//1217
f 106//153 1043//1122 1376//151
f 751//892 1046//1154 1044//1216
f 1042//1218 969//1121 1018//1142
f 1044//1216 1025//893 751//892
f 1034//1210 902//1209 1032//1204
f 1035//1185 1048//949 667//784
f 1043//1122 969//1121 1042//1218
f 780//815 667//784 1048//949
f 751//892 765//909 1046//1154
f 1049//1219 228//236 1045//1217
f 1047//1220 1034//1210 1032//1204
f 1066//1221 1041//1163 330//409
f 528//647 330//409 1041//1163
f 333//413 1066//1221 330//409
f 333//413 330//409 61//66
f 1044//1216 1046//1154 963//1147
f 966//1123 1042//1218 1054//1179
f 1014//1178 1018//1142 1054//1179
f 1010//1171 1113//1222 1007//1152
f 1042//1218 1018//1142 1059//1223
f 1016//1180 1054//1179 1022//1224
f 1059//1223 1022//1224 1054//1179
f 1054//1179 1042//1218 1059//1223
f 1059//1223 1018//1142 1022//1191
f 1014//1178 1016//1192 1018//1142
f 894//1057 1032//1204 902//1209
f 993//1158 990//1068 1059//1225
f 1059//1225 1022//1182 993//1158
f 1059//1225 990//1068 1022//1195
f 966//1123 1037//1226 1042//1218
f 1043//1122 1042//1218 1037//1226
f 1047//1220 1032//1204 1027//1198
f 1051//1190 1058//1211 1002//1139
f 1058//1211 1028//1149 1002//1139
f 1060//1227 1001//1155 1046//1154
f 1064//1228 966//1123 107//150
f 1064//1228 107//150 891//1045
f 1074//1229 850//980 1050//1230
f 1074//1229 1053//1231 850//980
f 1051//1190 1056//1232 1058//1211
f 1049//1219 1045//1217 1061//1233
f 1024//1215 1065//1234 1086//1235
f 1063//1236 801//940 1257//939
f 1053//1231 1074//1229 1062//1237
f 999//1161 1069//1238 1306//1167
f 994//1160 1069//1238 999//1161
f 1051//1190 1041//1163 1066//1221
f 1056//1232 1051//1190 1066//1221
f 1306//1167 1069//1238 1070//1239
f 1066//1221 333//413 919//1079
f 919//1079 921//1091 1066//1221
f 1021//1189 962//1146 1121//1240
f 1078//1241 1066//1221 921//1091
f 1066//1221 1078//1241 1056//1232
f 891//1045 727//866 1067//1242
f 1073//1243 801//940 1063//1236
f 929//964 801//940 1073//1243
f 1065//1234 1021//1189 1080//1244
f 1063//1236 1068//1245 1073//1243
f 1065//1234 962//1146 1021//1189
f 891//1045 702//860 727//866
f 1064//1228 891//1045 1067//1242
f 1071//1246 260//340 354//505
f 1070//1239 1098//1247 1079//1248
f 1057//1249 1035//1185 1033//1207
f 1076//1250 260//340 1071//1246
f 1067//1242 1082//1251 1064//1228
f 1045//1217 260//340 1076//1250
f 1078//1241 921//1091 938//1098
f 1077//1252 1072//1253 1055//1254
f 404//491 1071//1246 354//505
f 1072//1253 1074//1229 1050//1230
f 1050//1230 1055//1254 1072//1253
f 966//1123 1064//1228 1037//1226
f 391//500 1071//1246 404//491
f 1071//1246 391//500 1084//1255
f 1007//1152 1088//1256 994//1160
f 1048//949 1035//1185 1057//1249
f 1083//1257 1058//1211 1078//1241
f 1057//1249 1176//1113 1048//949
f 1069//1238 994//1160 1088//1256
f 1086//1235 1080//1244 1087//1258
f 1076//1250 1061//1233 1045//1217
f 1078//1241 1075//1259 1092//1260
f 938//1098 1075//1259 1078//1241
f 1064//1228 1085//1261 1037//1226
f 1056//1232 1078//1241 1058//1211
f 1065//1234 1080//1244 1086//1235
f 1064//1228 1082//1251 1085//1261
f 1084//1255 1227//1262 1071//1246
f 1052//1263 1061//1233 1227//1262
f 1076//1250 1071//1246 1227//1262
f 1076//1250 1227//1262 1061//1233
f 1061//1233 1052//1263 1049//1219
f 1079//1248 1093//1264 1090//1265
f 1083//1257 1078//1241 1095//1266
f 1077//1252 1038//1267 1039//1268
f 1092//1260 1112//1269 1078//1241
f 1080//1244 1015//1188 1087//1258
f 1176//1113 696//816 1048//949
f 696//816 805//947 1048//949
f 857//1009 985//1169 1007//1152
f 1072//1253 1077//1252 1039//1268
f 1037//1226 1096//1270 1043//1122
f 1096//1270 1037//1226 1085//1261
f 1073//1243 1110//1271 1089//1272
f 1088//1256 1098//1247 1069//1238
f 1098//1247 1070//1239 1069//1238
f 962//1146 1024//1215 1044//1216
f 1085//1261 1082//1251 1096//1270
f 1374//1273 1100//1274 1068//1245
f 1374//1273 1068//1245 1081//1275
f 1068//1245 1100//1274 1073//1243
f 1094//1276 1096//1270 1082//1251
f 1118//1277 1099//1212 1083//1257
f 1104//938 668//775 871//809
f 979//1157 978//1156 1101//1278
f 225//293 155//188 226//194
f 1058//1211 1083//1257 1099//1212
f 761//898 807//1279 762//901
f 1039//1268 1105//1280 1072//1253
f 226//194 1108//1281 225//293
f 646//759 1097//1196 1012//1181
f 1079//1248 1098//1247 1106//1282
f 646//759 648//789 1114//1283
f 1104//938 1030//1177 761//898
f 962//1146 1103//1148 1115//1284
f 1030//1177 1104//938 993//1158
f 962//1146 1044//1216 963//1147
f 1073//1243 1108//1281 1110//1271
f 1073//1243 1100//1274 1108//1281
f 1105//1280 1238//1285 1109//1286
f 1109//1286 1072//1253 1105//1280
f 1100//1274 1374//1273 1111//1287
f 1065//1234 1024//1215 962//1146
f 1095//1266 1078//1241 1112//1269
f 953//1114 1092//1260 942//1104
f 1088//1256 1113//1222 1098//1247
f 629//756 648//789 646//759
f 1075//1259 938//1098 942//1104
f 942//1104 1092//1260 1075//1259
f 1088//1256 1007//1152 1113//1222
f 807//1279 761//898 332//418
f 1030//1177 332//418 761//898
f 1062//1237 1074//1229 1109//1286
f 1109//1286 1074//1229 1072//1253
f 727//866 1116//978 1067//1242
f 996//1214 1028//1149 1040//1288
f 1033//1207 979//1157 1101//1278
f 1040//1288 1028//1149 1099//1212
f 1099//1212 1118//1277 1040//1288
f 1116//978 1082//1251 1067//1242
f 1116//978 1145//1289 1082//1251
f 1040//1288 1118//1277 1144//1290
f 1106//1282 1098//1247 1113//1222
f 1097//1196 646//759 1114//1283
f 1108//1281 1100//1274 1111//1287
f 18//13 35//87 830//976
f 1033//1207 834//985 979//1157
f 1033//1207 1101//1278 1119//1291
f 830//976 13//2 18//13
f 1101//1278 1139//1292 1119//1291
f 962//1146 1115//1284 1121//1240
f 1106//1282 1093//1264 1079//1248
f 1118//1277 1083//1257 1095//1266
f 1116//978 832//977 1127//1293
f 1115//1284 1103//1148 987//1187
f 1115//1284 987//1187 1121//1240
f 1103//1148 989//1164 987//1187
f 1103//1148 963//1147 989//1164
f 1128//1294 850//980 825//960
f 1010//1171 1013//1175 1124//1295
f 1092//1260 1123//1296 1112//1269
f 825//960 1038//1267 1128//1294
f 1092//1260 1158//1297 1123//1296
f 1121//1240 987//1187 1021//1189
f 1125//1298 673//795 827//963
f 1118//1277 1095//1266 1144//1290
f 1144//1290 1095//1266 1112//1269
f 825//960 830//976 1038//1267
f 1120//1299 1122//788 673//795
f 35//87 1038//1267 830//976
f 673//795 1125//1298 1120//1299
f 1122//788 1114//1283 648//789
f 1131//1300 1124//1295 1126//1301
f 1122//788 1120//1299 1114//1283
f 1175//1302 1132//1303 1130//1304
f 1262//1134 1130//1304 1132//1303
f 1137//1305 736//877 735//1205
f 1135//1306 1140//1307 1112//1269
f 1129//1308 1194//1117 1117//1309
f 1019//1194 1137//1305 735//1205
f 735//1205 544//671 1019//1194
f 1097//1196 1114//1283 1137//1305
f 1137//1305 1019//1194 1097//1196
f 1134//1310 1135//1306 1112//1269
f 1174//1311 1132//1303 1178//1312
f 1101//1278 1107//1313 1139//1292
f 1120//1299 1137//1305 1114//1283
f 1139//1292 1107//1313 1138//1314
f 1134//1310 1123//1296 1146//1315
f 1112//1269 1123//1296 1134//1310
f 1139//1292 1129//1308 1117//1309
f 1138//1314 1129//1308 1139//1292
f 1137//1305 1120//1299 1141//1316
f 1117//1309 1194//1117 1176//1113
f 1113//1222 1124//1295 1106//1282
f 736//877 1137//1305 788//935
f 1128//1294 1143//1317 1133//1318
f 1143//1317 1128//1294 1038//1267
f 1106//1282 1142//1319 1093//1264
f 790//936 1141//1316 1125//1298
f 1283//1320 1040//1288 1144//1290
f 1136//1174 1001//1155 1167//1321
f 1141//1316 1120//1299 1125//1298
f 1137//1305 1141//1316 788//935
f 1082//1251 1145//1289 1102//1322
f 790//936 788//935 1141//1316
f 1125//1298 827//963 790//936
f 929//964 941//1099 917//1095
f 1102//1322 1094//1276 1082//1251
f 1105//1280 1039//1268 1038//1267
f 1145//1289 1523//1323 1102//1322
f 1046//1154 765//909 1149//1324
f 1127//1293 1145//1289 1116//978
f 1144//1290 1112//1269 1146//1315
f 1050//1230 850//980 1128//1294
f 764//911 1149//1324 765//909
f 1183//1325 1050//1230 1128//1294
f 393//507 400//1097 123//165
f 393//507 123//165 1151//472
f 1135//1306 1146//1315 1140//1307
f 1135//1306 1134//1310 1146//1315
f 1046//1154 1149//1324 1153//1326
f 1142//1319 1106//1282 1162//1327
f 1154//1328 1153//1326 1149//1324
f 1060//1227 1046//1154 1153//1326
f 123//165 1179//1329 1151//472
f 1146//1315 1112//1269 1140//1307
f 1124//1295 1113//1222 1010//1171
f 1124//1295 1168//1330 1106//1282
f 1057//1249 1119//1291 1176//1113
f 1149//1324 1155//1106 1154//1328
f 1149//1324 771//966 1155//1106
f 1146//1315 1123//1296 1158//1297
f 1157//1331 937//1100 941//1099
f 1149//1324 764//911 771//966
f 855//1005 850//980 1053//1231
f 1164//1332 1154//1328 1155//1106
f 1175//1302 1169//1333 937//1100
f 1175//1302 937//1100 1157//1331
f 1130//1334 1174//1311 1165//1335
f 1163//1336 1159//1337 1422//1338
f 941//1099 1165//1335 1262//1134
f 1001//1155 1060//1227 1170//1339
f 1169//1333 941//1099 1262//1134
f 1169//1333 1262//1134 937//1100
f 941//1099 1130//1334 1165//1335
f 1157//1331 1169//1333 1165//1335
f 1157//1331 941//1099 1169//1333
f 1060//1227 1153//1326 1170//1339
f 1162//1327 1106//1282 1168//1330
f 368//474 393//507 1151//472
f 1117//1309 1119//1291 1161//1340
f 1057//1249 1033//1207 1119//1291
f 1524//1341 1093//1264 1142//1319
f 929//964 1174//1311 941//1099
f 1139//1292 1161//1340 1119//1291
f 1001//1155 1173//1342 1167//1321
f 1117//1309 1171//1343 1139//1292
f 1174//1311 1130//1334 941//1099
f 1173//1342 1001//1155 1170//1339
f 1179//1329 1177//1344 1160//1345
f 1171//1343 1117//1309 1161//1340
f 1023//1193 1136//1174 1167//1321
f 1178//1312 1165//1335 1174//1311
f 1165//1335 1178//1312 1157//1331
f 1167//1321 1181//1346 1023//1193
f 1175//1302 1157//1331 1178//1312
f 1165//1335 1169//1333 1175//1302
f 1161//1340 1139//1292 1171//1343
f 741//879 745//884 1163//1336
f 1167//1321 1173//1342 1181//1346
f 1142//1319 1162//1327 1524//1341
f 1187//1347 1152//1348 1166//1349
f 1187//1347 1166//1349 1182//1350
f 1163//1336 745//884 1159//1337
f 741//879 1163//1336 1186//1351
f 1162//1327 1199//1352 1524//1341
f 1194//1117 852//916 1176//1113
f 1172//1353 1162//1327 1168//1330
f 1190//1354 1173//1342 1170//1339
f 1183//1325 1055//1254 1050//1230
f 1182//1350 21//1355 1192//1356
f 1195//1357 1185//1358 1186//1351
f 1186//1351 1191//1359 760//914
f 1160//1345 1151//472 1179//1329
f 1176//1113 1119//1291 1117//1309
f 1170//1339 1164//1332 1190//1354
f 1191//1359 1186//1351 1185//1358
f 953//1114 852//916 1194//1117
f 1154//1328 1164//1332 1170//1339
f 1153//1326 1154//1328 1170//1339
f 855//1005 1062//1237 1225//1360
f 1049//1219 1197//1361 228//236
f 1053//1231 1062//1237 855//1005
f 1203//1362 1199//1352 1162//1327
f 1196//1363 1195//1357 1163//1336
f 1163//1336 1195//1357 1186//1351
f 1180//1364 1177//1344 1179//1329
f 1195//1357 1196//1363 1185//1358
f 1193//1365 1178//1312 1132//1303
f 1225//1360 1246//1366 859//1069
f 859//1069 855//1005 1225//1360
f 1200//1367 1197//1361 1201//1368
f 1511//1369 1185//1358 1521//1370
f 1201//1368 1197//1361 1198//1371
f 1197//1361 1049//1219 1198//1371
f 1524//1341 1199//1352 1208//1372
f 929//964 1184//1373 1174//1311
f 1055//1254 1143//1317 1077//1252
f 1206//1374 1172//1353 1524//1341
f 142//178 1185//1358 1511//1369
f 1015//1188 1080//1244 1021//1189
f 1201//1368 1198//1371 1015//1188
f 1185//1358 1196//1363 1521//1370
f 1204//1375 1203//1362 1209//1376
f 1183//1325 1128//1294 1133//1318
f 1052//1263 1198//1371 1049//1219
f 1183//1325 1133//1318 1218//1377
f 1156//1378 1180//1364 1179//1329
f 1201//1368 1015//1188 1213//1379
f 1210//1380 1206//1374 1199//1352
f 1201//1368 1213//1379 1200//1367
f 1204//1375 1209//1376 1199//1352
f 1199//1352 1206//1374 1204//1375
f 929//964 1073//1243 1089//1272
f 1218//1377 1055//1254 1183//1325
f 1156//1378 1220//1381 1180//1364
f 1214//1382 1207//1383 1219//1384
f 1212//1385 1222//1386 1216//1387
f 1206//1374 1633//1388 1208//1372
f 1208//1372 1633//1388 1644//1389
f 1214//1382 1217//1390 1207//1383
f 760//914 759//880 1186//1351
f 1184//1373 929//964 1089//1272
f 1286//1391 1212//1385 1216//1387
f 1315//1392 1180//1364 1220//1381
f 1205//1393 1189//1394 1089//1272
f 1186//1351 759//880 741//879
f 1156//1378 1211//1395 1220//1381
f 1222//1386 1213//1379 1023//1193
f 1208//1372 1199//1352 1209//1376
f 1213//1379 987//1187 1023//1193
f 1206//1374 1208//1372 1209//1376
f 1210//1380 1209//1376 1203//1362
f 1213//1379 1015//1188 987//1187
f 1188//1396 1203//1362 1168//1330
f 1219//1384 1217//1390 1214//1382
f 1222//1386 1212//1385 1213//1379
f 150//192 173//196 177//270
f 538//645 568//707 1215//1397
f 577//669 536//657 1224//672
f 1151//472 1160//1345 1224//672
f 1172//1353 1206//1374 1162//1327
f 1227//1262 1084//1255 1230//437
f 209//269 352//443 177//270
f 1251//1398 1224//672 1160//1345
f 1178//1312 1205//1393 1231//1399
f 1143//1317 1055//1254 1218//1377
f 1133//1318 1143//1317 1218//1377
f 1189//1394 1205//1393 1178//1312
f 1150//1400 1242//1401 573//777
f 1232//1402 1193//1365 1132//1303
f 760//914 1191//1359 778//920
f 1203//1362 1206//1374 1210//1380
f 1038//1267 1077//1252 1143//1317
f 1234//1403 1308//1404 1227//1262
f 1236//1405 1188//1396 1210//1380
f 783//923 778//920 1191//1359
f 1210//1380 1256//1406 1209//1376
f 568//707 582//704 1228//1407
f 568//707 1228//1407 1215//1397
f 1160//1345 1233//1408 1239//1409
f 1199//1352 1236//1405 1210//1380
f 1206//1374 1203//1362 1236//1410
f 1236//1410 1162//1327 1206//1374
f 783//923 1191//1359 1235//1411
f 1105//1280 1254//1412 1238//1285
f 1225//1360 1109//1286 1238//1285
f 1234//1403 1227//1262 1230//437
f 1228//1407 582//704 814//889
f 1440//1413 1479//1414 1217//1390
f 1191//1359 1185//1358 1240//1415
f 1203//1362 1162//1327 1236//1410
f 1236//1405 1199//1352 1188//1396
f 1251//1398 1160//1345 1237//1416
f 1150//1400 1244//1417 1242//1401
f 1180//1364 1237//1416 1239//1409
f 1240//1415 1185//1358 140//180
f 1180//1364 1239//1409 1233//1408
f 1199//1352 1203//1362 1188//1396
f 1062//1237 1109//1286 1225//1360
f 1243//1418 1182//1350 1192//1356
f 1243//1418 1192//1356 1245//1419
f 1224//672 1251//1398 577//669
f 1188//1396 1168//1330 1124//1295
f 1241//1420 1247//1421 1252//1422
f 1240//1415 140//180 150//192
f 1247//1421 1241//1420 1216//1387
f 1150//1400 1148//1423 1244//1417
f 177//270 1240//1415 150//192
f 1124//1295 1131//1300 1256//1406
f 1235//1411 1191//1359 1240//1415
f 1038//1267 35//87 192//92
f 1229//1424 1235//1411 1240//1415
f 1247//1421 1216//1387 1222//1386
f 1250//1425 1253//1426 1229//1424
f 1038//1267 192//92 1254//1412
f 1252//1422 355//438 1241//1420
f 1255//1427 1253//1426 1250//1425
f 1131//1300 1126//1301 981//1145
f 355//438 1252//1422 1230//437
f 1210//1380 1188//1396 1256//1406
f 1235//1411 1229//1424 783//923
f 1253//1426 783//923 1229//1424
f 1253//1426 1257//939 783//923
f 1188//1396 1124//1295 1256//1406
f 1248//1428 1251//1398 1237//1416
f 1226//1429 1247//1421 1222//1386
f 1257//939 1253//1426 1255//1427
f 1148//1423 1152//1348 1249//1430
f 1234//1403 1230//437 1258//1431
f 1148//1423 1249//1430 1244//1417
f 1252//1422 1247//1421 1258//1431
f 1258//1431 1230//437 1252//1422
f 177//270 1229//1424 1240//1415
f 21//1355 1584//1432 1192//1356
f 1251//1398 1248//1428 1300//1433
f 1234//1403 1258//1431 1396//1434
f 1396//1434 1258//1431 1259//1435
f 1229//1424 177//270 1250//1425
f 1247//1421 1264//1436 1258//1431
f 1256//1406 1131//1300 1659//1437
f 1232//1402 1132//1303 1175//1302
f 1175//1302 1178//1312 1232//1402
f 1250//1425 1317//1438 1255//1427
f 1215//1397 1228//1407 1277//1439
f 177//270 352//443 1250//1425
f 1038//1267 1254//1412 1105//1280
f 538//645 1215//1397 1309//1440
f 1260//1441 1232//1402 1178//1312
f 1231//1399 1260//1441 1178//1312
f 1254//1412 192//92 1200//1367
f 1264//1436 1247//1421 1226//1429
f 1132//1303 1174//1311 1262//1134
f 1264//1436 1226//1429 1432//1442
f 1250//1425 352//443 1263//1443
f 1264//1436 1259//1435 1258//1431
f 1264//1436 1270//1444 1259//1435
f 1262//1134 1175//1302 1130//1304
f 1570//1445 1245//1419 1192//1356
f 1267//1446 473//603 1266//1447
f 1165//1335 1175//1302 1262//1134
f 1270//1444 1265//1448 1259//1435
f 473//603 1273//1449 1202//1450
f 1267//1451 1266//1447 1239//1409
f 981//1145 1659//1437 1131//1300
f 1263//1443 1317//1438 1250//1425
f 1268//1118 451//576 953//1114
f 1266//1452 1233//1408 1275//1453
f 1239//1409 1266//1447 1160//1345
f 1197//1361 1200//1367 192//92
f 1160//1345 1275//1453 1233//1408
f 1266//1452 1267//1454 1233//1408
f 1269//1455 1271//642 1272//1456
f 473//603 1267//1446 1273//1449
f 1288//959 573//777 1242//1401
f 1273//1449 1267//1451 1239//1409
f 1266//1452 1275//1453 1267//1457
f 1262//1134 1174//1311 1274//1458
f 304//384 312//390 1268//1118
f 814//889 1261//1459 1228//1407
f 451//576 1268//1118 312//390
f 1273//1460 1267//1457 1275//1453
f 981//1145 1294//1461 451//576
f 1277//1439 1228//1407 1261//1459
f 1177//1344 1273//1460 1275//1453
f 1278//1462 1276//1003 754//895
f 1177//1344 1275//1453 1160//1345
f 495//618 85//121 893//1061
f 1273//1460 1233//1408 1267//1454
f 1177//1344 1233//1408 1273//1460
f 1177//1344 1180//1364 1233//1408
f 1280//1463 996//1214 1040//1288
f 228//236 1197//1361 192//92
f 1281//1464 1237//1416 473//603
f 1087//1258 1198//1371 1285//1465
f 1015//1188 1198//1371 1087//1258
f 1276//1003 1278//1462 1280//1463
f 1238//1285 1282//1466 1225//1360
f 1280//1463 1278//1462 996//1214
f 1274//1458 1372//1467 1232//1402
f 1372//1467 1274//1458 1174//1311
f 1254//1412 1200//1367 1238//1285
f 1225//1360 1282//1466 1246//1366
f 1281//1464 1202//1450 1239//1409
f 1284//694 503//627 1279//1468
f 1238//1285 1200//1367 1282//1466
f 1274//1458 1520//1469 1262//1134
f 1279//1468 503//627 495//618
f 893//1061 1279//1468 495//618
f 1239//1409 1237//1416 1281//1464
f 1237//1416 1266//1447 473//603
f 893//1061 906//1060 1279//1468
f 1283//1320 1280//1463 1040//1288
f 1086//1235 1087//1258 1285//1465
f 601//703 1284//694 1287//1470
f 1287//1470 1284//694 1279//1468
f 1160//1345 1266//1447 1237//1416
f 1282//1466 1200//1367 1213//1379
f 1202//1450 1356//1173 473//603
f 1144//1290 1146//1315 1283//1320
f 1269//1455 352//443 185//337
f 1283//1320 1146//1315 1158//1297
f 473//603 574//601 577//669
f 1281//1464 473//603 577//669
f 1359//1471 1246//1366 1286//1391
f 1271//642 1269//1455 185//337
f 1178//1312 1193//1365 1189//1394
f 1251//1398 1281//1464 577//669
f 1286//1391 1282//1466 1212//1385
f 1282//1466 1213//1379 1212//1385
f 1288//959 1261//1459 1299//1472
f 1281//1464 1251//1398 1300//1433
f 1282//1466 1286//1391 1246//1366
f 1285//1465 1198//1371 1052//1263
f 1158//1297 1294//1461 1283//1320
f 1184//1373 1091//1473 1291//1474
f 1189//1394 1193//1365 1291//1474
f 1293//1475 1285//1465 1052//1263
f 1272//1456 1271//642 1290//1476
f 1052//1263 1296//1477 1293//1475
f 1271//642 546//644 1290//1476
f 1193//1365 1232//1402 1372//1467
f 1223//1478 1248//1428 1180//1364
f 1290//1476 546//644 1289//1479
f 1293//1475 1296//1477 1297//1480
f 1301//1481 1174//1311 1184//1373
f 1291//1474 1301//1481 1184//1373
f 953//1114 451//576 1092//1260
f 451//576 1158//1297 1092//1260
f 451//576 1294//1461 1158//1297
f 1276//1003 985//1169 851//1004
f 906//1060 914//974 1298//1482
f 914//974 977//1144 1298//1482
f 275//350 223//290 1292//464
f 814//889 1299//1472 1261//1459
f 360//454 275//350 1292//464
f 991//1151 1298//1482 977//1144
f 1013//1175 1276//1003 1280//1463
f 1291//1474 1193//1365 1377//1483
f 223//290 320//398 1292//464
f 1180//1364 1248//1428 1237//1416
f 1283//1320 1295//1484 1280//1463
f 320//398 373//462 1292//464
f 1280//1463 1295//1484 1013//1175
f 1086//1235 1293//1475 1303//1485
f 1283//1320 1294//1461 1295//1484
f 1279//1468 906//1060 1298//1482
f 1242//1401 1277//1439 1288//959
f 1277//1439 1261//1459 1288//959
f 1293//1475 1086//1235 1285//1465
f 1272//1456 1255//1427 1269//1455
f 1307//1486 1242//1401 1207//1383
f 1303//1485 1573//1487 1086//1235
f 1091//1473 1184//1373 1089//1272
f 1202//1450 1281//1464 1304//1488
f 1273//1449 1239//1409 1202//1450
f 1293//1475 1297//1480 1303//1485
f 1297//1480 1296//1477 1365//1489
f 1126//1301 1124//1295 1013//1175
f 1126//1301 1294//1461 981//1145
f 1241//1420 1286//1391 1216//1387
f 1231//1399 1205//1393 1089//1272
f 1294//1461 1126//1301 1295//1484
f 1287//1470 1298//1482 1306//1167
f 1295//1484 1126//1301 1013//1175
f 1052//1263 1227//1262 1308//1404
f 1296//1477 1052//1263 1308//1404
f 290//369 1230//437 325//405
f 290//369 233//370 1230//437
f 1230//437 1084//1255 325//405
f 472//598 325//405 1084//1255
f 1308//1404 1323//1490 1296//1477
f 1231//1399 1089//1272 1110//1271
f 1305//1491 1286//1391 1241//1420
f 1304//1488 1281//1464 1300//1433
f 1291//1474 1089//1272 1189//1394
f 1291//1474 1091//1473 1089//1272
f 1466//1492 1304//1488 1300//1433
f 1311//1493 1316//1494 1313//1495
f 1309//1440 1215//1397 1277//1439
f 1314//1496 1300//1433 1248//1428
f 1248//1428 1315//1392 1314//1496
f 355//438 1305//1491 1241//1420
f 1272//1456 1310//1497 1255//1427
f 1242//1401 1307//1486 1277//1439
f 1063//1236 1255//1427 1310//1497
f 1309//1440 1277//1439 1307//1486
f 1257//939 1255//1427 1063//1236
f 1279//1468 1298//1482 1287//1470
f 1311//1493 1313//1495 1382//1498
f 1309//1440 1307//1486 1375//1499
f 1310//1497 1068//1245 1063//1236
f 355//438 1302//1500 1305//1491
f 1365//1489 1323//1490 1297//1480
f 1313//1495 1316//1494 1325//1501
f 1223//1478 1315//1392 1248//1428
f 1664//821 925//1081 113//149
f 601//703 1287//1470 1320//720
f 1313//1495 1325//1501 1319//1502
f 1466//1492 1300//1433 1314//1496
f 1466//1492 1314//1496 1318//1503
f 1550//1504 1152//1348 1187//1347
f 1263//1443 1269//1455 1317//1438
f 1263//1443 352//443 1269//1455
f 1365//1489 1296//1477 1323//1490
f 1220//1381 1331//1505 1315//1392
f 1223//1478 1180//1364 1315//1392
f 1152//1348 1550//1504 1249//1430
f 1287//1470 1326//1506 1320//720
f 1220//1381 1330//1507 1331//1505
f 1324//1508 930//1067 922//1070
f 922//1070 859//1069 1324//1508
f 538//645 1309//1440 913//1065
f 1317//1438 1269//1455 1255//1427
f 1314//1496 1327//1509 1318//1503
f 1321//1510 1320//720 1326//1506
f 1325//1501 1328//1511 1319//1502
f 1328//1511 1313//1495 1319//1502
f 1327//1509 1331//1505 1329//1512
f 1327//1509 1314//1496 1331//1505
f 859//1069 1359//1471 1324//1508
f 1331//1505 1330//1507 1329//1512
f 1314//1496 1315//1392 1331//1505
f 1325//1501 1439//1513 1328//1511
f 1332//1514 1313//1495 1328//1511
f 1382//1498 1313//1495 1332//1514
f 800//945 1340//1515 1333//1137
f 1231//1399 1110//1271 1312//1516
f 1299//1472 1333//1137 1340//1515
f 1299//1472 814//889 1333//1137
f 1265//1448 1339//1517 1334//1518
f 1234//1403 1350//1519 1308//1404
f 1220//1381 1221//1520 1330//1507
f 1336//1521 1324//1508 1359//1471
f 1339//1517 1337//1522 1334//1518
f 1336//1521 1335//1176 1324//1508
f 1337//1522 1339//1517 1347//1523
f 1343//1524 1232//1402 1260//1441
f 1342//1525 1343//1524 1260//1441
f 123//165 400//1097 106//153
f 129//166 1346//1526 123//165
f 1339//1517 1265//1448 1344//1527
f 1346//1526 129//166 133//169
f 597//721 1321//1510 1353//1528
f 548//442 350//441 556//673
f 1339//1517 1344//1527 1347//1523
f 1345//1529 1348//1530 1311//1493
f 1357//1531 1347//1523 1344//1527
f 1179//1329 1346//1526 1156//1378
f 1179//1329 123//165 1346//1526
f 597//721 1349//1532 609//724
f 597//721 1353//1528 1349//1532
f 1340//1515 800//945 1288//959
f 930//1067 1324//1508 1335//1176
f 1308//1404 1350//1519 1323//1490
f 1323//1490 1350//1519 1348//1530
f 1352//1206 1029//1203 1006//1172
f 1355//1533 1337//1522 1347//1523
f 1335//1176 1338//504 1352//1206
f 1321//1510 1326//1506 1353//1528
f 1260//1441 1231//1399 1342//1525
f 10//586 1338//504 462//503
f 1340//1515 1288//959 1299//1472
f 350//441 567//189 556//673
f 1348//1530 1350//1519 1341//1534
f 1342//1525 1231//1399 1312//1516
f 988//1105 473//603 1356//1173
f 1311//1493 1348//1530 1334//1518
f 1393//1535 1309//1440 1375//1499
f 1036//1213 1338//504 10//586
f 1309//1440 1393//1535 978//1156
f 1394//1536 1405//1537 1343//1524
f 1029//1203 1352//1206 1338//504
f 1338//504 1036//1213 1029//1203
f 1005//1165 1356//1173 1459//1201
f 1343//1524 1342//1525 1429//1538
f 1301//1481 1364//1539 1360//1540
f 1301//1481 1291//1474 1364//1539
f 567//189 1358//1541 556//673
f 1354//1542 1347//1523 1357//1531
f 1289//1479 1363//1543 1290//1476
f 1361//1544 1354//1542 1357//1531
f 1336//1521 1359//1471 1373//1545
f 1290//1476 1363//1543 1272//1456
f 1360//1540 1377//1483 1301//1481
f 1363//1543 1310//1497 1272//1456
f 1377//1483 1360//1540 1364//1539
f 1367//1546 1287//1470 1306//1167
f 1361//1544 1357//1531 1366//1547
f 1369//1548 1363//1543 1289//1479
f 1366//1547 1357//1531 1406//1549
f 1369//1548 1371//1550 1363//1543
f 1287//1470 1368//1551 1326//1506
f 1375//1499 1307//1486 1207//1383
f 1459//1201 1356//1173 1471//1552
f 1291//1474 1377//1483 1364//1539
f 1471//1552 1202//1450 1304//1488
f 1356//1173 1202//1450 1471//1552
f 1370//1553 1361//1544 1366//1547
f 1310//1497 1081//1275 1068//1245
f 859//1069 1246//1366 1359//1471
f 1081//1275 1310//1497 1363//1543
f 1373//1545 1359//1471 1286//1391
f 1207//1383 1242//1401 1244//1417
f 1366//1547 1569//1554 1370//1553
f 1372//1467 1174//1311 1301//1481
f 1368//1551 1379//1555 1326//1506
f 1265//1448 1378//1556 1344//1527
f 1371//1550 1081//1275 1363//1543
f 1373//1545 1305//1491 1302//1500
f 1303//1485 1297//1480 1345//1529
f 546//644 1369//1548 1289//1479
f 978//1156 913//1065 1309//1440
f 1287//1470 1367//1546 1368//1551
f 1376//151 1043//1122 1381//1557
f 1335//1176 1336//1521 1338//504
f 1323//1490 1348//1530 1345//1529
f 1297//1480 1323//1490 1345//1529
f 1345//1529 1382//1498 1387//1558
f 1336//1521 1373//1545 1302//1500
f 1311//1493 1382//1498 1345//1529
f 1311//1493 1334//1518 1316//1494
f 1377//1483 1193//1365 1386//1559
f 129//166 127//152 1381//1557
f 1380//739 546//644 617//715
f 1372//1467 1301//1481 1377//1483
f 1380//739 1369//1548 546//644
f 127//152 1376//151 1381//1557
f 622//740 1380//739 617//715
f 1386//1559 1193//1365 1372//1467
f 1385//1560 1379//1555 1368//1551
f 1343//1524 1405//1537 1232//1402
f 1274//1458 1232//1402 1405//1537
f 1405//1537 1540//1561 1274//1458
f 1379//1555 1385//1560 1388//1562
f 554//674 556//673 1358//1541
f 1326//1506 1379//1555 1353//1528
f 1384//1563 129//166 1381//1557
f 1391//592 395//501 1338//504
f 1381//1557 1043//1122 1424//1564
f 1392//1565 1358//1541 567//189
f 1381//1557 1424//1564 1384//1563
f 1343//1524 1398//1566 1394//1536
f 1392//1565 554//674 1358//1541
f 1343//1524 1428//1567 1377//1483
f 1388//1562 1353//1528 1379//1555
f 1391//592 1338//504 1336//1521
f 1357//1531 1344//1527 1406//1549
f 1378//1556 1383//1568 1406//1549
f 1392//1565 627//763 554//674
f 133//169 1156//1378 1346//1526
f 133//169 1211//1395 1156//1378
f 132//170 1211//1395 133//169
f 1341//1534 1350//1519 1234//1403
f 1406//1549 1344//1527 1378//1556
f 671//796 627//763 1395//779
f 1395//779 1392//1565 567//189
f 1392//1565 1395//779 627//763
f 1336//1521 1302//1500 1391//592
f 1388//1562 1349//1532 1353//1528
f 1286//1391 1305//1491 1373//1545
f 1349//1532 1388//1562 1351//1569
f 1377//1483 1386//1559 1343//1524
f 1259//1435 1334//1518 1348//1530
f 1348//1530 1396//1434 1259//1435
f 1386//1559 1372//1467 1398//1566
f 1341//1534 1234//1403 1396//1434
f 358//445 1302//1500 355//438
f 131//168 1400//1570 132//170
f 1343//1524 1386//1559 1398//1566
f 1400//1570 144//1571 1211//1395
f 358//445 1391//592 1302//1500
f 1400//1570 1211//1395 132//170
f 1348//1530 1341//1534 1396//1434
f 1383//1568 1397//1572 1417//1573
f 1383//1568 1402//1574 1397//1572
f 1374//1273 1399//1575 1111//1287
f 129//166 1384//1563 131//168
f 1374//1273 1371//1550 1399//1575
f 1374//1273 1081//1275 1371//1550
f 1377//1483 1428//1567 1405//1537
f 518//640 1403//1576 496//623
f 529//651 1403//1576 518//640
f 1372//1467 1377//1483 1398//1566
f 1371//1550 1407//741 1399//1575
f 1405//1537 1398//1566 1377//1483
f 1403//1576 1408//1577 496//623
f 1401//1578 496//623 1408//1577
f 1343//1524 1429//1538 1428//1567
f 1472//1579 1388//1562 1409//1580
f 1410//1581 131//168 1384//1563
f 1388//1562 1385//1560 1409//1580
f 1371//1550 1380//739 1407//741
f 1371//1550 1369//1548 1380//739
f 1320//720 1321//1510 597//721
f 1334//1518 1259//1435 1265//1448
f 1400//1570 131//168 1410//1581
f 1407//741 714//813 675//798
f 1400//1570 1410//1581 135//1582
f 1111//1287 1407//741 1414//851
f 1403//1576 1411//1583 1426//1584
f 1375//1499 1207//1383 1412//1585
f 1111//1287 1399//1575 1407//741
f 1407//741 675//798 1414//851
f 611//737 1413//1586 1415//1587
f 1410//1581 1384//1563 1431//1588
f 1395//779 1414//851 671//796
f 1405//1537 1394//1536 1398//1566
f 1414//851 1395//779 225//293
f 611//737 609//724 1413//1586
f 1411//1583 1403//1576 529//651
f 225//293 1108//1281 1414//851
f 1108//1281 1111//1287 1414//851
f 1418//1589 1406//1549 1419//1590
f 1418//1589 1366//1547 1406//1549
f 1424//1564 1102//1322 1423//1591
f 1102//1322 1424//1564 1094//1276
f 1334//1518 1337//1522 1316//1494
f 1349//1532 1351//1569 609//724
f 1419//1590 1383//1568 1417//1573
f 1424//1564 1043//1122 1096//1270
f 1424//1564 1096//1270 1094//1276
f 1420//1592 1422//1338 1421//1593
f 1419//1590 1406//1549 1383//1568
f 1316//1494 1337//1522 1355//1533
f 802//942 1421//1593 1422//1338
f 774//902 768//917 1434//928
f 768//917 1444//1594 1427//1595
f 1207//1383 1217//1390 1412//1585
f 1342//1525 1312//1516 1429//1538
f 1217//1390 1437//1596 1412//1585
f 1435//1597 804//941 1591//1598
f 1591//1598 804//941 853//1006
f 1431//1588 1424//1564 1423//1591
f 1453//1599 1431//1588 1539//1600
f 1429//1538 1108//1281 226//194
f 1325//1501 1316//1494 1355//1533
f 1110//1271 1429//1538 1312//1516
f 1429//1538 1110//1271 1108//1281
f 609//724 1351//1569 1413//1586
f 1410//1581 1431//1588 1453//1599
f 1431//1588 1384//1563 1424//1564
f 1421//1593 802//942 804//941
f 1219//1384 1207//1383 1440//1413
f 144//1571 1433//1601 1211//1395
f 1421//1593 804//941 1435//1597
f 1433//1601 1220//1381 1211//1395
f 1427//1595 1434//928 768//917
f 1249//1430 1322//1602 1244//1417
f 135//1582 144//1571 1400//1570
f 1428//1567 1429//1538 374//298
f 1420//1592 1421//1593 1438//1603
f 1429//1538 226//194 374//298
f 1433//1601 1443//1604 1221//1520
f 1444//1594 768//917 481//624
f 1420//1592 1438//1603 1511//1369
f 1207//1383 1244//1417 1440//1413
f 1244//1417 1322//1602 1440//1413
f 1375//1499 1412//1585 1479//1414
f 1433//1601 1221//1520 1220//1381
f 1355//1533 1439//1513 1325//1501
f 1401//1578 1444//1594 481//624
f 1432//1442 1430//1605 1436//1606
f 1425//1607 1413//1586 1351//1569
f 1185//1358 142//178 140//180
f 1265//1448 1436//1606 1378//1556
f 1432//1442 1270//1444 1264//1436
f 1441//1608 1433//1601 135//1582
f 1443//1604 1433//1601 1441//1608
f 1626//1609 1438//1603 1421//1593
f 1626//1609 1421//1593 1435//1597
f 1328//1511 1446//1610 1332//1514
f 135//1582 1433//1601 144//1571
f 1624//562 1445//179 1626//1609
f 1446//1610 1328//1511 1439//1513
f 1355//1533 1387//1558 1382//1498
f 1382//1498 1439//1513 1355//1533
f 1265//1448 1270//1444 1436//1606
f 1351//1569 1388//1562 1472//1579
f 1351//1569 1472//1579 1425//1607
f 1332//1514 1454//1611 1439//1513
f 984//1140 1448//1612 995//1159
f 1445//179 1438//1603 1626//1609
f 1436//1606 1270//1444 1432//1442
f 1378//1556 1436//1606 1430//1605
f 412//407 138//177 1624//562
f 1442//984 998//1153 1452//1613
f 1445//179 1624//562 138//177
f 1181//1346 1173//1342 1450//1614
f 1181//1346 1222//1386 1023//1193
f 1443//1604 1447//1615 1221//1520
f 1226//1429 1222//1386 1181//1346
f 998//1153 995//1159 1452//1613
f 1452//1613 995//1159 1448//1612
f 1439//1513 1382//1498 1332//1514
f 1449//1616 1447//1615 1443//1604
f 1444//1594 1401//1578 1451//1617
f 1446//1610 1454//1611 1332//1514
f 1441//1608 1453//1599 1443//1604
f 1173//1342 1190//1354 1450//1614
f 1446//1610 1439//1513 1454//1611
f 1448//1612 1455//1618 1452//1613
f 1479//1414 1412//1585 1416//1619
f 1453//1599 135//1582 1410//1581
f 1453//1599 1441//1608 135//1582
f 1448//1612 1457//1620 1455//1618
f 1457//1620 1448//1612 984//1140
f 1449//1616 1453//1599 1562//1621
f 611//737 1425//1607 624//826
f 1453//1599 1449//1616 1443//1604
f 1450//1614 1462//1622 1181//1346
f 1355//1533 1458//1623 1582//1624
f 1427//1595 1444//1594 1451//1617
f 802//942 1422//1338 1159//1337
f 1458//1623 1355//1533 1354//1542
f 1354//1542 1355//1533 1347//1523
f 611//737 1415//1587 1425//1607
f 1196//1363 1163//1336 1422//1338
f 1481//1625 701//828 624//826
f 1389//1626 1404//1627 1390//1628
f 745//884 1456//1629 802//942
f 1450//1614 1465//1630 1462//1622
f 1304//1488 1466//1492 1464//1631
f 745//884 802//942 1159//1337
f 1190//1354 1465//1630 1450//1614
f 1389//1626 1415//1587 1404//1627
f 1458//1623 1470//1632 1504//1633
f 1415//1587 1389//1626 1390//1628
f 1415//1587 1390//1628 1425//1607
f 1393//1535 1375//1499 1461//1634
f 789//926 1434//928 1468//1635
f 1413//1586 1425//1607 1390//1628
f 1404//1627 1415//1587 1413//1586
f 1413//1586 1390//1628 1404//1627
f 1472//1579 1484//1636 1425//1607
f 1471//1552 1304//1488 1464//1631
f 1470//1632 1469//1637 1510//1638
f 1434//928 1427//1595 1474//1639
f 1434//928 1474//1639 1468//1635
f 1478//1640 1462//1622 1465//1630
f 1362//1641 1354//1542 1361//1544
f 802//942 1456//1629 1467//1642
f 802//942 1467//1642 971//952
f 1458//1623 1362//1641 1469//1637
f 1475//1643 971//952 1467//1642
f 1027//1198 1463//1135 828//970
f 1432//1442 1226//1429 1181//1346
f 981//1145 1485//857 1497//1644
f 1354//1542 1362//1641 1458//1623
f 1623//1645 981//1145 1497//1644
f 1462//1622 1432//1442 1181//1346
f 1362//1641 1361//1544 1476//1646
f 1361//1544 1370//1553 1476//1646
f 1437//1596 1217//1390 1479//1414
f 1437//1596 1416//1619 1412//1585
f 1479//1414 1416//1619 1437//1596
f 828//970 1463//1135 1629//1647
f 1467//1642 1566//1648 1475//1643
f 1471//1552 1466//1492 1477//1649
f 1464//1631 1466//1492 1471//1552
f 1652//1650 971//952 1475//1643
f 481//624 496//623 1401//1578
f 1480//1651 1489//1652 1483//1653
f 1477//1649 332//418 1030//1177
f 1430//1605 1432//1442 1478//1640
f 1459//1201 1471//1552 1477//1649
f 1477//1649 1030//1177 1459//1201
f 640//419 332//418 1514//1654
f 1476//1646 1469//1637 1362//1641
f 1425//1607 1484//1636 624//826
f 1484//1636 1481//1625 624//826
f 332//418 1318//1503 1514//1654
f 1432//1442 1462//1622 1478//1640
f 1527//1655 499//626 1534//755
f 981//1145 725//762 1485//857
f 1484//1636 1472//1579 1409//1580
f 1318//1503 1477//1649 1466//1492
f 1452//1613 1455//1618 1489//1652
f 1470//1632 1458//1623 1469//1637
f 1514//1654 1318//1503 1491//1656
f 332//418 1477//1649 1318//1503
f 1484//1636 1409//1580 1492//1657
f 1452//1613 1489//1652 1498//1658
f 1493//1659 1476//1646 1572//1660
f 1495//1661 1469//1637 1476//1646
f 1495//1661 1476//1646 1493//1659
f 1478//1640 1487//1662 1430//1605
f 1451//1617 1401//1578 1482//1663
f 1430//1605 1487//1662 1383//1568
f 1378//1556 1430//1605 1383//1568
f 1481//1625 1484//1636 1618//1664
f 1480//1651 1498//1658 1489//1652
f 1482//1663 1401//1578 1408//1577
f 1383//1568 1487//1662 1402//1574
f 1496//1665 1494//1666 1500//1667
f 1478//1640 1465//1630 1487//1662
f 1501//1668 1485//857 1618//1664
f 1217//1390 1219//1384 1440//1413
f 1485//857 1501//1668 1497//1644
f 1479//1414 1461//1634 1375//1499
f 1481//1625 1618//1664 1485//857
f 1497//1644 1501//1668 1618//1664
f 1458//1623 1505//1669 1582//1624
f 991//1151 1306//1167 1298//1482
f 1461//1634 1479//1414 1486//1670
f 1458//1623 1504//1633 1505//1669
f 1500//1667 1447//1615 1496//1665
f 1455//1618 1488//1671 1489//1652
f 1455//1618 1457//1620 1488//1671
f 176//223 1483//1653 1488//1671
f 1460//1672 1461//1634 1486//1670
f 1499//1673 1503//1674 1745//1675
f 1483//1653 1489//1652 1488//1671
f 1541//1676 1427//1595 1482//1663
f 1427//1595 1451//1617 1482//1663
f 1467//1642 1663//1677 1668//1678
f 1456//1629 1663//1677 1467//1642
f 1494//1666 1329//1512 1500//1667
f 1491//1656 1329//1512 1494//1666
f 1508//1679 1505//1669 1504//1633
f 1479//1414 1440//1413 1486//1670
f 1306//1167 1079//1248 1367//1546
f 1306//1167 1070//1239 1079//1248
f 1491//1656 1327//1509 1329//1512
f 1408//1577 1541//1676 1482//1663
f 1318//1503 1327//1509 1491//1656
f 1541//1676 1408//1577 1590//1680
f 1508//1679 1504//1633 1507//1681
f 779//922 795//921 1509//1682
f 1500//1667 1329//1512 1330//1507
f 1385//1560 1368//1551 1367//1546
f 1499//1673 1502//1683 1688//1684
f 1688//1684 1506//1685 1499//1673
f 1499//1673 1745//1675 1502//1683
f 1511//1369 1422//1338 1420//1592
f 1367//1546 1079//1248 1090//1265
f 799//21 789//926 1468//1635
f 1509//1682 795//921 1031//1200
f 1367//1546 1090//1265 1385//1560
f 1509//1682 816//950 779//922
f 1385//1560 1093//1264 1409//1580
f 1196//1363 1422//1338 1511//1369
f 1494//1666 1514//1654 1491//1656
f 1521//1370 1196//1363 1511//1369
f 1470//1632 1510//1638 1507//1681
f 1507//1681 1510//1638 1513//1686
f 1474//1639 799//21 1468//1635
f 142//178 1438//1603 1445//179
f 1507//1681 1504//1633 1470//1632
f 142//178 1511//1369 1438//1603
f 1031//1200 1024//1215 1517//1687
f 1517//1687 1024//1215 1516//1688
f 1031//1200 1519//1689 1509//1682
f 1492//1657 1409//1580 1518//1690
f 1147//1691 1509//1682 1519//1689
f 1562//1621 642//754 1522//1692
f 1409//1580 1515//1693 1518//1690
f 1518//1690 1515//1693 1512//1694
f 640//419 1522//1692 642//754
f 1522//1692 640//419 1514//1654
f 1385//1560 1090//1265 1093//1264
f 1509//1682 858//1023 816//950
f 1527//1655 1523//1323 1145//1289
f 1262//1134 1473//1695 1463//1135
f 1520//1469 1274//1458 1540//1561
f 1172//1353 1515//1693 1524//1341
f 1423//1591 1102//1322 1523//1323
f 1031//1200 1517//1687 1519//1689
f 1753//1696 1508//1679 1507//1681
f 799//21 1474//1639 437//1697
f 399//506 1519//1689 1517//1687
f 1588//1698 1473//1695 1520//1469
f 1525//1699 1513//1686 1510//1638
f 1526//1700 1460//1672 1535//1701
f 858//1023 1147//1691 379//493
f 1520//1469 1473//1695 1262//1134
f 1526//1700 1461//1634 1460//1672
f 1531//1702 1093//1264 1524//1341
f 1423//1591 1523//1323 1527//1655
f 858//1023 1509//1682 1147//1691
f 559//676 379//493 1147//1691
f 1473//1695 1627//1703 1463//1135
f 1495//1661 1510//1638 1469//1637
f 437//1697 1530//1704 799//21
f 858//1023 561//680 1614//1705
f 858//1023 1614//1705 877//1041
f 561//680 858//1023 379//493
f 1093//1264 1531//1702 1578//1706
f 1486//1670 1535//1701 1460//1672
f 399//506 559//676 1519//1689
f 559//676 1147//1691 1519//1689
f 1486//1670 1440//1413 1535//1701
f 1527//1655 1145//1289 499//626
f 1017//971 828//970 1629//1647
f 1474//1639 1536//1707 417//1708
f 417//1708 437//1697 1474//1639
f 1474//1639 1427//1595 1541//1676
f 1535//1701 1440//1413 1322//1602
f 1531//1702 1524//1341 1515//1693
f 1540//1561 1405//1537 1538//1709
f 1208//1372 1542//1710 1524//1341
f 1536//1707 1474//1639 1541//1676
f 1495//1661 1493//1659 1537//1711
f 399//506 1517//1687 572//687
f 1527//1655 1431//1588 1423//1591
f 572//687 1517//1687 573//777
f 573//777 1517//1687 1516//1688
f 1527//1655 1539//1600 1431//1588
f 1528//379 1545//1712 295//380
f 1150//1400 573//777 1516//1688
f 1527//1655 1546//1713 1539//1600
f 1528//379 1533//1714 1545//1712
f 1547//1715 1525//1699 1510//1638
f 1549//1716 1008//470 1554//1202
f 1548//1717 1164//1332 1155//1106
f 1542//1710 1531//1702 1544//1718
f 1495//1661 1547//1715 1510//1638
f 374//298 1008//470 1549//1716
f 1534//755 1546//1713 1527//1655
f 1533//1714 1529//1719 1545//1712
f 1528//379 1529//1719 1533//1714
f 1549//1716 1428//1567 374//298
f 1538//1709 1428//1567 1549//1716
f 1405//1537 1428//1567 1538//1709
f 642//754 1562//1621 1534//755
f 1550//1504 1322//1602 1249//1430
f 1534//755 1562//1621 1546//1713
f 1164//1332 1551//1720 1190//1354
f 1164//1332 1548//1717 1551//1720
f 1538//1709 1552//1721 1540//1561
f 1500//1667 1330//1507 1447//1615
f 1243//1418 1187//1347 1182//1350
f 1545//1712 1543//1722 295//380
f 1520//1469 1540//1561 1552//1721
f 1221//1520 1447//1615 1330//1507
f 1322//1602 1550//1504 1555//1723
f 1704//1724 295//380 1543//1722
f 1551//1720 1465//1630 1190//1354
f 1550//1504 1245//1419 1555//1723
f 1187//1347 1243//1418 1550//1504
f 1245//1419 1550//1504 1243//1418
f 1547//1715 1495//1661 1537//1711
f 1554//1202 1538//1709 1549//1716
f 1553//1131 1548//1717 933//1093
f 1548//1717 1155//1106 933//1093
f 1555//1723 1561//1725 1322//1602
f 1494//1666 1447//1615 1449//1616
f 1556//1726 437//1697 417//1708
f 1496//1665 1447//1615 1494//1666
f 1537//1711 1586//172 1532//163
f 945//631 505//630 933//1093
f 1530//1704 437//1697 1556//1726
f 1514//1654 1494//1666 1449//1616
f 933//1093 505//630 1553//1131
f 1553//1131 982//1150 1558//1727
f 1526//1700 1322//1602 1561//1725
f 1548//1717 1553//1131 1558//1727
f 1535//1701 1322//1602 1526//1700
f 1522//1692 1514//1654 1449//1616
f 1536//1707 1639//1728 417//1708
f 1548//1717 1558//1727 1551//1720
f 1557//1729 1566//1648 1467//1642
f 1566//1648 1557//1729 1529//1719
f 1559//1730 1531//1702 1515//1693
f 1480//1651 1568//1731 1560//1732
f 1563//1733 1480//1651 1560//1732
f 1558//1727 982//1150 1551//1720
f 1537//1711 1532//163 1547//1715
f 1480//1651 1563//1733 72//115
f 1532//163 1771//1734 1547//1715
f 417//1708 1564//1735 1556//1726
f 1522//1692 1449//1616 1562//1621
f 417//1708 1639//1728 1564//1735
f 1572//1660 1476//1646 1370//1553
f 996//1214 1551//1720 982//1150
f 1572//1660 1370//1553 1569//1554
f 1561//1725 1245//1419 1580//1736
f 1561//1725 1555//1723 1245//1419
f 1546//1713 1562//1621 1539//1600
f 1480//1651 1483//1653 1568//1731
f 1192//1356 1584//1432 1570//1445
f 1573//1487 1516//1688 1024//1215
f 1639//1728 1536//1707 1616//1737
f 1573//1487 1024//1215 1086//1235
f 1539//1600 1562//1621 1453//1599
f 1574//1738 1493//1659 1572//1660
f 70//222 1568//1731 1483//1653
f 1571//1739 1541//1676 1590//1680
f 1571//1739 1536//1707 1541//1676
f 1560//1732 1568//1731 70//222
f 1245//1419 1570//1445 1580//1736
f 1571//1739 1616//1737 1536//1707
f 1544//1718 1531//1702 1559//1730
f 1531//1702 1542//1710 1565//1740
f 1403//1576 1426//1584 1408//1577
f 1579//1741 1572//1660 1569//1554
f 1577//1742 1516//1688 1573//1487
f 529//651 504//635 874//1036
f 1595//1743 1573//1487 1303//1485
f 1599//1744 1560//1732 70//222
f 1582//1624 1595//1743 1303//1485
f 1582//1624 1345//1529 1387//1558
f 1567//1745 1735//1746 1579//1741
f 1567//1745 1579//1741 1569//1554
f 1303//1485 1345//1529 1582//1624
f 1529//1719 1528//379 308//381
f 1587//1747 1584//1432 1575//1748
f 1515//1693 1409//1580 1578//1706
f 1529//1719 308//381 315//88
f 1355//1533 1582//1624 1387//1558
f 1411//1583 1581//1749 1592//1750
f 1529//1719 315//88 1566//1648
f 1411//1583 529//651 1581//1749
f 1574//1738 1572//1660 1579//1741
f 1586//172 1493//1659 1574//1738
f 1537//1711 1493//1659 1586//172
f 1580//1736 1570//1445 253//363
f 1668//1678 1557//1729 1467//1642
f 1545//1712 1557//1729 1543//1722
f 1557//1729 1545//1712 1529//1719
f 1583//230 1599//1744 70//222
f 1557//1729 1668//1678 1543//1722
f 1148//1423 1573//1487 1152//1348
f 137//171 1579//1741 1735//1746
f 55//1751 1506//1685 1688//1684
f 1506//1685 55//1751 1704//1724
f 137//171 1586//172 1579//1741
f 1574//1738 1579//1741 1586//172
f 890//1052 878//1043 864//1007
f 1148//1423 1577//1742 1573//1487
f 1641//1752 1588//1698 1520//1469
f 120//164 1532//163 1586//172
f 1590//1680 1426//1584 1589//1753
f 1520//1469 1552//1721 1641//1752
f 1101//1278 978//1156 1107//1313
f 1150//1400 1577//1742 1148//1423
f 1590//1680 1408//1577 1426//1584
f 978//1156 1608//1754 1107//1313
f 1150//1400 1516//1688 1577//1742
f 1591//1598 853//1006 864//1007
f 1593//1755 1584//1432 1587//1747
f 1595//1743 1166//1349 1152//1348
f 864//1007 881//1042 1591//1598
f 881//1042 864//1007 878//1043
f 1594//1756 1393//1535 1461//1634
f 1594//1756 1461//1634 1526//1700
f 978//1156 1393//1535 1594//1756
f 1409//1580 1093//1264 1578//1706
f 1152//1348 1573//1487 1595//1743
f 1576//1757 1601//16 1587//1747
f 1563//1733 1560//1732 1596//126
f 1594//1756 1526//1700 1597//1758
f 1575//1748 1576//1757 1587//1747
f 80//116 1563//1733 1596//126
f 80//116 72//115 1563//1733
f 1593//1755 1587//1747 1601//16
f 1584//1432 1598//15 1585//1759
f 1595//1743 1582//1624 1505//1669
f 1166//1349 1595//1743 1182//1350
f 1505//1669 1182//1350 1595//1743
f 1584//1432 1593//1755 1598//15
f 1601//16 1598//15 1593//1755
f 1465//1630 1605//1760 1487//1662
f 1600//1761 1402//1574 1602//1762
f 1487//1662 1602//1762 1402//1574
f 1487//1662 1605//1760 1602//1762
f 92//140 1596//126 1560//1732
f 1594//1756 1597//1758 1625//1763
f 884//1035 1603//1764 881//1042
f 1551//1720 1605//1760 1465//1630
f 1625//1763 1597//1758 1645//1765
f 996//1214 1605//1760 1551//1720
f 1591//1598 881//1042 1603//1764
f 1605//1760 996//1214 1278//1462
f 1592//1750 1426//1584 1411//1583
f 1589//1753 1426//1584 1592//1750
f 253//363 258//362 247//317
f 253//363 1585//1759 258//362
f 253//363 1570//1445 1585//1759
f 1559//1730 1515//1693 1578//1706
f 1584//1432 1585//1759 1570//1445
f 1603//1764 1610//1766 1591//1598
f 1588//1698 1641//1752 92//140
f 1605//1760 1278//1462 1602//1762
f 1598//15 1607//1767 1585//1759
f 1618//1664 1492//1657 1565//1740
f 1397//1572 1606//1768 1417//1573
f 1512//1694 1559//1730 1518//1690
f 1604//1769 1518//1690 1559//1730
f 1397//1572 1612//1770 1606//1768
f 1129//1308 1138//1314 1608//1754
f 19//14 1607//1767 1598//15
f 1612//1770 1402//1574 1600//1761
f 1607//1767 19//14 283//368
f 1611//1771 1603//1764 1620//1772
f 1559//1730 1578//1706 1604//1769
f 870//1030 817//903 1442//984
f 1442//984 1609//1049 870//1030
f 1138//1314 1107//1313 1608//1754
f 1610//1766 1603//1764 1611//1771
f 1589//1753 1592//1750 1613//1773
f 92//140 1560//1732 1599//1744
f 1613//1773 1755//1774 1589//1753
f 1531//1702 1565//1740 1578//1706
f 1615//1775 877//1041 1614//1705
f 1615//1775 984//1140 877//1041
f 1589//1753 1755//1774 1675//1776
f 1435//1597 1591//1598 1610//1766
f 1565//1740 1542//1710 1644//1389
f 84//127 92//140 93//142
f 84//127 1596//126 92//140
f 283//368 258//362 1607//1767
f 1585//1759 1607//1767 258//362
f 1612//1770 1397//1572 1402//1574
f 782//924 1617//1777 796//986
f 782//924 787//927 1617//1777
f 796//986 794//930 782//924
f 1435//1597 1610//1766 1611//1771
f 1256//1406 1618//1664 1565//1740
f 1588//1698 92//140 1599//1744
f 1611//1771 1620//1772 1619//8
f 1600//1761 1674//1778 1612//1770
f 1452//1613 1609//1049 1442//984
f 787//927 1657//1779 1617//1777
f 1604//1769 1578//1706 1565//1740
f 1621//1780 1629//1647 1463//1135
f 1618//1664 1256//1406 1623//1645
f 787//927 807//1279 1657//1779
f 1674//1778 1600//1761 1602//1762
f 1129//1308 1608//1754 1622//1781
f 1622//1781 1268//1118 1129//1308
f 1630//1782 1639//1728 1616//1737
f 984//1140 1615//1775 1457//1620
f 978//1156 1594//1756 1608//1754
f 1497//1644 1618//1664 1623//1645
f 1594//1756 1625//1763 1608//1754
f 1660//1783 1606//1768 1612//1770
f 762//901 807//1279 787//927
f 1627//1703 1621//1780 1463//1135
f 1659//1437 981//1145 1623//1645
f 1614//1705 561//680 586//981
f 1473//1695 1588//1698 1627//1703
f 1172//1353 1512//1694 1515//1693
f 1483//1653 176//223 70//222
f 1622//1781 1608//1754 1645//1765
f 1418//1589 1419//1590 1711//1784
f 1625//1763 1645//1765 1608//1754
f 1627//1703 180//221 1621//1780
f 1599//1744 1627//1703 1588//1698
f 1627//1703 1599//1744 1583//230
f 1628//1785 1419//1590 1417//1573
f 1544//1718 1524//1341 1542//1710
f 1419//1590 1628//1785 1711//1784
f 1619//8 14//7 1611//1771
f 1417//1573 1631//1786 1628//1785
f 1172//1353 1168//1330 1512//1694
f 1615//1775 586//981 1457//1620
f 180//221 1627//1703 1583//230
f 1633//1388 1524//1341 1544//1718
f 1268//1118 1194//1117 1129//1308
f 1621//1780 180//221 1629//1647
f 586//981 1615//1775 1614//1705
f 1633//1388 1206//1374 1524//1341
f 1435//1597 1611//1771 1626//1609
f 1635//1787 1168//1330 1203//1362
f 1203//1362 1204//1375 1635//1787
f 887//1050 1636//1788 907//1072
f 202//233 1017//971 1629//1647
f 1611//1771 14//7 1626//1609
f 1624//562 1626//1609 14//7
f 1512//1694 1168//1330 1635//1787
f 1632//1789 1630//1782 1616//1737
f 180//221 202//233 1629//1647
f 1017//971 202//233 1026//1199
f 14//7 98//134 1624//562
f 1673//1790 1617//1777 1657//1779
f 1544//1718 1512//1694 1635//1787
f 1637//1791 1638//1792 1561//1725
f 1512//1694 1544//1718 1559//1730
f 1597//1758 1526//1700 1638//1792
f 231//141 1640//1793 235//303
f 1711//1784 1628//1785 1653//1794
f 887//1050 1609//1049 16//112
f 1632//1789 1639//1728 1630//1782
f 1571//1739 1666//1795 1643//1796
f 1641//1752 1640//1793 231//141
f 1642//1797 1645//1765 1638//1792
f 1645//1765 1642//1797 1669//1798
f 1638//1792 1637//1791 1642//1797
f 231//141 92//140 1641//1752
f 1631//1786 1606//1768 1646//1799
f 1417//1573 1606//1768 1631//1786
f 1634//24 1636//1788 9//25
f 1682//1800 947//1107 948//1034
f 1682//1800 948//1034 1652//1650
f 1208//1372 1644//1389 1542//1710
f 807//1279 1650//1801 1647//1802
f 807//1279 1647//1802 1657//1779
f 1561//1725 1638//1792 1526//1700
f 1597//1758 1638//1792 1645//1765
f 1632//1789 1616//1737 1571//1739
f 1651//1803 1552//1721 1538//1709
f 1644//1389 1256//1406 1544//1804
f 9//25 1636//1788 16//112
f 887//1050 16//112 1636//1788
f 1571//1739 1643//1796 1632//1789
f 1636//1788 1634//24 907//1072
f 1642//1797 1637//1791 1561//1725
f 1651//1803 1640//1793 1552//1721
f 1640//1793 1641//1752 1552//1721
f 948//1034 971//952 1652//1650
f 1635//1787 1209//1376 1644//1389
f 1209//1376 1256//1406 1644//1389
f 1206//1374 1635//1787 1204//1375
f 252//360 1654//316 1580//1736
f 1649//1805 241//318 235//303
f 1653//1794 1628//1785 1689//1806
f 1206//1374 1209//1376 1635//1787
f 235//303 1640//1793 1649//1805
f 1650//1801 807//1279 1723//1807
f 1649//1805 1640//1793 1651//1803
f 1654//316 1561//1725 1580//1736
f 1655//1808 1628//1785 1631//1786
f 25//23 904//1063 1634//24
f 1633//1388 1544//1718 1635//1787
f 1633//1388 1635//1787 1644//1389
f 1561//1725 1654//316 1642//1797
f 1658//1809 1642//1797 1654//316
f 1544//1804 1565//1740 1644//1389
f 1538//1709 1554//1202 1649//1805
f 1651//1803 1538//1709 1649//1805
f 1658//1809 1669//1798 1642//1797
f 1544//1804 1256//1406 1565//1740
f 36//39 512//86 25//23
f 1003//1170 261//353 267//345
f 1689//1806 1628//1785 1655//1808
f 1623//1645 1256//1406 1659//1437
f 267//345 1554//1202 1003//1170
f 267//345 241//318 1649//1805
f 267//345 1649//1805 1554//1202
f 25//23 945//631 904//1063
f 945//631 25//23 512//86
f 1646//1799 1606//1768 1660//1783
f 973//1138 1603//1764 884//1035
f 1679//1810 745//884 1661//883
f 1498//1658 1662//113 1609//1049
f 1682//1800 973//1138 947//1107
f 1518//1690 1604//1769 1492//1657
f 1456//1629 745//884 1679//1810
f 1666//1795 1707//1811 1643//1796
f 1484//1636 1492//1657 1618//1664
f 1604//1769 1565//1740 1492//1657
f 1679//1810 1663//1677 1456//1629
f 1675//1776 1590//1680 1589//1753
f 72//115 1662//113 1480//1651
f 1498//1658 1480//1651 1662//113
f 1647//1802 1698//1812 1657//1779
f 1660//1783 731//869 1646//1799
f 1654//316 244//315 297//385
f 78//111 1662//113 72//115
f 297//385 1658//1809 1654//316
f 973//1138 1670//1813 1603//1764
f 1667//1814 832//977 1673//1790
f 1665//271 1488//1671 1457//1620
f 1620//1772 1603//1764 1670//1813
f 1660//1783 730//870 731//869
f 1580//1736 253//363 252//360
f 1590//1680 1675//1776 1666//1795
f 796//986 832//977 820//955
f 832//977 796//986 1673//1790
f 1590//1680 1666//1795 1571//1739
f 586//981 600//729 1665//271
f 1665//271 1457//1620 586//981
f 973//1138 1682//1800 1670//1813
f 1727//1815 1670//1813 1682//1800
f 113//149 286//367 1664//821
f 1673//1790 796//986 1617//1777
f 1609//1049 1452//1613 1498//1658
f 747//876 730//870 1676//885
f 1268//1118 1622//1781 1669//1798
f 1268//1118 1669//1798 304//384
f 1645//1765 1669//1798 1622//1781
f 1665//271 176//223 1488//1671
f 188//235 176//223 1665//271
f 1672//1816 925//1081 1664//821
f 956//1082 925//1081 1672//1816
f 1602//1762 1278//1462 1674//1778
f 1670//1813 1727//1815 1656//1817
f 600//729 614//272 1665//271
f 674//766 1680//817 1664//821
f 1612//1770 1674//1778 1676//885
f 1677//1818 1670//1813 1678//1819
f 440//569 799//21 1530//1704
f 1656//1817 1678//1819 1670//1813
f 304//384 1669//1798 297//385
f 440//569 1530//1704 1683//1820
f 1612//1770 1676//885 1660//1783
f 1609//1049 1662//113 16//112
f 1652//1650 1475//1643 1682//1800
f 1663//1677 1679//1810 1686//1821
f 1679//1810 1661//883 1681//1822
f 1648//1823 1682//1800 1475//1643
f 1669//1798 1658//1809 297//385
f 1672//1816 1664//821 1680//817
f 1661//883 756//913 1681//1822
f 756//913 1661//883 738//878
f 1657//1779 1671//1824 1673//1790
f 1660//1783 1676//885 730//870
f 134//173 149//184 1671//1824
f 1676//885 1674//1778 748//886
f 1672//1816 1680//817 1778//1825
f 16//112 2//389 9//25
f 9//25 2//389 23//26
f 1673//1790 1671//1824 1756//1826
f 1499//1673 1663//1677 1503//1674
f 748//886 1674//1778 754//895
f 1475//1643 1566//1648 7//34
f 1674//1778 1278//1462 754//895
f 102//156 134//173 1671//1824
f 1646//1799 772//932 1631//1786
f 1683//1820 1530//1704 1556//1726
f 1671//1824 1657//1779 102//156
f 1663//1677 1686//1821 1503//1674
f 1475//1643 1490//1827 1648//1823
f 1556//1726 1564//1735 1683//1820
f 807//1279 332//418 1744//1828
f 1702//1829 1778//1825 706//831
f 1648//1823 1490//1827 1690//1830
f 1744//1828 1698//1812 807//1279
f 1663//1677 1499//1673 1668//1678
f 1680//817 695//818 1778//1825
f 1693//1831 1503//1674 1686//1821
f 440//569 1683//1820 1696//139
f 1696//139 456//570 440//569
f 1699//1832 1695//1833 1692//1834
f 1686//1821 1679//1810 1681//1822
f 456//570 1696//139 94//138
f 1701//1835 1648//1823 1690//1830
f 1712//1836 1648//1823 1701//1835
f 1706//1837 1695//1833 1699//1832
f 1712//1836 1682//1800 1648//1823
f 1655//1808 1631//1786 772//932
f 1506//1685 1543//1722 1668//1678
f 1672//1816 1694//1838 1780//1839
f 1490//1827 1688//1684 1690//1830
f 731//869 808//934 772//932
f 1564//1735 1697//1840 1683//1820
f 1564//1735 1639//1728 1697//1840
f 1697//1840 1639//1728 1632//1789
f 1499//1673 1506//1685 1668//1678
f 772//932 1646//1799 731//869
f 1701//1835 1690//1830 1656//1817
f 1727//1815 1701//1835 1656//1817
f 1694//1838 1672//1816 1702//1829
f 1778//1825 1702//1829 1672//1816
f 807//1279 1698//1812 1723//1807
f 1703//1841 1689//1806 1655//1808
f 1708//1842 1704//1724 55//1751
f 1543//1722 1506//1685 1704//1724
f 785//931 1655//1808 772//932
f 785//931 1703//1841 1655//1808
f 1697//1840 1715//1843 1683//1820
f 1688//1684 1490//1827 1701//1835
f 1703//1841 785//931 792//1039
f 1703//1841 792//1039 927//1086
f 1569//1554 1366//1547 1418//1589
f 1632//1789 1643//1796 1707//1811
f 1632//1789 1707//1811 1697//1840
f 1715//1843 1697//1840 1707//1811
f 1712//1836 1490//1827 7//34
f 1490//1827 1475//1643 7//34
f 1716//1844 708//780 372//471
f 1490//1827 1712//1836 1701//1835
f 1723//1807 1698//1812 1647//1802
f 1700//1845 1708//1842 55//1751
f 1418//1589 1711//1784 1717//1846
f 1706//1837 1709//1847 1705//1848
f 1693//1831 1714//1849 1700//1845
f 1569//1554 1418//1589 1717//1846
f 1717//1846 1567//1745 1569//1554
f 1693//1831 1681//1822 1714//1849
f 1650//1801 1723//1807 1730//1850
f 1696//139 1683//1820 1715//1843
f 1709//1847 1699//1832 1713//1851
f 1736//1852 1715//1843 1707//1811
f 1693//1831 1686//1821 1681//1822
f 1706//1837 1699//1832 1709//1847
f 472//598 1084//1255 391//500
f 97//137 169//224 141//181
f 1685//1853 1718//1854 1692//1834
f 1719//1855 1712//1836 1619//8
f 1708//1842 1700//1845 1714//1849
f 1715//1843 1736//1852 97//137
f 1711//1784 1653//1794 1717//1846
f 1715//1843 97//137 1696//139
f 1682//1800 1712//1836 1727//1815
f 1731//1856 1739//1857 1647//1802
f 1707//1811 1666//1795 1726//1858
f 1684//1859 1718//1854 1685//1853
f 756//913 776//983 1724//1860
f 773//912 776//983 756//913
f 1736//1852 1707//1811 1726//1858
f 1647//1802 1650//1801 1721//1861
f 1718//1854 1725//1862 1740//1863
f 1728//1864 1714//1849 1681//1822
f 1681//1822 756//913 1728//1864
f 1716//1844 1729//1865 1710//856
f 708//780 1716//1844 1710//856
f 756//913 1724//1860 1728//1864
f 1731//1866 1730//1867 1721//1861
f 1735//1746 1567//1745 1717//1846
f 1695//1833 1685//1853 1692//1834
f 1731//1856 1647//1802 1730//1867
f 1647//1802 1721//1861 1730//1867
f 1666//1795 1737//1868 1726//1858
f 1653//1794 1743//1085 1733//1084
f 1695//1833 1684//1859 1685//1853
f 1689//1806 1743//1085 1653//1794
f 1677//1818 1701//1835 1727//1815
f 1693//1831 1700//1845 1732//1869
f 1750//1870 1693//1831 1732//1869
f 1726//1858 1737//1868 1736//1852
f 55//1751 1732//1869 1700//1845
f 1739//1857 1738//1871 1647//1802
f 102//156 1657//1779 1698//1812
f 1731//1872 1723//1807 1739//1873
f 1738//1871 1739//1873 1723//1807
f 1650//1801 1739//1874 1738//1875
f 1739//1876 1721//1861 1738//1875
f 1723//1807 1647//1802 1738//1871
f 1713//1851 1699//1832 1781//1877
f 1650//1801 1738//1875 1721//1861
f 1730//1850 1723//1807 1731//1872
f 1730//1850 1731//1878 1650//1801
f 1739//1874 1650//1801 1731//1878
f 1739//1876 1731//1866 1721//1861
f 305//386 295//380 1704//1724
f 1653//1794 1733//1084 1717//1846
f 1741//1879 305//386 1704//1724
f 1675//1776 1737//1868 1666//1795
f 1708//1842 1741//1879 1704//1724
f 101//159 102//156 1698//1812
f 1718//1854 1740//1863 1692//1834
f 1737//1868 32//52 69//62
f 1727//1815 1719//1855 1677//1818
f 1781//1877 1699//1832 1740//1863
f 1712//1836 1719//1855 1727//1815
f 1740//1863 1699//1832 1692//1834
f 1742//310 1708//1842 1714//1849
f 101//159 1698//1812 1744//1828
f 1741//1879 1708//1842 1742//310
f 32//52 1737//1868 1675//1776
f 1743//1085 1689//1806 1703//1841
f 195//225 1737//1868 193//110
f 1743//1085 1703//1841 927//1086
f 195//225 169//224 1737//1868
f 1737//1868 69//62 193//110
f 305//386 1749//1880 362//440
f 1737//1868 169//224 97//137
f 1717//1846 1747//1101 931//1103
f 931//1103 1735//1746 1717//1846
f 1678//1819 1502//1683 1745//1675
f 1736//1852 1737//1868 97//137
f 1718//1854 1684//1859 1722//1881
f 1745//1675 1750//1870 1678//1819
f 1720//1882 1734//1883 1716//1844
f 1684//1859 1687//1884 1722//1881
f 1502//1683 1678//1819 1656//1817
f 1502//1683 1656//1817 1690//1830
f 1746//1885 1749//1880 305//386
f 1688//1684 1502//1683 1690//1830
f 874//1036 1581//1749 529//651
f 931//1103 137//171 1735//1746
f 1592//1750 1581//1749 1748//1886
f 1718//1854 1722//1881 1725//1862
f 1503//1674 1693//1831 1750//1870
f 1733//1084 940//1102 1747//1101
f 1748//1886 1581//1749 874//1036
f 1503//1674 1750//1870 1745//1675
f 1747//1101 1717//1846 1733//1084
f 1678//1819 1750//1870 1760//1887
f 1765//1888 1793//1889 1740//1863
f 1505//1669 21//1355 1182//1350
f 1748//1886 1613//1773 1592//1750
f 1508//1679 21//1355 1505//1669
f 1722//1881 1752//1890 1725//1862
f 1508//1679 1753//1696 21//1355
f 55//1751 1688//1684 1701//1835
f 21//1355 1753//1696 1575//1748
f 1687//1884 1752//1890 1722//1881
f 1613//1773 1748//1886 874//1036
f 1750//1870 1732//1869 1760//1887
f 143//190 362//440 1749//1880
f 1687//1884 1759//1891 1691//1892
f 1734//1883 1729//1865 1716//1844
f 1751//1893 1667//1814 12//37
f 1732//1869 55//1751 1760//1887
f 1756//1826 1667//1814 1673//1790
f 21//1355 1575//1748 1584//1432
f 1765//1888 1725//1862 1752//1890
f 1751//1893 1127//1293 1667//1814
f 1752//1890 1687//1884 1691//1892
f 1513//1686 1753//1696 1507//1681
f 3//28 12//37 1667//1814
f 1716//1844 372//471 967//1129
f 1754//1894 1755//1774 1613//1773
f 30//36 1751//1893 12//37
f 1753//1696 1576//1757 1575//1748
f 1667//1814 1756//1826 3//28
f 1513//1686 1757//1895 1753//1696
f 1513//1686 1525//1699 1761//27
f 1758//1896 1716//1844 967//1129
f 1761//27 1757//1895 1513//1686
f 1671//1824 149//184 162//207
f 1746//1885 143//190 1749//1880
f 1760//1887 55//1751 1701//1835
f 1754//1894 1613//1773 1762//1040
f 1746//1885 155//188 143//190
f 1741//1879 155//188 1746//1885
f 1746//1885 305//386 1741//1879
f 879//1038 1762//1040 874//1036
f 1742//310 155//188 1741//1879
f 1576//1757 1757//1895 19//14
f 1677//1818 1678//1819 1760//1887
f 1760//1887 1701//1835 1677//1818
f 958//1115 1758//1896 967//1129
f 3//28 1756//1826 22//47
f 1576//1757 19//14 1601//16
f 958//1115 951//1110 1758//1896
f 1677//1818 1719//1855 1670//1813
f 1753//1696 1757//1895 1576//1757
f 162//207 1756//1826 1671//1824
f 1795//1897 1766//1898 1759//1891
f 1716//1844 957//1111 1720//1882
f 1620//1772 1670//1813 1719//1855
f 1719//1855 1619//8 1620//1772
f 874//1036 1762//1040 1613//1773
f 1691//1892 1765//1888 1752//1890
f 1757//1895 1761//27 19//14
f 1766//1898 1691//1892 1759//1891
f 1767//10 1728//1864 1724//1860
f 1758//1896 957//1111 1716//1844
f 951//1110 957//1111 1758//1896
f 29//9 7//34 37//41
f 1765//1888 1691//1892 1766//1898
f 1773//1899 1675//1776 1755//1774
f 902//1209 896//1208 1768//1900
f 1770//1901 1773//1899 1755//1774
f 1566//1648 37//41 7//34
f 1547//1715 1771//1734 1774//67
f 1770//1901 1755//1774 1754//1894
f 1754//1894 1762//1040 1770//1901
f 1740//1863 1725//1862 1765//1888
f 1694//1838 1720//1882 1782//1902
f 1566//1648 315//88 37//41
f 30//36 22//47 1751//1893
f 1772//1903 1768//1900 896//1208
f 1763//1904 1771//1734 1532//163
f 7//34 1619//8 1712//1836
f 894//1057 1724//1860 776//983
f 1729//1865 1720//1882 1694//1838
f 49//53 1773//1899 1770//1901
f 1773//1899 49//53 32//52
f 1734//1883 1720//1882 1729//1865
f 162//207 139//183 1764//1905
f 1547//1715 1774//67 1525//1699
f 706//831 1710//856 1729//1865
f 1775//1906 1706//1837 1705//1848
f 706//831 1729//1865 1702//1829
f 1532//163 125//162 1763//1904
f 1702//1829 1729//1865 1694//1838
f 1481//1625 1485//857 701//828
f 1525//1699 1774//67 1761//27
f 1767//10 1724//1860 894//1057
f 32//52 1675//1776 1773//1899
f 1705//1848 1785//1907 1776//1908
f 1764//1905 22//47 162//207
f 22//47 1756//1826 162//207
f 1714//1849 1728//1864 1767//10
f 1767//10 8//95 1714//1849
f 1705//1848 1776//1908 1775//1906
f 8//95 1742//310 1714//1849
f 1762//1040 1789//1909 1770//1901
f 1777//1910 49//53 1770//1901
f 1775//1906 1695//1833 1706//1837
f 1775//1906 1687//1884 1684//1859
f 1759//1891 1687//1884 1775//1906
f 1789//1909 1777//1910 1770//1901
f 1775//1906 1684//1859 1695//1833
f 1764//1905 1751//1893 22//47
f 1778//1825 695//818 706//831
f 58//46 1764//1905 139//183
f 343//488 332//418 331//417
f 57//84 125//162 48//90
f 1771//1734 1763//1904 57//84
f 125//162 57//84 1763//1904
f 896//1208 1034//1210 1772//1903
f 343//488 331//417 381//499
f 956//1082 1780//1839 957//1111
f 343//488 367//460 1744//1828
f 332//418 343//488 1744//1828
f 1780//1839 956//1082 1672//1816
f 1772//1903 1034//1210 1768//1900
f 1709//1847 1713//1851 1781//1877
f 1780//1839 1694//1838 1782//1902
f 1774//67 1771//1734 57//84
f 894//1057 902//1209 1786//1911
f 81//114 49//53 1779//1912
f 957//1111 1780//1839 1782//1902
f 1034//1210 1047//1220 1768//1900
f 343//488 340//448 367//460
f 1768//1900 1786//1911 902//1209
f 49//53 1777//1910 1779//1912
f 367//460 340//448 353//450
f 441//4 375//475 1784//476
f 1785//1907 1705//1848 1781//1877
f 1779//1912 1777//1910 1784//476
f 1709//1847 1781//1877 1705//1848
f 1779//1912 1784//476 81//114
f 1782//1902 1720//1882 957//1111
f 1783//1913 1785//1907 1781//1877
f 367//460 122//160 101//159
f 367//460 101//159 1744//1828
f 1793//1889 1792//1914 1781//1877
f 1777//1910 15//5 1784//476
f 15//5 441//4 1784//476
f 79//109 81//114 1784//476
f 1787//1915 1047//1220 1027//1198
f 1786//1911 1768//1900 1787//1915
f 1787//1915 1768//1900 1047//1220
f 1788//1916 108//70 33//11
f 1788//1916 33//11 1767//10
f 1786//1911 1788//1916 894//1057
f 1788//1916 1767//10 894//1057
f 1788//1916 1786//1911 1787//1915
f 303//972 1788//1916 1787//1915
f 1004//1168 1789//1909 983//1047
f 1787//1915 828//970 303//972
f 1762//1040 983//1047 1789//1909
f 1787//1915 1027//1198 828//970
f 1789//1909 15//5 1777//1910
f 1789//1909 1004//1168 1//6
f 300//377 108//70 1788//1916
f 1788//1916 303//972 300//377
f 1020//1197 10//586 1//6
f 1//6 1004//1168 1020//1197
f 208//260 122//160 367//460
f 1//6 15//5 1789//1909
f 1781//1877 1792//1914 1783//1913
f 1//6 10//586 441//4
f 1767//10 17//12 8//95
f 1127//1293 499//626 1145//1289
f 47//71 240//100 1742//310
f 1781//1877 1740//1863 1793//1889
f 1765//1888 1769//1917 1793//1889
f 499//626 1127//1293 64//102
f 1127//1293 1751//1893 64//102
f 58//46 166//210 236//136
f 139//183 166//210 58//46
f 8//95 47//71 1742//310
f 1751//1893 1764//1905 58//46
f 64//102 1751//1893 1794//1918
f 1785//1907 1791//1919 1776//1908
f 1790//1920 1776//1908 1791//1919
f 1785//1907 1783//1913 1792//1914
f 1792//1914 1791//1919 1785//1907
f 1794//1918 62//97 64//102
f 1794//1918 58//46 62//97
f 58//46 1794//1918 1751//1893
f 571//312 562//717 73//101
f 73//101 236//136 571//312
f 1759//1891 1776//1908 1790//1920
f 1795//1897 1759//1891 1790//1920
f 1776//1908 1759//1891 1775//1906
f 1667//1814 1127//1293 832//977
f 1766//1898 1795//1897 1796//1921
f 1797//1922 1766//1898 1796//1921
f 1766//1898 1797//1922 1765//1888
f 1795//1897 1790//1920 1791//1919
f 1792//1914 1793//1889 1791//1919
f 1797//1922 1798//700 1769//1917
f 1769//1917 1765//1888 1797//1922
f 1796//1921 1795//1897 1798//700
f 1793//1889 1769//1917 1798//700
f 1795//1897 1793//1889 1798//700
f 1793//1889 1795//1897 1791//1919
f 578//699 1796//1921 1798//700
f 1796//1921 578//699 579//328
f 579//328 1797//1922 1796//1921
f 1797//1922 579//328 588//701
f 588//701 1798//700 1797//1922
f 146//241 145//199 1799//291
f 1800//300 196//242 1799//291
f 1799//291 145//199 1805//1923
f 1805//1923 1800//300 1799//291
f 1801//299 1800//300 1805//1923
f 4//65 1801//299 1805//1923
f 254//332 255//309 1801//299
f 4//65 6//64 1802//125
f 385//482 309//404 307//308
f 4//65 254//332 1801//299
f 4//65 1802//125 254//332
f 385//482 87//122 107//150
f 87//122 385//482 1802//125
f 1802//125 385//482 307//308
f 145//199 161//198 1803//695
f 161//198 581//696 1803//695
f 1803//695 1805//1923 145//199
f 1806//1924 1804//1925 585//697
f 1805//1923 585//697 1804//1925
f 1805//1923 1803//695 585//697
f 1805//1923 1804//1925 691//85
f 691//85 4//65 1805//1923
f 585//697 625//738 688//819
f 1806//1924 585//697 688//819
f 1806//1924 688//819 691//85
f 1806//1924 691//85 1804//1925
