# Blender 5.0.1
# www.blender.org
mtllib statue_of_myself_lod3.mtl
o obj_0
v -5.300794 6.803843 1.820345
v 5.249038 -3.818624 4.678492
v -0.432942 7.489731 -0.022182
v -5.290373 6.257266 1.758275
v -0.373714 6.146853 -0.447342
v 1.428875 -4.017693 5.779278
v 6.298341 -3.086817 -2.221713
v 3.005155 -4.677999 -3.496318
v -0.240375 -4.480042 2.358637
v -3.459092 -5.043075 -6.108146
v -0.222048 7.239549 1.391648
v -0.011983 6.164251 0.806737
v -1.871668 -4.898038 3.068578
v 0.795610 -5.071443 5.750555
v 1.275833 -3.838693 5.589681
v 0.858820 -4.162840 5.770872
v 2.910655 -4.828176 -3.558283
v 5.688727 -4.020101 4.633308
v -3.376334 -4.576085 -4.663738
v -1.495887 -5.216216 3.327021
v 0.785007 -4.128234 5.767309
v 0.849700 -4.145299 5.765700
v 0.847000 -4.147200 5.768301
v 0.857100 -4.119500 5.790401
v -4.555605 6.798767 2.877815
v 0.860200 -4.108699 5.800701
v 4.857538 -3.780387 4.758997
v 3.148387 -4.745633 -3.493927
v 0.813800 -4.171299 5.800200
v 0.831500 -4.182199 5.763501
v 0.843600 -4.149700 5.771600
v 0.842800 -4.150300 5.772300
v 5.710315 -2.694788 -2.320584
v -3.097094 -3.435490 3.884180
v -0.222320 5.379518 -1.144791
v -3.560225 -5.276999 -4.720504
v 1.572897 -4.790378 5.758585
v 5.379817 -3.395589 -1.666401
v 0.228483 5.263201 -0.556256
v -3.927668 -5.417614 -4.305354
v 3.201549 -5.314091 -3.478508
v -3.844299 6.905022 3.153207
v -0.829102 -5.637522 -5.863466
v 0.073317 4.377254 -0.405395
v 0.891934 5.504647 0.251811
v 3.035463 -4.877501 -3.511958
v -1.563969 -6.266112 -6.934886
v 3.068169 -4.976361 -3.524141
v 0.903066 5.397743 0.824888
v 3.044160 -4.924172 -3.480904
v 5.516619 -4.853075 4.687562
v 0.139440 5.604689 0.153980
v -1.303455 -6.279395 -6.347264
v -0.980448 5.986959 2.618429
v 5.629628 -3.534615 -1.413597
v -1.684411 4.612201 2.614905
v 5.571477 -3.696657 -1.864572
v -2.064357 5.029490 2.711055
v 0.246336 -3.795752 4.889771
v 5.058739 -4.991725 4.762354
v -3.308296 -4.698154 4.015517
v 3.084170 -4.988515 -3.516819
v 3.070800 -5.008000 -3.483200
v 3.023162 -5.013834 -3.521393
v -2.424211 4.967336 2.727123
v 3.050654 -5.000669 -3.507607
v -3.828245 -4.740687 3.968597
v 0.342266 -3.978052 4.529474
v -3.611862 5.420424 2.790103
v -2.203732 -2.162963 4.503267
v 0.193588 -4.683806 4.409516
v 4.457727 -5.397064 3.872944
v -3.186306 4.690894 2.524931
v 4.979231 -6.088740 4.913198
v 4.866143 -7.204765 4.923246
v -3.188445 -1.637915 4.647829
v 6.528300 -4.180936 -3.325051
v 0.377025 -3.887693 5.454098
v 6.435552 -4.270268 -4.132796
v -2.289370 5.675443 3.025821
v 4.719027 -4.989130 -3.841861
v 5.033708 -2.800602 4.318469
v 0.475323 5.095747 0.213507
v -2.865326 -4.302318 5.405169
v -2.507213 -4.562167 4.872766
v -2.119451 4.506788 2.898282
v 3.651965 -5.861981 -4.019611
v -1.991242 -6.288606 -6.421315
v 4.077471 -2.735432 3.938879
v -2.963960 6.126334 3.074336
v -1.829741 -3.966736 4.641560
v 3.543214 -2.434360 4.030961
v 6.936406 -4.562653 -3.617705
v 3.500036 -5.623007 -3.561272
v -1.034876 -5.512744 -5.267830
v 6.339904 -4.715322 -4.847489
v 3.560799 -5.623314 -3.514261
v 0.618654 -4.858731 4.491454
v 3.455642 -5.478125 -3.309553
v -1.490975 -4.740107 6.053720
v 4.428542 -2.587954 4.031919
v 6.733140 -4.832925 -3.790635
v 0.611300 -5.141272 4.552763
v 3.598904 -5.389097 -3.401784
v -0.079218 3.897230 -0.817082
v -1.589621 3.493280 -1.121876
v 4.591165 -3.034686 2.897703
v 0.514610 4.537779 0.111219
v 0.377900 -4.953599 4.469201
v 0.373600 -4.930799 4.469100
v -2.008647 -4.966582 4.557680
v 0.365700 -4.889299 4.468901
v 0.357400 -4.845399 4.468600
v 0.312155 -5.018616 4.456283
v 0.343800 -5.011199 4.505600
v -1.548222 -5.844276 -4.695473
v 0.373900 -4.984200 4.477201
v 0.382300 -4.976699 4.469300
v -2.498387 5.014055 3.124086
v 4.428591 -3.214092 2.933452
v -0.460326 4.465936 -0.113639
v -2.277573 -6.682652 -4.274950
v -2.530884 -4.354650 4.704614
v -2.775465 3.513933 1.147467
v 3.275365 -3.611832 2.838027
v -0.961194 -7.147904 -6.151912
v -2.084126 -7.139775 -6.355971
v 3.994394 -3.593838 3.542077
v 3.068813 -5.395990 -3.629435
v -1.768080 -7.672504 -5.150614
v 2.945906 -5.734946 -3.846176
v 0.248811 -5.780481 1.579500
v 0.291501 3.539513 -0.148960
v 4.756388 -3.677250 4.223944
v 3.148700 -5.627300 -3.617599
v 3.154400 -5.627700 -3.624799
v -0.543283 -5.432498 1.516366
v -1.768753 -7.266407 -4.424795
v -1.766613 4.698264 2.339364
v 6.743427 -4.843946 -3.326935
v 3.205229 -5.794847 -3.731931
v -1.441388 -7.437040 -4.840107
v -0.169129 3.737218 -0.257898
v 3.112832 -5.662288 -3.604383
v 6.394870 -4.881924 -3.224904
v 3.883747 -4.262866 4.140389
v -0.022605 -5.354916 2.479506
v -0.480938 -5.616833 2.747107
v -3.257425 -4.923311 4.488521
v -2.688980 -5.394418 -6.734874
v -0.128327 -5.929310 2.166708
v -1.494888 4.157135 2.359915
v 0.176192 4.264827 0.879004
v 5.171754 -3.631170 -3.909251
v -1.657365 4.128301 2.695708
v 0.516128 4.470961 0.820521
v -2.940440 -4.511936 5.658344
v 2.847357 -3.608022 3.154204
v 2.385527 -4.712466 -4.051084
v 0.039337 -6.505974 2.312359
v 5.184952 -4.705280 -3.939130
v 4.568471 -3.825223 3.380186
v -2.751050 -6.623508 -6.918759
v 5.869079 -4.088828 -3.522424
v -0.792893 -5.490533 3.266475
v -0.570967 4.349578 0.747325
v 5.535284 -4.806106 -3.725976
v 6.053314 -4.140439 -3.137473
v -3.320193 -6.869709 -6.330378
v -3.795049 -6.688046 -4.615104
v -3.316047 -4.679956 5.951204
v 0.244066 4.920046 1.090071
v 1.677634 -5.405416 4.611664
v -3.572792 -6.476518 -4.181302
v -2.804165 -5.160700 6.304861
v 0.888330 -5.119286 4.516572
v 4.063442 -4.049616 4.161041
v 3.344908 -5.623721 -3.569163
v 1.129387 -5.275611 4.642255
v 1.057446 -5.239619 4.613655
v -2.996397 -7.191670 -6.204629
v -4.095359 4.774686 2.175146
v 3.185806 -5.613607 -3.561059
v 5.732059 -5.289773 -4.379589
v 5.916893 -5.135833 -4.555977
v 0.945842 -5.200558 4.541319
v 0.334136 3.532100 0.662918
v -0.185284 3.876054 0.296786
v 3.128000 -5.625900 -3.591700
v 3.769890 -4.604663 3.422915
v -0.296519 3.650710 0.666116
v -3.151091 -6.739195 -6.222384
v -3.923230 -5.157969 6.343572
v -5.075893 5.751554 1.923874
v 1.031700 -5.241499 4.625600
v 1.024157 -5.243214 4.631375
v -0.753840 -1.877596 -4.021776
v 0.786021 -5.392659 4.747896
v 1.191794 -5.345877 4.732576
v -1.315546 -5.357381 2.949031
v 4.379513 -4.557509 3.490441
v 1.040200 -5.248499 4.632801
v 1.053300 -5.259200 4.643701
v -3.718010 -7.091850 -5.390722
v 4.400908 -4.823294 4.318315
v 5.834432 -5.102730 -3.164904
v -0.413872 -3.602918 -4.171262
v -4.140905 4.298737 1.306695
v -0.662954 -2.644872 -3.644205
v -1.111528 -1.855032 -3.607114
v -4.349316 5.438036 2.474740
v -2.874788 -7.635071 -5.134771
v -0.071338 3.368160 1.229946
v 1.208247 -5.449603 4.822665
v -0.504381 -2.799075 -3.070862
v 3.919866 -4.555433 3.742677
v -2.305303 -5.403856 3.635381
v -0.734209 7.963444 2.308418
v 4.011114 -4.639717 4.200394
v 3.716400 -4.497200 3.776400
v 3.722800 -4.505599 3.784400
v 3.696800 -4.471300 3.751700
v 1.183783 -5.408675 4.888456
v 3.340987 -4.383684 3.659892
v 3.723700 -4.506800 3.785600
v 3.759100 -4.507599 3.807900
v 3.771100 -4.507900 3.815500
v 3.760700 -4.506899 3.772100
v 3.757200 -4.506599 3.757400
v 3.770100 -4.507800 3.811300
v 3.758800 -4.506899 3.756600
v 3.758800 -4.506999 3.756600
v 3.758700 -4.506899 3.755900
v 3.770200 -4.507800 3.811200
v -3.475744 -6.896956 -4.921200
v -1.397893 -6.206300 3.912943
v 5.644383 -4.391733 -2.324019
v -2.545267 -6.145749 4.309540
v -2.667597 -6.954659 -4.296562
v -2.459665 -6.811961 4.526975
v 1.039993 -5.470903 5.023779
v 1.031541 -5.412776 4.944973
v -0.643211 -3.231241 -3.505077
v 5.402132 -3.975443 -2.483154
v -2.548419 -5.333730 3.442841
v -0.589293 -3.553427 -3.370731
v -0.288404 5.810379 1.854938
v -3.496400 -6.599586 -4.717710
v 0.284034 4.730711 1.853084
v 5.272830 -4.954525 -2.818509
v 3.005680 -5.118083 3.928868
v -0.301985 4.427326 2.299471
v 6.544670 1.054674 -3.126277
v -1.732709 9.084397 0.160556
v -1.291619 9.216892 1.300951
v 6.363780 0.417324 -3.239382
v 5.287509 -4.084990 -1.942433
v 3.116232 -4.312782 3.256271
v 6.306771 -4.647805 -2.877423
v 5.966654 1.147452 -3.075592
v -0.551754 -3.493974 -3.211279
v -3.553284 -5.343596 3.317360
v -2.442872 9.397710 1.212752
v -3.513849 -6.909243 -4.548213
v -3.402995 -5.335354 3.574373
v -2.389773 9.392809 0.631777
v -4.745198 -3.968709 -3.823733
v 1.571395 -5.465565 5.468753
v -3.017021 -5.640260 3.575023
v 5.516600 0.799322 -3.299504
v 1.710833 -6.139853 5.060754
v 3.149179 -4.528721 3.143508
v 4.907444 1.031898 -2.962419
v -4.076553 -4.022998 -4.621233
v -0.634690 -2.383752 -2.033594
v 6.906176 -5.484155 -3.381378
v -2.698983 -5.706515 3.623987
v -0.405524 -2.866254 -2.765230
v -3.194556 9.217223 2.153886
v -1.387913 8.981408 -0.219390
v -2.970474 -5.645204 3.654893
v 2.751945 -4.582635 3.305341
v 6.282247 0.809928 -2.410957
v 5.835245 0.297382 -2.232066
v 1.233900 -5.475147 5.234681
v -0.386307 -2.988797 -2.107974
v -0.477679 -2.548550 -1.898532
v 1.136867 -5.460973 5.412251
v -0.585301 -2.240500 -1.361373
v 4.821461 0.771348 -2.427094
v 0.722812 -5.444044 5.150841
v 5.889736 -5.151885 -4.088423
v 0.862783 -5.445103 5.174430
v 0.579321 -5.458626 5.240888
v 6.008948 -6.017111 -4.203921
v -0.555311 -2.526435 -1.889726
v -1.745300 8.525348 -0.681994
v 5.688398 -5.582551 -3.104280
v 5.470983 -5.224121 -3.401916
v 7.927397 -1.399967 -2.252079
v 7.968549 -1.686652 -2.684157
v 0.601534 -5.315101 5.633717
v -0.693767 -3.066091 -1.176735
v 8.071482 -1.726805 -2.038493
v 4.179469 -3.259133 4.400976
v -0.752266 -3.609891 -2.508454
v 4.174267 -2.800301 4.764516
v -2.151850 8.702975 -0.498333
v -1.184023 -3.970595 -4.305101
v 0.974075 -5.418545 5.327965
v 4.061511 -2.684257 4.325536
v 6.471379 -0.386140 -3.453737
v 3.368957 -2.712990 4.768020
v 4.013070 -3.211812 4.484119
v -0.584960 -2.978921 -2.051893
v -1.390509 -4.651455 -3.869877
v -3.446023 -6.087243 3.517297
v -2.343145 7.912069 -1.168450
v -2.383491 8.308621 -0.900894
v 4.151910 -3.275295 4.342838
v 5.639760 -5.411119 -2.808338
v -4.090797 -6.227220 3.745589
v 0.708920 -5.361851 5.683244
v -1.884883 -5.118593 -3.699178
v 6.199975 -6.229931 -3.780149
v 5.342340 0.119709 -3.774492
v -3.605976 -6.315487 4.171995
v 4.948314 -2.813757 5.042537
v 3.244736 -2.604985 5.938935
v 3.321120 -2.493144 5.245708
v -0.820509 -5.482964 4.611238
v -0.484661 -3.310068 -2.531079
v -2.371889 -6.138648 -3.914333
v -3.402448 8.240127 -0.795326
v -3.375533 7.906191 -1.044095
v -0.411974 -3.100281 -2.255008
v 4.702819 0.508925 -3.313463
v -1.929257 -5.815227 -3.465159
v 4.833883 -0.534875 -3.493161
v -0.487129 -3.379401 -2.563491
v -1.267943 -5.856247 5.804601
v -0.703249 -3.343433 -2.277801
v -1.903855 -6.565721 -3.647909
v 0.433177 -5.396036 4.566100
v -1.323412 -6.064636 -3.047230
v 5.142312 -6.139795 -3.567145
v -0.639120 -6.811421 -3.048008
v -2.416722 -6.138569 4.837910
v 5.332816 -6.766489 -3.974632
v -1.309372 -6.751205 -3.836868
v 3.759068 -3.726939 4.852647
v 0.604394 -5.429236 4.871780
v -1.152413 8.872181 0.311135
v -1.543457 -6.922122 -3.828464
v -1.559651 -6.888457 -3.825524
v -1.151040 9.111313 0.444454
v 4.550361 -3.222041 5.583523
v 5.455151 -6.151657 -2.955283
v 6.712011 -0.253489 -2.361059
v 4.094018 -3.721742 5.410236
v -1.462000 -7.418736 -3.840294
v 5.577775 -5.913747 -3.775285
v -1.712369 -6.804808 -3.915928
v -3.834455 -6.563274 4.445458
v -3.334062 -6.533356 5.678947
v 0.531722 -5.456093 5.440684
v 0.596100 -5.401599 5.453300
v 0.596000 -5.395500 5.458301
v 3.417759 -3.651734 6.017005
v 0.595600 -5.373199 5.476300
v 5.910002 -6.971665 -4.041961
v 0.595900 -5.389999 5.462700
v 0.547469 -5.523184 5.294218
v -0.460608 -3.219694 -2.142552
v 0.596300 -5.412799 5.444301
v -1.677763 -6.846600 -3.818424
v 0.561500 -5.402800 5.440600
v -1.424875 8.469333 0.212915
v -0.448800 -3.206400 -1.899300
v -0.446900 -3.185400 -1.862700
v -0.449187 -3.213773 -1.856500
v -0.460700 -3.192600 -1.896200
v -4.420137 -4.460001 3.080761
v -1.579493 -6.901313 -3.833557
v -1.579699 -6.910310 -3.856637
v 4.623153 -2.902827 -5.270765
v -5.006257 -3.424501 2.694248
v -1.654864 -6.903056 -3.863646
v -5.179402 -2.425028 2.032961
v -5.785848 -2.613406 1.898270
v -2.112324 1.157229 -4.866403
v 3.926271 -2.569114 -4.824512
v -0.478700 -3.171600 -1.891600
v 5.243777 -3.618668 -5.806097
v 2.777803 -3.152736 4.439351
v -3.280802 1.447849 -4.577508
v 3.761149 -3.905739 -4.964949
v -3.256092 0.523329 -5.312906
v -0.467583 -3.725894 -2.083335
v -0.887872 8.859326 1.407768
v 2.878949 -4.075073 -4.428209
v 5.968570 -0.921456 -2.686385
v -0.854118 -6.910187 -3.424823
v 2.776732 -2.522590 4.494216
v 5.060112 -4.308385 -5.354444
v -4.387723 -2.639554 3.943167
v -1.500071 -6.736725 -3.183565
v 5.389483 -0.492393 -2.104566
v 5.183988 -0.840466 -2.854445
v 3.415421 -4.529774 -4.844845
v 1.139837 -3.347052 5.118648
v -0.474430 -3.617338 -1.708773
v -2.136209 -1.055537 -5.676229
v -1.081038 8.317492 1.365649
v -0.408585 -3.733341 -1.686859
v 7.072229 -1.968242 -2.780943
v 6.823709 -2.140757 -3.376581
v 1.417174 -4.011600 4.197842
v -1.170871 -0.204945 -4.918912
v -3.812254 8.486974 -0.293093
v 6.376976 -2.174160 -2.633011
v -4.005960 -3.906747 3.775698
v -0.414657 -3.562318 -1.484124
v -1.091473 -1.169897 -4.633369
v -1.436182 -1.445323 -5.081095
v 3.450209 -4.677770 -5.047655
v 2.265084 -3.623351 5.796510
v 6.147780 -0.891351 -2.787044
v -3.632426 -0.526520 -5.494749
v -1.151690 6.597512 -0.893367
v 3.411022 -5.029764 -5.143572
v 4.945487 -0.888235 -3.107910
v -5.139570 -3.955772 2.244348
v -1.952862 -6.734725 -3.368207
v -0.281208 -4.753319 -3.818262
v 2.944345 -4.224534 -4.646463
v 2.804257 -4.506378 -5.027782
v 3.085400 -4.325601 -4.872000
v 3.076600 -4.325901 -4.872000
v 3.080100 -4.325800 -4.872000
v 4.148411 -4.215648 4.421737
v 3.075500 -4.320200 -4.872000
v 3.059287 -4.302104 -4.872749
v 3.053091 -4.282540 -4.852656
v 3.040700 -4.326200 -4.849199
v -6.181468 -4.041144 1.598946
v 4.601626 -3.759166 4.868364
v -2.848524 6.327146 -1.387247
v -5.853024 -4.671485 2.211474
v -1.177947 -1.080020 -4.324162
v -3.127172 5.555667 -1.294086
v 3.073443 -4.325927 -4.865947
v 3.073900 -4.324400 -4.867499
v 3.075100 -4.325800 -4.869100
v -5.117526 7.717714 0.032074
v -4.788870 -4.425893 3.102560
v -3.905629 8.935940 2.131576
v -5.162351 7.824403 0.400643
v 6.538461 -2.256794 -2.334621
v -5.182781 7.855275 0.961330
v -3.668311 -4.512153 3.607136
v -3.927099 7.546980 -1.003158
v 4.531759 -4.058599 5.592905
v -3.716032 -4.981964 3.181636
v -4.711303 7.258199 -0.626781
v 2.407967 -4.419453 -4.384802
v -4.344546 -4.914375 3.273801
v 4.294640 -4.809626 4.490866
v -0.455218 -4.117468 -2.520768
v -3.417952 -2.100924 -5.772047
v -3.418094 -2.498702 -5.174604
v 4.504282 -4.887426 4.760825
v 6.031079 -0.998112 -2.929781
v -4.918607 -5.390892 3.069774
v -2.970075 -7.749628 -4.038472
v 6.290596 -2.240654 -2.394384
v 4.519454 -4.843758 4.324618
v -3.161196 -6.996037 -4.124192
v -4.871270 6.606018 -0.546825
v 4.496064 -4.850516 4.460957
v -5.089221 -3.068360 4.848823
v -5.065106 -4.497067 4.741950
v 4.384279 -4.824237 4.346311
v 6.084379 -1.964826 -2.631805
v 4.560008 -4.855305 4.144232
v 2.832527 -5.126094 -5.338266
v -4.442626 -7.943920 -3.556786
v 2.833022 -5.144475 -5.380549
v -2.944448 -7.635961 -2.798019
v -4.207605 -3.590151 6.449395
v -5.367215 7.272211 0.696256
v 4.093172 -4.898811 4.378833
v 4.417039 -4.823168 4.514707
v -0.448310 -4.040467 -2.159004
v 4.452949 -4.874110 4.611592
v 4.143298 -4.857907 4.728457
v -2.672458 2.111099 -2.625376
v 4.249700 -4.868400 4.804801
v 4.412200 -4.869100 4.763501
v -4.595813 -5.254463 6.838382
v -4.115845 -4.906181 6.956550
v 3.081429 -4.524477 -4.983973
v -0.117392 -5.579956 -1.594982
v -6.613036 -7.842855 0.811500
v -5.370208 7.501937 1.113110
v -6.431125 -6.484978 1.567285
v -0.554717 -1.933983 -4.936760
v -3.100648 2.061329 -2.598400
v 3.645305 -4.688791 4.724842
v -5.473216 -6.140835 2.555372
v 3.520967 -4.787948 4.779578
v -5.780368 -6.342090 2.285211
v -0.219157 -3.025109 -4.826567
v -5.171635 -2.106485 -1.118961
v -5.418167 6.525309 0.652990
v 1.384594 -6.528996 -4.465850
v 4.150329 -4.868805 4.804809
v 4.075500 -4.831100 4.911000
v 4.019300 -4.831200 4.958400
v 1.154463 -5.107384 -4.414801
v 4.169556 -4.859683 5.000474
v 4.223243 0.342823 -3.045269
v -2.008232 1.693817 -1.798938
v 3.988900 -4.831299 4.984001
v -1.699634 0.928767 -4.354959
v 0.244043 -6.374577 -4.202127
v 2.424993 -4.519304 -4.524156
v -5.313394 -4.875229 -3.241168
v -5.493755 6.575499 1.098371
v -2.076183 1.087782 -3.228666
v -0.316974 -6.552402 -3.112927
v -1.975715 5.185008 -1.350151
v -2.197944 4.928557 -1.663998
v -5.384726 -7.333232 -2.535032
v 3.945322 -4.777005 5.517565
v 4.494730 -5.154109 5.555741
v -3.092024 1.827533 -3.397686
v -2.861706 5.845362 -1.498237
v -4.374456 -7.405699 -3.618577
v -5.131051 -6.516017 -3.439238
v 3.874000 -4.831399 5.080801
v -3.753216 2.204911 -2.552562
v -0.423836 2.715538 -0.298333
v -3.170493 6.054969 -1.668335
v 3.820780 -4.226742 6.362602
v 3.580500 -5.986120 -5.402301
v -3.025767 5.327727 -1.656323
v 0.285911 2.684257 0.226948
v 4.953582 -6.409862 -5.652921
v 3.542753 -4.476735 6.267100
v -0.557109 2.583038 0.516764
v -1.709628 1.610825 -1.438576
v -5.724886 -6.389353 2.545885
v 3.928413 -4.959207 6.398026
v -6.149190 -6.408713 2.222562
v 4.195158 -6.642300 -5.246616
v 3.327984 -5.334290 6.241891
v -2.473149 1.841844 -2.355519
v 4.233096 -6.682387 -4.776168
v 4.950801 -6.848150 -5.076695
v -5.879999 -7.575336 -2.199284
v -0.385945 -6.635156 -2.776539
v 4.477068 -0.717862 -2.673472
v -6.013081 -7.988037 -1.749924
v -6.386779 -7.125683 2.046964
v 0.532605 -6.254289 -0.997999
v 2.769327 -5.296925 -5.436636
v -2.286223 5.242331 -1.196854
v -3.898897 2.039980 -2.342021
v 4.403339 0.085829 -2.544058
v -0.549308 -6.643265 -2.522241
v -5.972332 -6.693062 2.507329
v -6.205481 -7.544830 -1.148794
v -0.613597 -1.866779 -0.609812
v -4.374077 1.444742 -3.569873
v -3.931473 0.541039 -4.680099
v 2.868873 -5.235115 -5.352264
v 5.891610 -2.437727 -4.335300
v -5.189160 0.225376 -2.890177
v 2.830900 -5.264201 -5.388899
v -1.136958 -3.304491 0.093772
v 2.833800 -5.225501 -5.352399
v -5.984281 -6.606812 2.792716
v 2.782762 -5.359590 -5.472766
v 2.940728 -5.397074 -5.359384
v 3.245223 -5.634519 -5.340552
v 3.673470 -5.556193 3.901099
v -4.571005 1.842676 -1.532269
v -2.683889 5.572727 -1.247743
v -6.102791 -7.008173 2.736572
v -4.759078 1.446000 -1.917152
v 2.832118 -5.649210 -5.459765
v -0.074876 -7.016317 -2.467878
v 5.447141 -3.326309 -4.767735
v 5.840403 -3.451452 -4.229810
v -1.965388 2.435338 -1.271445
v -5.990004 -6.880889 2.684088
v 3.795111 -5.639349 4.337728
v -6.057021 -6.800765 2.719774
v -5.989461 -6.818278 2.806979
v -5.981948 -6.825181 2.783608
v -0.805445 -4.222200 -0.970936
v -5.943530 -6.905508 2.762850
v -5.993319 -6.863575 2.796994
v -6.000106 -6.853836 2.774266
v -2.757544 3.120978 -0.867747
v -1.066274 -4.687293 -1.055435
v 3.061917 -6.336738 3.651537
v 2.899469 -6.526565 4.009543
v -3.313083 2.509387 -1.239557
v 3.318314 -5.371891 3.466383
v -3.055761 2.666767 0.831165
v -0.444716 -2.701857 -1.298008
v 5.812130 -4.499429 -5.436506
v -1.796699 2.841745 1.145506
v 3.014107 -6.008194 -5.096112
v 2.614145 -5.636489 -5.425889
v 3.562818 -5.638871 3.641154
v -6.031220 -6.855684 2.728757
v 3.262341 -5.434289 3.877862
v -2.079305 4.719750 -1.255068
v 3.284730 -5.441500 3.937502
v -1.044613 -4.492047 0.650020
v -0.110372 -3.700170 0.040243
v 2.957495 -5.353450 3.723775
v -3.020681 3.300291 0.624847
v 4.970707 -5.429270 -5.622358
v -0.472343 -3.403177 -1.145864
v 2.656253 -5.274885 -5.407109
v -2.996589 2.141726 1.348537
v 3.334700 -5.447100 3.950600
v 3.387500 -5.471200 3.967201
v 0.605623 -6.702666 -0.728527
v 5.914785 -5.141147 -5.172957
v 6.721970 -5.640251 -5.622720
v 3.411500 -5.482100 3.974801
v 3.374800 -5.473499 3.930300
v -3.832928 -5.505680 3.562914
v 2.963800 -5.329276 3.852017
v -3.045646 3.822220 -0.457708
v -4.199799 -5.913784 3.438534
v 6.700702 -6.191649 -5.372494
v -0.945455 3.987538 0.288031
v -6.551853 -7.374712 0.308822
v -1.670284 1.335141 -0.085773
v -1.607403 1.353777 0.573580
v -0.333461 -3.921657 -1.131990
v -3.530592 3.853570 0.461583
v -1.453728 1.542792 -0.588812
v -5.509111 -6.001199 2.908796
v -1.741170 1.471178 0.472800
v -0.267750 -3.693205 -0.907813
v -1.953254 1.288628 1.393960
v 3.364488 -6.130656 -5.170646
v -2.032792 1.224932 1.714376
v -2.215896 1.059543 1.277236
v 2.848947 -6.271346 4.516840
v -2.289782 1.062816 2.088884
v 0.005124 -4.299903 0.236708
v -5.000168 5.781169 -0.210329
v 3.130599 -6.431495 4.348459
v -1.944215 0.018044 2.008534
v -4.379756 4.633674 -0.026115
v -5.082599 5.297048 1.081564
v -3.340865 1.788716 1.821855
v 2.720244 -6.090623 -5.289907
v -2.882807 1.264641 2.466411
v -2.170379 1.725111 1.255092
v -3.824944 -6.497135 3.399391
v -2.284107 1.715162 1.037577
v -4.161794 -6.365322 3.729075
v -4.253762 -6.302241 3.399845
v -2.179283 0.238124 1.747593
v -3.054045 1.315246 3.391917
v 5.587950 -5.959605 -4.453808
v 5.907589 -6.214641 -5.479482
v 3.272533 -6.342232 -5.412943
v -3.184515 0.846552 4.192713
v -4.980753 -6.044486 3.212020
v 5.679877 -6.608325 -5.504781
v 2.465082 -6.067013 -5.395832
v 2.709210 -6.114939 -5.451807
v -3.966943 2.142635 1.179834
v -4.909125 -6.282390 2.943686
v 5.059004 -5.829308 4.769640
v -4.960348 1.346459 2.215998
v 4.200397 -5.695278 5.375628
v -1.941372 0.925196 1.042925
v -4.631616 -6.463992 3.385176
v -4.883053 -6.295886 3.323092
v 2.491019 -6.155470 -5.115965
v -5.338635 0.871594 1.511855
v 4.933578 -6.504395 4.705137
v -4.213105 1.304525 3.787338
v -2.163526 9.134392 2.002685
v -5.112395 -6.647377 3.490516
v 3.381832 -6.668922 5.917767
v 5.285824 -6.785476 -4.438973
v -4.591094 -6.200525 3.761130
v -5.081315 0.043530 3.628322
v -4.725740 0.614665 4.001519
v 6.529009 -2.549605 -4.181507
v -2.740586 9.262880 2.119903
v 2.117763 -6.349060 -4.876801
v 4.781308 -7.137361 4.514469
v 6.715888 -3.054374 -2.493629
v -0.694387 -4.561446 -0.703321
v 6.349693 -3.286996 -3.944624
v -0.686337 -4.803394 -0.425294
v -1.278704 9.058669 1.624112
v 6.724921 -3.558455 -4.089058
v 3.522227 -6.800708 4.668592
v 2.797802 -6.934104 4.995570
v -4.589724 1.981423 0.087945
v -1.560237 9.040489 1.786052
v 5.539677 -2.595077 -3.519376
v -1.977910 -1.312881 2.277529
v -0.436505 -4.993577 -0.198259
v -0.450666 -4.715591 -0.525104
v 0.680203 -5.106407 -5.172034
v -4.980173 1.290805 0.092631
v -0.833443 8.556016 1.758553
v -2.103827 -0.395351 3.367724
v 3.192839 -5.803472 4.401182
v 0.673541 -5.366256 -5.619747
v 3.280368 -5.557387 4.672092
v -0.376010 -5.241141 -6.304399
v -4.254206 -7.126165 4.372955
v -0.282059 -4.147449 -5.329125
v 5.656201 -2.731155 -2.864429
v 3.225285 -6.281522 4.643296
v -2.580786 -0.530768 4.344918
v -2.573666 -0.874184 3.808427
v -5.037976 -7.294291 3.966174
v -1.856394 -4.232436 -6.368174
v 4.637950 -2.678220 -3.709248
v 5.291113 -2.426822 -3.056055
v -1.710284 -1.329459 3.357095
v -5.783908 -6.626910 2.865361
v -1.220150 -1.440727 -1.997902
v 0.814149 -5.856734 -5.865846
v 2.998698 -5.272202 5.874305
v -2.505634 -2.577132 3.569855
v 5.878486 -3.548333 -3.809026
v -5.676502 -6.770553 3.024423
v -2.031931 -3.013904 4.263835
v -1.008795 8.268789 2.490442
v 1.392094 -6.422590 -5.488807
v -1.511537 8.494864 2.212044
v -5.779567 -6.786649 2.912658
v 4.843313 -3.266309 -3.575806
v -5.903883 -6.859253 2.915187
v 2.804920 -6.667925 6.067261
v -2.741151 -2.280909 3.855673
v -5.324274 -2.333552 -2.968390
v -1.137583 7.646829 2.255069
v 5.961026 -3.271842 -3.370857
v -5.570017 -6.767868 3.248908
v -0.280415 -5.853978 -6.798035
v 0.457233 -5.112574 0.853354
v -1.138065 7.868715 2.857124
v 6.093651 -3.011822 -2.864987
v -3.985223 -1.029566 5.224905
v -1.098523 -0.236867 -0.670536
v -5.413630 -6.789074 3.297381
v -0.746080 -4.933716 1.276528
v -0.423393 -3.796387 2.224780
v -0.355906 -3.880693 2.512159
v -3.001753 8.822173 2.768363
v 6.820174 -2.506403 -2.617789
v -0.246590 -5.481761 -0.237923
v -0.630076 -6.053185 -6.122510
v -5.713601 -0.600380 1.514923
v -4.840148 -1.263972 2.727812
v -0.285910 -6.219184 -0.854805
v -1.290700 -2.921490 -4.345910
v -1.090781 -3.630595 -4.519543
v -1.395491 8.091079 2.929442
v -5.140601 -6.666942 3.699737
v -5.989295 -7.538610 2.950730
v 6.686137 -3.189312 -2.641762
v -0.384274 -6.076073 -0.320607
v -5.938974 -6.843707 2.851012
v -5.956259 -6.828921 2.859971
v -1.871868 7.871469 3.209828
v -5.901447 -6.896036 2.857958
v 1.059462 -3.533162 4.565535
v 5.838745 -2.564112 -2.750188
v 0.146366 -7.174534 -5.278338
v 0.910680 -3.677175 4.608162
v 6.136286 -2.694170 -2.862860
v -4.844217 -0.683149 4.401540
v 0.187633 -5.551056 1.303066
v -4.776387 -2.561424 3.578415
v 4.150203 -2.385100 -4.116959
v 0.382975 -5.938225 0.666176
v 5.859551 -2.437184 -2.295264
v 0.700768 -3.621390 5.466043
v -5.028902 -6.307829 4.889811
v -3.886292 7.773769 3.065249
v -4.590044 -6.625747 4.929446
v 4.943111 0.391436 3.600814
v 3.835691 -2.658173 -3.411092
v 4.929153 -0.964682 3.689967
v -4.735041 -0.994845 4.079284
v 4.638602 -3.004015 -2.805214
v -5.161901 -5.857067 5.896341
v -1.505934 7.606152 3.224687
v 1.074525 -3.816825 4.375183
v 3.954906 0.768298 4.003791
v 5.746155 -2.737437 -2.629545
v 4.443455 0.856994 4.611634
v 3.870596 -3.671106 -3.065555
v -4.575283 -6.212678 6.384403
v 5.911489 -2.899084 -2.604123
v 3.732911 0.691695 4.393256
v 4.344422 0.489492 3.375036
v -4.966766 -5.598699 6.327110
v 0.847152 -3.777023 4.542178
v 4.502083 -0.786037 3.140521
v 5.908408 -2.769259 -2.511866
v 2.791888 -4.227542 -3.619082
v 0.885700 -3.786000 4.541800
v 0.883800 -3.788800 4.538800
v -2.149685 7.323352 3.143024
v -2.648120 7.650827 3.351834
v 0.861600 -3.820500 4.505200
v 0.881900 -3.791400 4.536000
v 3.294815 -4.636309 -3.396760
v -4.335560 -2.414814 5.817194
v 5.118932 -2.592540 -2.512798
v -0.712896 -3.276728 2.735478
v -4.004203 8.548161 2.585640
v -1.605245 -3.114620 3.486203
v -4.849390 7.988140 2.283933
v 0.658201 -3.890730 5.642688
v 4.147247 -1.463422 4.259387
v 2.509229 -4.411445 -4.076416
v 3.761830 -1.210579 4.413658
v 4.570668 0.106412 4.559487
v 4.126536 0.072201 5.132017
v -4.944441 7.210421 2.485570
v -4.506635 7.370823 2.872871
v 3.498994 -0.463731 4.937953
v 4.188600 -0.932047 5.008896
v 0.796358 -4.900425 5.718143
v 4.399771 -1.436769 4.462939
v 4.164227 -1.557911 4.503717
v 5.445940 -3.191670 3.799292
v 5.739566 -3.283420 4.955926
vn 0.7751 0.4399 -0.4536
vn 0.4128 0.3245 -0.8511
vn 0.7443 0.4868 -0.4573
vn -0.7506 0.2997 0.5889
vn -0.6445 -0.1762 0.7440
vn -0.4144 -0.0440 0.9090
vn 0.4800 0.7335 0.4812
vn 0.9586 0.1288 0.2538
vn 0.3082 0.1930 0.9315
vn 0.9768 0.1148 -0.1809
vn 0.8884 0.3610 0.2836
vn -0.8241 -0.1304 -0.5513
vn -0.7116 0.0896 -0.6969
vn -0.8787 0.0881 -0.4691
vn 0.4280 -0.0302 0.9033
vn 0.9602 -0.0019 0.2795
vn -0.8675 -0.0476 0.4952
vn -0.3335 0.6864 0.6463
vn -0.2370 -0.2029 0.9501
vn 0.9204 0.3858 0.0629
vn -0.0104 0.4964 0.8680
vn -0.1192 0.0963 -0.9882
vn -0.8197 -0.0401 -0.5714
vn -0.9021 0.3244 0.2847
vn 0.3175 0.2376 0.9180
vn -0.9917 -0.1277 -0.0172
vn 0.9551 0.1591 -0.2499
vn 0.6865 0.5101 -0.5181
vn -0.9772 0.1902 0.0939
vn 0.3453 -0.2842 -0.8944
vn -0.7416 0.0606 0.6681
vn -0.3124 0.2844 0.9064
vn 0.5206 0.2095 -0.8277
vn -0.5248 0.8467 0.0876
vn 0.3852 -0.1826 -0.9046
vn -0.8391 -0.2305 0.4928
vn -0.3376 0.2890 0.8958
vn -0.5220 0.1924 0.8310
vn -0.5611 -0.1308 0.8174
vn -0.9597 0.2808 -0.0064
vn 0.2001 -0.1323 -0.9708
vn -0.4787 0.8654 0.1482
vn -0.4887 0.8618 0.1359
vn -0.5490 0.6541 -0.5204
vn 0.6241 -0.2654 -0.7349
vn -0.3680 0.4399 0.8192
vn -0.2195 -0.1098 0.9694
vn -0.9421 0.1501 -0.3000
vn 0.9025 -0.4308 0.0009
vn -0.8487 -0.4688 -0.2449
vn -0.4803 -0.6169 0.6235
vn 0.9352 0.3507 0.0495
vn 0.7790 -0.0847 0.6213
vn -0.3533 0.2243 0.9082
vn 0.1820 0.0853 -0.9796
vn -0.4786 0.8654 0.1483
vn -0.4318 0.3026 0.8497
vn -0.6746 0.7200 -0.1627
vn -0.6683 0.7239 -0.1714
vn -0.5391 0.8395 0.0682
vn -0.4681 0.8593 0.2060
vn -0.6606 0.7447 -0.0951
vn -0.5278 0.8407 0.1210
vn -0.8726 0.3761 0.3115
vn -0.6543 -0.7561 0.0127
vn 0.9433 -0.3312 0.0223
vn 0.5062 -0.5435 -0.6696
vn 0.9724 0.2320 0.0259
vn -0.0022 0.2735 -0.9619
vn -0.0932 -0.1694 0.9811
vn -0.0379 -0.9028 0.4283
vn 0.2042 -0.2008 0.9581
vn -0.9550 0.0235 -0.2955
vn -0.1644 -0.3735 0.9129
vn 0.9390 -0.3029 0.1631
vn 0.8764 -0.0350 0.4803
vn 0.8160 0.1680 -0.5532
vn -0.6988 0.1209 -0.7050
vn -0.2235 -0.3693 0.9020
vn 0.2146 -0.5529 -0.8052
vn -0.3048 0.1798 -0.9353
vn 0.2322 0.3293 -0.9152
vn 0.0599 -0.8924 0.4473
vn -0.0454 0.8186 0.5726
vn 0.1168 -0.0809 0.9899
vn -0.5875 0.0170 0.8090
vn -0.6251 -0.1373 0.7684
vn -0.8605 -0.4318 -0.2703
vn -0.4422 -0.1493 0.8844
vn 0.8492 0.0437 -0.5263
vn -0.5607 -0.8280 -0.0025
vn -0.0508 -0.1302 0.9902
vn 0.6380 -0.1374 -0.7577
vn 0.2462 -0.6082 -0.7546
vn 0.3052 -0.6479 -0.6979
vn 0.5107 0.0522 0.8582
vn 0.6002 -0.0990 0.7937
vn 0.2930 0.1058 0.9502
vn -0.2857 -0.4850 -0.8265
vn 0.7466 0.4132 0.5214
vn 0.9932 -0.1109 -0.0347
vn 0.8498 0.5262 0.0294
vn -0.2413 0.3378 0.9098
vn 0.5484 -0.3845 -0.7426
vn 0.8219 0.0034 -0.5696
vn 0.8081 0.2836 0.5163
vn 0.9813 -0.1276 -0.1444
vn 0.7888 -0.1090 0.6049
vn 0.8692 0.2091 -0.4481
vn 0.8768 0.2916 -0.3824
vn 0.9017 0.0311 0.4313
vn 0.1375 -0.0623 0.9885
vn 0.4733 0.2182 0.8535
vn 0.7225 0.2044 0.6605
vn -0.0755 0.4069 0.9104
vn 0.0197 -0.6964 0.7174
vn -0.2976 0.2226 0.9284
vn 0.2664 -0.3458 0.8997
vn 0.7564 -0.1748 -0.6303
vn 0.9931 0.0526 0.1045
vn -0.1814 -0.7306 0.6582
vn -0.1775 -0.6300 -0.7560
vn 0.1832 -0.8058 -0.5631
vn 0.0003 -0.5540 -0.8325
vn 0.9563 -0.0436 0.2892
vn 0.9858 0.1139 -0.1231
vn 0.2898 -0.6040 -0.7424
vn -0.1705 0.7711 -0.6134
vn 0.0710 0.3816 0.9216
vn -0.4159 0.6397 0.6464
vn -0.3420 0.9264 -0.1574
vn -0.2163 0.5247 -0.8233
vn 0.4346 0.7256 -0.5335
vn 0.1590 0.7858 0.5977
vn 0.6148 -0.2212 -0.7570
vn 0.0600 -0.1015 -0.9930
vn 0.4783 -0.7092 0.5180
vn 0.0431 -0.3537 0.9344
vn -0.2056 0.7228 -0.6598
vn 0.8213 0.1593 0.5478
vn 0.8213 0.1585 0.5480
vn 0.0321 -0.0010 -0.9995
vn -0.0684 0.1223 -0.9901
vn 0.9652 0.1842 0.1857
vn -0.7697 -0.6374 0.0366
vn 0.9650 0.1848 0.1862
vn -0.5248 -0.7379 0.4243
vn 0.9281 0.1777 0.3273
vn 0.9277 0.1783 0.3280
vn -0.4280 -0.8711 -0.2409
vn -0.8867 0.0271 -0.4615
vn 0.9340 0.1803 0.3084
vn 0.8201 0.1599 0.5494
vn 0.9644 0.1854 0.1885
vn 0.9268 0.1791 0.3300
vn 0.6955 -0.7100 0.1106
vn 0.3825 -0.4578 0.8026
vn -0.8345 -0.5265 -0.1624
vn 0.1121 -0.5894 -0.8000
vn 0.9868 -0.0798 -0.1412
vn 0.8732 -0.1024 -0.4764
vn 0.9000 -0.3443 -0.2673
vn 0.7622 -0.5531 -0.3363
vn 0.4572 0.0385 0.8885
vn 0.6486 -0.7603 -0.0344
vn -0.2776 -0.6151 -0.7380
vn 0.7923 -0.3981 0.4623
vn -0.1366 -0.9567 -0.2569
vn 0.5153 0.2782 0.8106
vn 0.1357 -0.2886 0.9478
vn 0.9346 0.1789 0.3073
vn -0.6027 -0.6030 0.5227
vn -0.6436 -0.1274 0.7547
vn 0.5423 -0.7437 0.3909
vn 0.9344 0.1795 0.3077
vn 0.3827 -0.3085 0.8709
vn 0.7846 -0.3120 0.5358
vn -0.1551 -0.6332 0.7583
vn -0.0870 -0.1731 0.9811
vn -0.5104 -0.6841 0.5211
vn 0.9919 -0.0770 -0.1007
vn 0.9118 -0.1716 0.3731
vn -0.6762 -0.2726 -0.6845
vn 0.8609 0.0621 -0.5049
vn -0.0481 0.4569 -0.8882
vn 0.9320 0.3220 -0.1664
vn 0.0621 -0.9952 0.0761
vn -0.1141 0.4424 -0.8895
vn -0.0197 0.9839 0.1777
vn 0.5727 0.3939 -0.7189
vn 0.7259 -0.6857 -0.0532
vn 0.1235 0.9732 -0.1941
vn 0.0972 -0.9259 0.3651
vn -0.6533 -0.1122 0.7487
vn -0.3366 -0.0689 0.9391
vn -0.6203 0.5060 -0.5994
vn 0.8244 0.4207 0.3786
vn 0.6940 0.4804 0.5363
vn 0.8011 0.5604 0.2103
vn -0.2612 -0.3568 0.8969
vn 0.1280 0.9917 0.0138
vn -0.3558 0.8739 -0.3313
vn 0.0595 -0.6149 0.7864
vn 0.4145 -0.3330 0.8469
vn 0.7420 0.3353 -0.5805
vn -0.6567 0.5154 -0.5505
vn 0.6054 -0.1753 0.7764
vn 0.0594 -0.7965 0.6017
vn 0.5591 0.6857 0.4661
vn 0.7923 -0.3699 0.4852
vn 0.3960 0.5957 0.6988
vn 0.5178 -0.6864 0.5106
vn 0.4846 -0.0692 0.8720
vn 0.9663 0.2516 0.0551
vn -0.2953 0.0160 0.9553
vn -0.0547 -0.9672 -0.2481
vn 0.0475 -0.5601 0.8271
vn 0.2309 -0.8458 0.4810
vn 0.4565 -0.5047 -0.7327
vn 0.8299 -0.4421 -0.3404
vn -0.4414 -0.7071 0.5524
vn 0.1925 -0.8537 0.4839
vn 0.8861 -0.2897 0.3618
vn 0.6928 0.1505 0.7053
vn 0.8564 0.3059 0.4160
vn 0.9461 0.0415 0.3213
vn -0.5708 -0.2378 0.7859
vn 0.1649 -0.2653 0.9500
vn 0.8168 -0.5666 -0.1091
vn -0.8860 0.4594 -0.0630
vn 0.7678 -0.4530 0.4531
vn 0.0440 -0.3125 0.9489
vn -0.3359 -0.7985 -0.4995
vn 0.3391 -0.1808 0.9232
vn 0.5059 -0.5138 -0.6929
vn 0.2769 -0.6743 -0.6846
vn -0.6767 -0.7054 -0.2108
vn 0.1366 -0.9445 -0.2989
vn 0.6678 0.5631 0.4867
vn -0.8726 -0.4290 0.2336
vn -0.5877 -0.1521 -0.7947
vn 0.4601 0.4454 0.7681
vn -0.4947 -0.8627 -0.1053
vn 0.2997 -0.1394 0.9438
vn -0.8381 -0.3424 -0.4247
vn -0.7737 0.0891 0.6272
vn -0.2355 0.9680 0.0867
vn 0.8325 -0.2078 -0.5136
vn -0.3461 0.9284 0.1350
vn 0.0502 -0.7391 -0.6717
vn 0.1123 0.2242 0.9680
vn -0.5440 -0.5753 -0.6109
vn 0.0448 0.5254 0.8497
vn 0.4299 0.7582 -0.4902
vn -0.6175 -0.3899 -0.6831
vn -0.4492 -0.3726 0.8120
vn -0.9916 -0.0019 0.1296
vn -0.5936 -0.7649 0.2501
vn 0.7748 0.6048 0.1841
vn -0.9536 -0.2738 0.1256
vn -0.3355 0.2957 0.8944
vn 0.1030 -0.2151 -0.9712
vn 0.7767 0.3901 -0.4946
vn 0.3728 -0.2543 -0.8924
vn 0.1005 0.9946 0.0251
vn 0.0104 0.9988 -0.0471
vn -0.6921 0.3420 0.6357
vn -0.0727 -0.9825 0.1717
vn -0.1320 -0.8046 -0.5790
vn -0.4402 -0.4913 0.7516
vn 0.3940 -0.2668 -0.8796
vn 0.2138 -0.8491 0.4830
vn 0.3763 -0.3753 0.8471
vn -0.0463 0.4334 -0.9000
vn 0.4900 0.4637 -0.7382
vn -0.8845 -0.3863 0.2618
vn -0.0869 0.8686 0.4878
vn -0.9336 0.2510 -0.2556
vn -0.8343 -0.5494 0.0458
vn -0.8707 -0.1301 0.4743
vn -0.7977 -0.3913 0.4588
vn -0.5418 -0.4491 0.7105
vn -0.8433 -0.5325 0.0729
vn 0.0185 -0.5651 -0.8248
vn 0.0746 -0.4171 -0.9058
vn -0.7565 0.5954 -0.2707
vn 0.8128 0.0475 -0.5806
vn 0.9538 0.2303 -0.1930
vn 0.8062 0.2528 0.5349
vn -0.2844 -0.1194 0.9512
vn -0.6297 -0.1014 0.7702
vn -0.2405 -0.4530 -0.8584
vn 0.5348 -0.4558 -0.7115
vn -0.0351 -0.8862 -0.4620
vn 0.5415 -0.5419 0.6428
vn 0.9090 -0.0281 0.4159
vn 0.9445 0.3072 0.1166
vn -0.8582 -0.5109 0.0489
vn 0.8854 0.2729 0.3763
vn 0.7958 0.4888 -0.3574
vn 0.8360 0.5324 0.1332
vn -0.4036 -0.9060 0.1277
vn 0.3566 0.7846 0.5072
vn 0.7796 -0.2586 -0.5704
vn -0.9330 -0.3590 0.0260
vn -0.7378 -0.5689 0.3632
vn -0.2430 0.9698 -0.0214
vn -0.4194 -0.6533 0.6303
vn -0.4857 0.1607 0.8592
vn 0.5741 -0.3294 -0.7496
vn 0.6125 -0.2419 -0.7525
vn 0.8704 0.4056 -0.2791
vn -0.1709 0.9502 0.2608
vn 0.8907 0.3102 -0.3323
vn 0.8781 0.2111 -0.4294
vn 0.8695 0.2875 -0.4016
vn -0.4378 -0.3692 -0.8198
vn -0.2342 0.9399 -0.2485
vn -0.5569 -0.6326 0.5382
vn -0.2571 -0.8356 -0.4854
vn -0.2415 -0.9374 -0.2510
vn 0.8087 0.2279 -0.5422
vn 0.7940 0.0352 -0.6069
vn -0.2688 0.8523 0.4486
vn -0.4872 0.8624 0.1376
vn 0.7798 -0.0575 -0.6234
vn -0.1200 -0.9351 -0.3336
vn -0.4659 0.3536 -0.8111
vn -0.9066 0.1081 0.4079
vn -0.5292 0.1545 0.8343
vn -0.0427 -0.9988 0.0257
vn -0.4872 0.8624 0.1377
vn 0.7617 0.6022 0.2390
vn 0.6269 0.7475 0.2198
vn 0.0673 0.9864 -0.1502
vn -0.3744 0.9180 0.1309
vn 0.2271 0.9608 -0.1589
vn -0.0256 0.6081 0.7935
vn -0.4973 0.3090 0.8107
vn 0.5362 0.0765 0.8406
vn -0.3660 -0.8847 0.2886
vn 0.9299 -0.2881 0.2288
vn 0.9607 0.2185 0.1710
vn -0.1521 0.4160 0.8966
vn 0.0864 0.6304 0.7714
vn 0.8560 -0.2592 0.4474
vn 0.8128 0.2997 0.4996
vn 0.2759 -0.4825 0.8313
vn -0.6124 -0.6664 0.4252
vn -0.1118 -0.8947 -0.4325
vn -0.4205 -0.2238 0.8792
vn -0.8541 0.4601 -0.2425
vn 0.5977 -0.1539 0.7868
vn -0.3049 0.3809 0.8729
vn -0.4351 -0.8968 0.0805
vn 0.0734 0.6870 0.7230
vn -0.5681 -0.8224 0.0300
vn -0.1251 -0.8458 0.5187
vn -0.6949 0.0679 0.7159
vn 0.8370 0.5418 -0.0771
vn -0.1093 0.4753 -0.8730
vn 0.0234 -0.9982 -0.0554
vn 0.9181 0.3856 -0.0919
vn -0.0213 0.4810 0.8765
vn -0.0003 -0.9586 -0.2847
vn -0.0248 0.5599 -0.8282
vn 0.0143 0.9679 -0.2508
vn 0.6767 0.6680 -0.3095
vn -0.4237 -0.5353 0.7307
vn 0.3848 0.9065 0.1735
vn -0.1089 0.9606 -0.2559
vn -0.0188 0.9969 0.0766
vn 0.1999 0.8371 0.5092
vn 0.1754 0.3309 0.9272
vn -0.5498 -0.1898 -0.8134
vn -0.7527 -0.0231 -0.6580
vn -0.5366 0.1453 -0.8312
vn -0.8027 -0.5738 -0.1624
vn 0.0589 0.2625 -0.9631
vn -0.8740 0.3503 -0.3369
vn -0.3711 0.9130 -0.1692
vn 0.6200 0.2220 -0.7525
vn 0.5896 -0.7331 -0.3390
vn 0.9813 0.1556 -0.1131
vn -0.3657 0.8101 -0.4583
vn -0.2517 0.9238 0.2885
vn 0.7034 0.2072 0.6799
vn -0.9714 -0.0907 0.2196
vn 0.3691 0.7742 0.5141
vn 0.9240 -0.2649 -0.2759
vn -0.3280 0.3949 0.8582
vn -0.8352 -0.1559 -0.5274
vn -0.1166 0.8147 0.5680
vn 0.9136 0.1215 0.3881
vn 0.8535 -0.0279 0.5204
vn 0.4486 -0.3518 0.8216
vn -0.9499 -0.3081 -0.0523
vn 0.6196 -0.6616 0.4224
vn -0.4030 0.5470 0.7337
vn -0.0859 -0.6864 -0.7222
vn 0.7032 -0.5931 0.3921
vn -0.5825 -0.6932 0.4246
vn -0.2898 0.2588 -0.9214
vn 0.9668 0.0955 -0.2370
vn 0.6278 0.0959 -0.7725
vn 0.0920 0.5056 -0.8578
vn 0.2541 0.9424 0.2175
vn -0.8842 -0.2239 -0.4099
vn 0.6831 -0.1252 0.7195
vn 0.5979 0.5200 -0.6100
vn 0.6169 0.1541 -0.7719
vn -0.1636 0.7837 -0.5992
vn -0.1308 0.2211 0.9664
vn 0.0166 0.8109 -0.5850
vn 0.3785 0.8663 0.3260
vn 0.4044 0.8533 -0.3291
vn -0.3398 0.5494 0.7634
vn 0.6340 -0.3323 -0.6984
vn -0.9970 -0.0604 0.0484
vn 0.3241 0.2668 0.9076
vn 0.5617 0.0554 -0.8255
vn -0.6027 0.0341 -0.7973
vn 0.2300 0.3360 -0.9134
vn -0.0593 0.6696 -0.7403
vn -0.6456 0.3756 -0.6650
vn -0.4784 -0.0679 0.8755
vn 0.8904 0.0455 -0.4529
vn 0.8438 -0.5269 0.1017
vn 0.9881 -0.0867 0.1274
vn -0.2239 0.4022 -0.8877
vn -0.1026 0.9208 -0.3762
vn -0.2814 0.8406 0.4628
vn 0.9548 0.1830 0.2343
vn 0.5025 -0.8493 0.1621
vn 0.0525 0.9983 -0.0260
vn -0.0417 0.6776 0.7343
vn -0.7885 -0.6113 0.0677
vn 0.1349 -0.5446 -0.8278
vn 0.7422 -0.2064 -0.6376
vn 0.1892 -0.1892 -0.9635
vn -0.0625 0.0824 -0.9946
vn -0.9950 -0.0156 0.0990
vn 0.6558 -0.2389 -0.7161
vn -0.1985 -0.5448 0.8147
vn -0.9700 0.2431 0.0056
vn 0.6460 -0.1538 -0.7477
vn -0.4475 0.4215 -0.7887
vn -0.2169 0.9762 -0.0007
vn 0.1795 -0.7397 -0.6486
vn 0.2649 -0.7399 0.6183
vn 0.1783 -0.9515 0.2507
vn 0.9531 0.2211 -0.2066
vn -0.0938 0.8556 -0.5091
vn 0.9528 0.2989 -0.0530
vn 0.5259 -0.0324 -0.8499
vn 0.3645 0.5925 -0.7184
vn 0.7632 0.6004 -0.2388
vn -0.2204 -0.9167 -0.3333
vn -0.3019 -0.4976 -0.8132
vn 0.6409 0.7248 -0.2529
vn -0.9476 0.3180 -0.0297
vn -0.8101 -0.5533 0.1942
vn -0.2600 0.6921 -0.6733
vn -0.4168 0.7904 -0.4489
vn -0.1346 0.1680 0.9766
vn 0.9352 0.3513 0.0454
vn -0.1497 -0.1635 0.9751
vn 0.5651 -0.0085 -0.8250
vn 0.6797 0.6870 -0.2571
vn 0.9274 -0.1791 -0.3284
vn 0.8097 -0.1780 0.5592
vn 0.7727 0.2419 -0.5869
vn 0.4710 -0.6374 -0.6098
vn 0.4866 -0.0353 0.8729
vn 0.6390 0.1079 0.7616
vn -0.2379 -0.8877 -0.3941
vn -0.2739 0.4595 0.8449
vn -0.3818 0.4805 -0.7895
vn 0.9900 -0.0756 0.1195
vn 0.9414 0.2206 -0.2551
vn 0.9365 0.2322 -0.2627
vn 0.9360 -0.2110 0.2816
vn 0.9402 -0.2027 0.2738
vn 0.5603 0.5129 -0.6504
vn 0.9347 -0.2157 0.2825
vn 0.9396 -0.2973 -0.1698
vn 0.5809 -0.8125 0.0484
vn 0.9713 0.1587 -0.1773
vn -0.2675 -0.5728 0.7749
vn 0.1360 0.2260 0.9646
vn 0.0530 0.6683 -0.7420
vn 0.9875 -0.0906 0.1287
vn 0.5341 0.4847 -0.6927
vn 0.8259 0.5453 0.1433
vn 0.9684 0.1688 -0.1838
vn 0.9724 0.1554 -0.1741
vn 0.1219 0.3040 0.9448
vn 0.9405 0.2223 -0.2571
vn -0.2059 -0.5733 0.7931
vn 0.9798 -0.1115 -0.1659
vn -0.4893 -0.6161 -0.6172
vn -0.1544 0.7779 -0.6091
vn -0.2220 -0.3916 0.8930
vn 0.2180 -0.8833 0.4150
vn -0.1182 0.9894 -0.0847
vn -0.4324 -0.5354 0.7255
vn -0.2129 -0.3848 0.8981
vn -0.9838 -0.0721 0.1644
vn -0.7998 0.0469 0.5985
vn -0.6958 0.1595 0.7003
vn 0.7516 0.1708 -0.6371
vn -0.1756 0.9844 0.0146
vn -0.1458 -0.6124 -0.7770
vn 0.0331 0.9175 -0.3965
vn -0.2170 0.9749 0.0490
vn 0.2273 0.7508 -0.6202
vn -0.0529 0.6002 -0.7981
vn -0.2929 0.8441 -0.4491
vn 0.8079 0.3021 -0.5059
vn 0.4083 0.6985 -0.5877
vn 0.7998 0.5999 -0.0217
vn -0.1185 -0.3677 0.9224
vn -0.9569 0.1225 0.2633
vn -0.5741 0.1208 0.8098
vn -0.5884 0.1519 0.7942
vn -0.4330 0.7400 -0.5147
vn 0.0578 -0.0919 -0.9941
vn -0.5243 0.5088 -0.6828
vn -0.7256 -0.6660 0.1728
vn 0.9429 0.3314 0.0323
vn 0.4709 0.1721 -0.8652
vn -0.9838 -0.1519 0.0950
vn -0.1615 0.9670 0.1971
vn -0.6812 0.1140 0.7232
vn -0.6799 0.1082 0.7253
vn -0.2262 0.7934 -0.5652
vn -0.2511 0.4235 -0.8704
vn 0.2556 0.1228 -0.9590
vn -0.4546 0.0581 -0.8888
vn 0.8269 -0.5259 0.1991
vn -0.0679 -0.7134 0.6975
vn 0.9661 0.1355 -0.2196
vn -0.0051 -0.0242 -0.9997
vn -0.1337 0.4331 -0.8914
vn -0.1222 -0.9247 0.3605
vn -0.9285 -0.1992 0.3133
vn 0.3490 0.2411 -0.9056
vn -0.1179 -0.5323 -0.8383
vn -0.1673 0.6530 0.7386
vn -0.9272 -0.3722 0.0413
vn -0.9746 -0.2238 -0.0006
vn 0.8560 0.1337 0.4993
vn -0.3821 0.4431 0.8110
vn 0.1651 -0.8154 -0.5549
vn 0.0338 0.3759 -0.9260
vn -0.6110 0.1636 0.7745
vn -0.3061 0.1640 0.9378
vn 0.6567 0.6635 -0.3585
vn 0.0048 0.9875 -0.1578
vn -0.0497 0.1663 -0.9848
vn -0.6397 0.6801 -0.3580
vn -0.4622 0.8562 0.2310
vn 0.2970 0.6568 -0.6931
vn -0.1281 0.6752 -0.7264
vn 0.7907 0.5134 0.3335
vn -0.0689 0.7406 0.6684
vn -0.0750 0.7514 -0.6555
vn -0.0289 -0.4708 0.8818
vn 0.6294 0.0475 -0.7756
vn 0.3703 0.4808 0.7948
vn -0.0454 0.0225 0.9987
vn 0.0855 0.9904 -0.1086
vn 0.2926 0.9051 0.3086
vn 0.8584 -0.4447 0.2557
vn -0.0807 -0.9943 -0.0689
vn 0.5610 0.0428 0.8267
vn 0.1520 0.9791 0.1351
vn 0.2778 -0.6942 -0.6641
vn -0.0449 0.0041 0.9990
vn 0.8020 -0.2998 0.5167
vn 0.5351 0.1679 0.8279
vn 0.1392 0.9846 0.1061
vn 0.5329 -0.6860 -0.4953
vn 0.0979 0.9933 0.0607
vn 0.1379 0.8484 -0.5111
vn -0.1051 0.3605 -0.9268
vn 0.4525 0.8232 -0.3429
vn 0.5848 0.1131 -0.8033
vn 0.2577 0.9515 0.1683
vn -0.4098 0.2724 -0.8706
vn -0.7788 0.4423 -0.4449
vn -0.3163 -0.0187 0.9485
vn -0.3862 0.2329 0.8925
vn -0.7757 0.6028 -0.1869
vn -0.4899 0.8463 0.2091
vn -0.7771 0.6293 0.0080
vn -0.8942 -0.0694 -0.4423
vn 0.6081 0.4890 0.6253
vn -0.0217 0.3635 0.9313
vn -0.7546 0.4887 0.4379
vn -0.9659 0.2466 0.0793
vn 0.7325 -0.6782 0.0593
vn -0.5941 0.2181 -0.7743
vn -0.9704 0.2410 0.0176
vn -0.5175 0.7978 0.3093
vn -0.7746 0.1173 0.6215
vn -0.6969 -0.0517 -0.7153
vn -0.7645 -0.3366 -0.5497
vn -0.2914 0.7577 0.5839
vn 0.9602 0.0509 -0.2748
vn -0.3416 -0.9334 -0.1097
vn 0.0192 -0.7816 -0.6235
vn 0.1770 -0.9798 0.0930
vn -0.3538 -0.6059 -0.7125
vn -0.1226 0.8353 -0.5359
vn -0.9487 0.1913 0.2519
vn -0.9885 -0.0085 -0.1510
vn -0.9924 0.1133 -0.0486
vn -0.2868 -0.9477 -0.1398
vn -0.7965 -0.4336 0.4214
vn 0.2242 0.6049 -0.7641
vn -0.9377 -0.2171 -0.2713
vn -0.7329 0.3059 -0.6077
vn 0.9463 0.3139 0.0775
vn -0.3345 -0.7358 -0.5888
vn -0.5934 0.3956 -0.7009
vn -0.7251 0.1554 -0.6709
vn 0.0772 0.3963 0.9149
vn -0.5852 0.3402 0.7361
vn -0.9784 0.1423 -0.1497
vn 0.0744 -0.9970 -0.0211
vn 0.7648 -0.5372 -0.3556
vn -0.7279 0.6450 -0.2327
vn 0.8426 -0.5385 -0.0010
vn -0.4591 0.3535 -0.8150
vn -0.0663 -0.7428 0.6662
vn -0.5258 -0.3578 0.7717
vn -0.5669 0.0714 -0.8207
vn -0.0759 -0.8982 0.4331
vn 0.7318 0.6811 -0.0249
vn -0.3206 -0.4410 0.8383
vn -0.0013 0.3468 -0.9379
vn -0.2043 0.9560 -0.2104
vn -0.2099 0.7578 -0.6177
vn 0.8790 0.2529 -0.4042
vn 0.1465 0.9892 -0.0061
vn -0.9630 0.0301 -0.2680
vn -0.9299 0.0181 -0.3674
vn -0.6719 0.7064 0.2225
vn -0.6254 0.7652 0.1528
vn 0.3209 0.9443 0.0724
vn 0.1560 0.9157 -0.3704
vn -0.1469 0.9834 0.1065
vn -0.6306 0.3630 0.6860
vn -0.0612 -0.1975 0.9784
vn 0.1321 0.7711 0.6229
vn -0.3777 0.7143 0.5891
vn -0.9251 0.0438 0.3771
vn -0.9626 0.1321 0.2364
vn -0.9632 -0.1046 -0.2474
vn 0.3436 0.8449 0.4101
vn 0.9720 0.1463 0.1837
vn -0.7864 -0.3088 -0.5350
vn -0.0419 0.0573 -0.9975
vn -0.4472 -0.0634 0.8922
vn 0.5710 -0.4760 0.6689
vn 0.6166 -0.2511 0.7462
vn 0.6264 -0.2590 0.7352
vn -0.6147 -0.0793 0.7848
vn 0.6425 -0.4697 -0.6055
vn 0.9966 -0.0819 -0.0066
vn 0.5995 -0.3832 0.7027
vn 0.5210 0.3187 -0.7918
vn -0.1623 0.9796 0.1188
vn 0.6239 -0.2015 0.7551
vn 0.6341 -0.2096 0.7443
vn -0.9348 0.2538 -0.2484
vn -0.5428 0.8191 -0.1855
vn 0.5900 -0.3757 0.7147
vn -0.9981 -0.0399 0.0462
vn -0.6210 0.7735 -0.1267
vn -0.2629 0.3766 -0.8883
vn -0.9869 0.1085 -0.1196
vn 0.8302 0.5501 -0.0906
vn 0.7108 -0.7025 -0.0364
vn 0.8287 0.1459 0.5403
vn 0.5349 -0.6181 -0.5761
vn -0.6343 0.7215 0.2777
vn 0.8508 0.0018 -0.5255
vn 0.5633 -0.4658 0.6824
vn 0.7792 -0.0040 -0.6267
vn -0.7437 -0.1867 -0.6419
vn 0.3316 -0.0092 0.9434
vn -0.5774 0.5232 -0.6268
vn 0.4198 0.1821 -0.8892
vn -0.5060 -0.1529 -0.8489
vn -0.2827 0.8014 0.5271
vn -0.2293 -0.3151 -0.9209
vn -0.0400 0.1416 -0.9891
vn 0.8876 0.3274 -0.3241
vn 0.3127 -0.3374 -0.8879
vn -0.5892 -0.4624 -0.6626
vn 0.4007 -0.7954 0.4547
vn -0.0363 -0.0896 0.9953
vn 0.9744 -0.1418 -0.1742
vn -0.8297 0.2491 -0.4995
vn -0.8236 0.2554 -0.5065
vn 0.4955 0.1847 0.8488
vn -0.8098 0.3212 0.4910
vn -0.0535 -0.3819 -0.9227
vn -0.4461 -0.7904 -0.4199
vn -0.4062 -0.8821 0.2386
vn -0.2502 -0.8774 -0.4093
vn -0.1699 -0.4286 -0.8874
vn -0.0895 -0.9673 -0.2374
vn -0.0575 0.0451 -0.9973
vn -0.4572 -0.0082 0.8893
vn 0.9549 -0.1668 -0.2455
vn 0.8191 0.5178 0.2467
vn -0.6424 0.1235 0.7564
vn 0.1616 0.1220 -0.9793
vn -0.6060 -0.7648 -0.2189
vn -0.8903 0.3721 -0.2625
vn -0.7032 -0.6521 0.2833
vn 0.2784 0.1168 -0.9533
vn 0.0194 -0.0966 0.9951
vn -0.3970 -0.8788 -0.2649
vn -0.7263 0.0562 0.6851
vn 0.7093 0.6425 -0.2899
vn -0.2587 0.2536 -0.9321
vn -0.6107 -0.7914 0.0288
vn 0.7486 0.6450 -0.1536
vn 0.1239 0.8297 0.5442
vn -0.4906 -0.0883 0.8669
vn -0.6497 0.6312 -0.4237
vn 0.6608 -0.0190 -0.7503
vn -0.9592 -0.0016 0.2826
vn -0.2886 0.9205 0.2635
vn -0.4805 -0.3328 0.8114
vn -0.9586 0.2009 -0.2019
vn 0.5274 0.7782 -0.3409
vn -0.9998 -0.0017 -0.0197
vn -0.6257 -0.7637 -0.1586
vn -0.0441 0.9904 0.1309
vn -0.6872 0.7163 -0.1208
vn -0.8850 0.4488 -0.1236
vn 0.5896 0.5850 -0.5569
vn -0.0918 0.8108 0.5781
vn 0.4066 -0.0407 -0.9127
vn 0.4379 -0.6623 0.6079
vn 0.5444 0.6259 -0.5585
vn 0.7137 0.2691 -0.6467
vn -0.1737 0.9746 0.1411
vn 0.1293 0.2077 -0.9696
vn 0.6758 -0.5855 -0.4478
vn -0.2065 -0.9695 0.1319
vn -0.8110 0.1797 0.5567
vn -0.9492 0.1457 -0.2789
vn -0.5088 0.5697 -0.6454
vn -0.8765 -0.2886 0.3854
vn 0.9686 -0.0580 -0.2418
vn -0.3527 0.9356 -0.0147
vn -0.6676 -0.4014 -0.6271
vn 0.3675 0.3378 -0.8665
vn -0.3288 -0.3865 -0.8617
vn -0.8396 0.1593 0.5194
vn 0.7866 0.4518 -0.4210
vn 0.0045 -0.4719 0.8817
vn 0.9163 0.2086 0.3418
vn -0.5494 0.8148 -0.1852
vn 0.2219 0.9725 0.0701
vn 0.4332 0.7873 -0.4387
vn 0.7904 0.6123 -0.0213
vn -0.5165 0.4881 0.7035
vn 0.6602 0.3857 0.6444
vn 0.7889 0.5332 0.3054
vn 0.9320 0.2536 0.2588
vn 0.9172 0.2471 0.3127
vn 0.4380 0.4415 -0.7831
vn -0.4497 0.5999 0.6617
vn 0.5362 0.3728 -0.7573
vn 0.5276 0.7249 0.4428
vn 0.2618 0.7207 0.6419
vn -0.5504 -0.6660 0.5035
vn 0.0565 -0.2315 -0.9712
vn 0.5509 0.4139 0.7247
vn 0.1031 0.1130 -0.9882
vn -0.1204 0.3750 0.9192
vn -0.3459 -0.1440 0.9272
vn -0.6795 0.4259 0.5974
vn -0.7477 0.6586 0.0848
vn -0.4695 -0.8392 0.2745
vn -0.7240 -0.6842 0.0874
vn 0.1889 -0.7680 -0.6120
vn -0.3496 -0.9302 0.1123
vn -0.4405 -0.4131 0.7971
vn -0.3227 -0.0522 0.9451
vn -0.9186 0.3355 0.2088
vn -0.9834 0.0691 -0.1680
vn -0.8628 0.1801 0.4723
vn -0.9026 0.1919 0.3853
vn -0.9470 0.0137 -0.3208
vn 0.2061 0.1065 -0.9727
vn -0.3114 -0.0440 0.9493
vn -0.6702 -0.6006 -0.4359
vn -0.3929 -0.9187 -0.0396
vn 0.5302 0.7477 0.3999
vn 0.9863 0.1250 0.1077
vn 0.5770 0.1349 0.8056
vn 0.6990 0.2731 0.6609
vn 0.9634 0.2013 0.1769
vn -0.7466 0.6614 0.0711
vn -0.6177 -0.7825 -0.0786
vn 0.5870 0.4228 0.6904
vn -0.0517 0.5053 0.8614
vn 0.0592 0.8188 0.5711
vn -0.8000 -0.5802 -0.1530
vn -0.4892 -0.3996 -0.7752
vn 0.6805 0.3080 0.6649
vn -0.5645 -0.6192 0.5459
vn 0.8820 0.0706 0.4660
vn -0.4831 0.6215 0.6167
vn 0.3164 -0.8802 0.3538
vn 0.3049 0.8414 0.4462
vn 0.5313 0.6915 0.4895
vn 0.8036 0.5588 0.2049
vn 0.4627 -0.6867 -0.5606
vn 0.5671 0.7629 0.3105
vn -0.5017 0.7579 0.4171
vn -0.2414 0.0322 0.9699
vn -0.9108 -0.1842 0.3695
vn 0.9776 0.0410 -0.2063
vn 0.3711 -0.5598 -0.7408
vn -0.3365 -0.0559 0.9400
vn 0.4162 0.5526 0.7221
vn -0.2707 0.7909 0.5488
vn -0.4008 0.0721 0.9133
vn -0.3221 0.9089 0.2649
vn 0.4703 -0.5927 -0.6539
vn 0.9521 -0.0978 0.2899
vn -0.3844 0.0754 -0.9201
vn 0.3751 -0.6139 -0.6946
vn 0.5631 -0.3883 0.7295
vn 0.2992 -0.9531 -0.0447
vn -0.2598 0.8734 0.4119
vn -0.7283 0.6514 0.2125
vn -0.9748 0.2224 0.0154
vn -0.9363 0.3451 0.0651
vn -0.9133 0.0199 0.4068
vn 0.1041 0.9147 0.3905
vn 0.3158 0.8165 0.4833
vn 0.2828 0.7712 0.5703
vn 0.2329 -0.5870 0.7753
vn -0.2403 0.9497 0.2009
vn 0.6333 -0.6961 0.3381
vn -0.6995 0.3489 0.6236
vn -0.6820 0.4186 0.5997
vn 0.8160 -0.3458 0.4632
vn 0.6781 0.1999 -0.7072
vn 0.4557 -0.6648 -0.5919
vn 0.4054 0.7497 0.5230
vn 0.9201 0.3834 0.0806
vn -0.3565 -0.8351 -0.4189
vn -0.3412 -0.8884 -0.3070
vn -0.5539 0.8319 -0.0334
vn 0.7071 0.0348 0.7063
vn 0.9411 0.3381 0.0090
vn -0.4103 0.6573 0.6322
vn -0.9321 0.3482 -0.0998
vn -0.7879 -0.0598 -0.6129
vn 0.0128 0.5455 0.8380
vn 0.9443 0.3081 0.1158
vn 0.8871 0.3750 0.2691
vn -0.8921 0.4426 0.0910
vn -0.3848 -0.5842 0.7146
vn -0.5271 0.6551 0.5414
vn 0.9983 0.0402 -0.0412
vn 0.8913 0.1812 0.4156
vn 0.7797 0.3393 0.5262
vn 0.9246 0.1248 -0.3600
vn -0.4640 -0.8378 -0.2877
vn 0.5953 0.5266 0.6069
vn 0.2628 0.7363 0.6236
vn 0.0170 0.6444 0.7645
vn 0.0380 0.9337 0.3559
vn 0.1659 0.9139 -0.3705
vn 0.4226 -0.5114 -0.7482
vn 0.5220 -0.4924 0.6965
vn 0.8333 0.2916 0.4696
vn -0.0085 0.7158 -0.6983
vn 0.9575 0.2316 -0.1717
vn 0.8948 0.3457 0.2826
vn 0.9549 -0.2671 0.1295
vn 0.0697 -0.3256 0.9429
vn -0.8220 0.5329 0.2007
vn 0.8977 0.3043 -0.3186
vn 0.5190 0.6688 0.5323
vn -0.8962 -0.4342 0.0913
vn 0.9564 -0.2660 -0.1205
vn 0.4190 -0.0327 0.9074
vn -0.2916 -0.9310 0.2194
vn -0.8096 -0.2348 0.5381
vn 0.7304 0.5760 0.3670
vn 0.8998 0.3962 0.1824
vn 0.7764 -0.1301 0.6167
vn -0.5458 -0.7490 0.3757
vn 0.8551 0.5163 0.0465
vn 0.7862 0.4974 -0.3667
vn 0.2578 0.6788 0.6876
vn 0.7829 -0.1235 -0.6097
vn 0.9293 0.3693 0.0025
vn 0.8344 0.1452 0.5317
vn -0.2496 -0.4671 0.8482
vn -0.4525 0.5949 0.6643
vn -0.4691 0.6432 -0.6052
vn 0.8427 0.4991 -0.2018
vn -0.7411 -0.1975 0.6417
vn 0.0489 0.1751 0.9833
vn 0.0332 0.6043 0.7961
vn 0.9894 0.1253 -0.0733
vn 0.4944 -0.2367 -0.8364
vn 0.3353 -0.9374 -0.0944
vn -0.4799 0.8306 0.2824
vn -0.0060 0.7508 -0.6606
vn 0.5128 -0.3711 0.7742
vn -0.1128 0.7059 0.6993
vn -0.5932 0.2639 -0.7606
vn -0.7435 -0.5210 -0.4193
vn -0.5423 0.7185 0.4355
vn -0.3045 0.8127 0.4967
vn 0.6675 0.6971 -0.2616
vn -0.4648 0.3748 0.8021
vn -0.5317 0.7093 -0.4627
vn 0.8262 0.4601 -0.3251
vn -0.2588 0.5330 -0.8056
vn -0.7875 -0.6044 0.1205
vn -0.0234 -0.9094 0.4153
vn 0.3880 0.8020 0.4540
vn -0.9188 -0.3110 0.2433
vn -0.1453 -0.1099 0.9833
vn 0.3548 -0.2617 0.8976
vn -0.6798 -0.1235 0.7229
vn 0.3500 0.5577 -0.7527
vn -0.8069 0.5867 0.0681
vn 0.7892 0.0905 -0.6074
vn 0.7918 0.0879 -0.6044
vn -0.5232 0.7274 0.4440
vn 0.8548 -0.0481 -0.5167
vn 0.1295 0.6793 -0.7223
vn 0.7767 0.6049 0.1758
vn 0.3171 0.5781 -0.7519
vn 0.3312 0.5711 -0.7510
vn 0.6816 -0.7020 0.2067
vn -0.0700 0.8036 0.5910
vn 0.8512 -0.0447 -0.5230
vn 0.6748 -0.7065 0.2134
vn -0.1387 -0.3463 -0.9278
vn -0.5546 0.4895 0.6729
vn 0.8550 -0.4894 -0.1714
vn -0.3404 -0.6385 -0.6903
vn -0.8049 -0.5848 -0.1004
vn 0.6915 -0.5766 0.4351
vn 0.1517 0.2398 0.9589
vn 0.8539 -0.0253 0.5199
vn -0.8183 0.0627 0.5713
vn -0.3878 -0.5569 -0.7345
vn -0.8797 -0.1011 0.4646
vn 0.2664 -0.4296 0.8628
vn 0.9244 0.0501 0.3780
s 1
usemtl color_11909273
f 5//1 430//2 3//3
f 822//4 17//5 8//6
f 200//7 9//8 13//9
f 414//10 11//11 3//3
f 471//12 470//13 10//14
f 834//15 13//9 9//8
f 6//16 21//17 26//18
f 26//18 14//19 6//16
f 5//1 3//3 12//20
f 15//21 6//16 16//22
f 12//20 3//3 11//11
f 19//23 471//12 10//14
f 38//24 7//25 762//26
f 39//27 5//1 52//28
f 24//29 22//30 15//21
f 6//16 846//31 16//22
f 6//16 836//32 21//17
f 35//33 5//1 39//27
f 21//17 23//34 22//35
f 22//35 24//36 21//17
f 800//37 843//38 25//39
f 24//40 22//41 23//42
f 23//42 31//43 24//40
f 836//32 15//21 22//30
f 24//44 16//22 22//45
f 26//18 21//17 24//36
f 16//22 24//44 26//46
f 16//22 26//46 15//21
f 42//47 800//37 25//39
f 15//21 26//46 24//29
f 10//14 36//48 19//23
f 34//49 13//9 834//15
f 8//6 17//5 28//50
f 27//51 18//52 2//53
f 14//19 26//18 29//54
f 836//32 22//30 30//55
f 31//43 30//55 23//56
f 22//30 23//56 30//55
f 16//22 30//55 29//57
f 846//31 30//55 16//22
f 22//45 16//22 23//58
f 31//59 23//58 16//22
f 23//34 21//17 31//60
f 32//61 30//55 31//43
f 16//22 32//62 31//59
f 31//60 21//17 32//63
f 29//54 32//63 21//17
f 29//57 30//55 32//61
f 16//22 29//57 32//62
f 31//43 32//61 24//40
f 26//18 24//40 29//54
f 32//61 29//54 24//40
f 21//17 836//32 30//55
f 846//31 21//17 30//55
f 21//17 14//19 29//54
f 762//26 164//64 57//65
f 91//66 61//67 34//49
f 57//65 38//24 762//26
f 104//68 62//69 28//50
f 104//68 28//50 829//70
f 34//49 461//71 13//9
f 37//72 6//16 14//19
f 846//31 6//16 37//72
f 62//69 104//68 41//73
f 14//19 21//17 846//31
f 28//50 17//5 129//74
f 52//28 44//75 39//27
f 49//76 45//77 12//20
f 8//6 28//50 46//78
f 42//47 25//39 69//79
f 47//80 150//81 735//82
f 37//72 14//19 288//83
f 245//84 13//9 464//85
f 13//9 461//71 464//85
f 63//86 829//70 50//87
f 50//87 28//50 62//69
f 8//6 46//78 50//87
f 46//78 64//88 50//87
f 323//89 288//83 14//19
f 46//78 28//50 48//90
f 17//91 64//88 46//78
f 55//92 7//25 38//24
f 772//93 126//94 53//95
f 54//96 58//97 56//98
f 17//91 48//90 64//88
f 46//78 48//90 17//91
f 45//77 52//28 12//20
f 50//87 829//70 8//6
f 61//67 461//71 34//49
f 12//20 52//28 5//1
f 48//90 62//69 41//73
f 67//99 461//71 61//67
f 536//100 685//101 60//102
f 66//103 50//87 64//88
f 63//86 50//87 62//69
f 48//90 50//87 66//103
f 48//90 28//50 50//87
f 66//103 63//86 62//69
f 48//90 66//103 62//69
f 41//73 64//88 48//90
f 72//104 60//102 685//101
f 57//65 55//92 38//24
f 746//105 70//106 91//66
f 64//88 63//86 66//103
f 693//107 685//101 74//108
f 79//109 711//110 77//111
f 54//96 80//112 58//97
f 76//113 84//114 70//106
f 76//113 490//115 84//114
f 87//116 675//117 81//118
f 45//77 83//119 52//28
f 93//120 79//109 77//111
f 58//97 80//112 86//121
f 47//80 163//122 150//81
f 47//80 53//95 88//123
f 127//124 88//123 53//95
f 83//119 45//77 49//76
f 53//95 126//94 127//124
f 12//20 172//125 49//76
f 101//126 89//127 92//128
f 100//129 78//130 59//131
f 59//131 68//132 85//133
f 172//125 83//119 49//76
f 100//129 59//131 157//134
f 39//27 105//135 35//33
f 105//135 106//136 35//33
f 105//135 39//27 44//75
f 157//134 59//131 85//133
f 97//137 104//68 99//138
f 104//68 87//116 94//139
f 110//140 109//141 71//142
f 68//132 111//143 85//133
f 109//144 98//145 110//146
f 103//147 109//148 110//149
f 113//150 114//151 112//152
f 112//153 110//140 71//142
f 112//154 110//146 98//145
f 103//147 110//149 112//155
f 71//142 113//150 112//153
f 112//154 98//145 113//156
f 113//156 98//145 103//147
f 112//155 113//156 103//147
f 118//157 344//158 98//145
f 111//143 71//142 331//159
f 104//68 97//137 87//116
f 103//147 98//145 344//158
f 102//160 96//161 93//120
f 309//162 324//163 116//164
f 117//165 103//147 115//166
f 344//158 117//167 115//168
f 115//168 117//169 114//151
f 118//170 109//171 114//151
f 80//112 65//172 119//173
f 118//174 103//147 117//165
f 109//171 110//175 114//151
f 110//175 112//152 114//151
f 98//145 109//144 118//157
f 118//174 109//148 103//147
f 344//158 118//157 117//167
f 118//176 71//142 109//141
f 115//166 71//142 117//177
f 118//170 114//151 117//169
f 114//151 113//150 71//142
f 118//176 117//177 71//142
f 80//112 73//178 65//172
f 90//179 73//178 80//112
f 675//117 87//116 698//180
f 116//164 333//181 122//182
f 115//168 114//151 344//158
f 80//112 119//173 86//121
f 115//166 331//159 71//142
f 71//142 111//143 68//132
f 90//179 69//79 73//178
f 2//53 120//183 849//184
f 849//184 120//183 107//185
f 105//135 44//75 133//186
f 126//94 130//187 127//124
f 125//188 128//189 162//190
f 91//66 70//106 84//114
f 87//116 829//70 129//74
f 84//114 123//191 91//66
f 82//192 107//185 120//183
f 846//31 366//193 302//194
f 100//129 846//31 78//130
f 87//116 131//195 94//139
f 120//183 134//196 82//192
f 132//197 793//198 137//199
f 144//200 136//201 135//202
f 134//196 120//183 2//53
f 54//96 56//98 152//203
f 252//204 54//96 152//203
f 136//205 131//195 135//206
f 93//120 77//111 259//207
f 85//133 123//191 84//114
f 131//195 87//116 129//74
f 144//200 131//195 141//208
f 85//133 84//114 157//134
f 140//209 276//210 102//160
f 44//75 143//211 133//186
f 143//211 44//75 121//212
f 145//213 93//120 259//207
f 102//160 93//120 145//213
f 145//213 140//209 102//160
f 91//66 123//191 61//67
f 143//211 121//212 643//214
f 139//215 56//98 58//97
f 239//216 138//217 122//182
f 85//133 61//67 123//191
f 130//187 142//218 138//217
f 149//219 61//67 85//133
f 239//216 130//187 138//217
f 58//97 86//121 139//215
f 56//98 139//215 86//121
f 44//75 52//28 108//220
f 152//203 65//172 124//221
f 83//119 108//220 52//28
f 86//121 152//203 155//222
f 172//125 156//223 108//220
f 172//125 108//220 83//119
f 111//143 149//219 85//133
f 155//222 152//203 56//98
f 148//224 151//225 147//226
f 121//212 44//75 108//220
f 129//74 17//5 131//195
f 744//227 154//228 164//64
f 132//197 137//199 151//225
f 156//223 153//229 108//220
f 158//230 128//189 125//188
f 132//197 151//225 160//231
f 154//228 161//232 164//64
f 150//81 163//122 169//233
f 77//111 168//234 259//207
f 99//138 829//70 41//73
f 99//138 104//68 829//70
f 121//212 108//220 166//235
f 153//229 166//235 108//220
f 125//188 201//236 258//237
f 201//236 125//188 162//190
f 152//203 86//121 65//172
f 163//122 88//123 192//238
f 165//239 151//225 148//224
f 150//81 169//233 10//14
f 36//48 10//14 170//240
f 40//241 19//23 36//48
f 84//114 171//242 157//134
f 128//189 134//196 162//190
f 162//190 134//196 18//52
f 10//14 204//243 170//240
f 829//70 63//86 41//73
f 490//115 171//242 84//114
f 171//242 490//115 501//244
f 36//48 170//240 174//245
f 88//123 163//122 47//80
f 128//189 158//230 146//246
f 128//189 146//246 177//247
f 65//172 73//178 124//221
f 63//86 64//88 41//73
f 146//246 320//248 177//247
f 164//64 244//249 168//234
f 94//139 97//137 178//250
f 100//129 157//134 175//251
f 192//238 88//123 127//124
f 127//124 181//252 192//238
f 178//250 104//68 94//139
f 183//253 97//137 94//139
f 178//250 41//73 104//68
f 191//254 133//186 143//211
f 183//255 41//73 178//250
f 161//232 184//256 292//257
f 131//195 183//253 94//139
f 136//205 183//253 131//195
f 169//233 163//122 192//238
f 73//178 208//258 124//221
f 143//211 188//259 191//254
f 164//64 161//232 167//260
f 175//251 157//134 171//242
f 189//261 141//208 183//253
f 176//262 180//263 186//264
f 136//201 141//208 135//265
f 189//261 135//265 141//208
f 136//205 135//266 183//253
f 189//261 183//253 135//266
f 136//201 144//200 141//208
f 135//202 189//267 144//200
f 135//206 131//195 189//267
f 292//257 167//260 161//232
f 188//259 143//211 643//214
f 183//255 178//250 99//138
f 167//260 244//249 164//64
f 344//158 114//151 176//262
f 97//137 99//138 178//250
f 99//138 41//73 183//255
f 183//253 87//116 97//137
f 183//253 141//208 87//116
f 56//98 86//121 155//222
f 176//262 186//264 344//158
f 144//200 189//267 131//195
f 188//259 643//214 191//254
f 86//121 119//173 65//172
f 195//268 180//263 176//262
f 196//269 103//147 195//270
f 201//236 216//271 258//237
f 141//208 131//195 516//272
f 10//14 169//233 204//243
f 192//238 204//243 169//233
f 175//251 171//242 193//273
f 153//229 156//223 172//125
f 148//224 147//226 9//8
f 72//104 272//274 190//275
f 202//276 198//277 203//278
f 195//270 103//147 202//276
f 195//268 202//279 180//263
f 180//263 202//279 203//280
f 194//281 211//282 25//39
f 203//278 198//277 196//269
f 202//283 203//278 196//269
f 195//270 202//283 196//269
f 179//284 180//263 203//280
f 179//284 203//280 176//262
f 203//280 202//285 176//262
f 195//268 176//262 202//285
f 198//286 186//264 180//263
f 198//286 180//263 179//284
f 186//264 198//286 179//284
f 207//287 197//288 209//289
f 200//7 148//224 9//8
f 145//213 206//290 321//291
f 173//292 223//293 199//294
f 172//125 213//295 153//229
f 213//295 172//125 249//296
f 211//282 194//281 208//258
f 153//229 213//295 187//297
f 194//281 664//298 208//258
f 133//186 191//254 187//297
f 209//289 197//288 210//299
f 485//300 201//236 477//301
f 181//252 127//124 212//302
f 130//187 212//302 127//124
f 153//229 187//297 191//254
f 181//252 212//302 192//238
f 165//239 200//7 20//303
f 199//294 198//277 214//304
f 214//304 186//264 179//284
f 299//305 250//306 167//260
f 167//260 292//257 299//305
f 216//271 201//236 485//300
f 216//271 485//300 190//275
f 165//239 148//224 200//7
f 200//7 13//9 20//303
f 199//294 196//269 198//277
f 191//254 166//235 153//229
f 225//307 226//308 219//309
f 225//307 219//309 221//310
f 220//311 221//310 219//309
f 220//312 224//313 221//314
f 221//315 190//275 220//316
f 224//313 222//317 190//275
f 224//313 225//318 221//314
f 211//282 182//319 69//79
f 222//320 220//311 219//309
f 220//312 222//317 224//313
f 222//317 220//316 190//275
f 258//237 216//271 222//320
f 216//271 228//321 222//320
f 227//322 219//309 226//308
f 182//319 73//178 69//79
f 220//323 222//320 228//321
f 224//313 219//309 227//322
f 227//322 226//324 224//313
f 225//325 221//326 228//321
f 221//326 220//323 228//321
f 225//325 228//327 229//328
f 227//329 226//330 230//331
f 228//321 230//331 226//330
f 228//321 226//330 225//325
f 228//327 225//332 231//333
f 229//328 231//333 225//325
f 231//333 225//325 232//334
f 233//335 225//336 231//333
f 225//336 190//275 221//315
f 231//333 229//328 228//327
f 232//334 233//335 231//333
f 227//329 230//331 234//337
f 230//331 228//321 216//271
f 217//338 20//303 245//84
f 216//271 234//337 230//331
f 216//271 232//334 226//339
f 225//325 226//339 232//334
f 232//334 216//271 233//335
f 224//313 226//324 225//318
f 182//319 211//282 208//258
f 227//329 234//337 226//339
f 216//271 226//339 234//337
f 225//336 233//335 190//275
f 216//271 190//275 233//335
f 217//338 236//340 20//303
f 212//302 235//341 192//238
f 77//111 781//342 55//92
f 55//92 168//234 77//111
f 165//239 20//303 236//340
f 55//92 57//65 168//234
f 165//239 236//340 151//225
f 57//65 164//64 168//234
f 236//340 160//231 151//225
f 209//289 246//343 207//287
f 236//340 217//338 277//344
f 236//340 277//344 238//345
f 11//11 756//346 54//96
f 11//11 54//96 247//347
f 247//347 12//20 11//11
f 240//348 160//231 236//340
f 223//293 241//349 242//350
f 205//351 441//352 219//309
f 214//304 198//277 223//293
f 20//303 13//9 245//84
f 235//341 212//302 239//216
f 212//302 130//187 239//216
f 25//39 211//282 69//79
f 250//306 237//353 257//354
f 244//249 167//260 257//354
f 249//296 12//20 247//347
f 172//125 12//20 249//296
f 208//258 73//178 182//319
f 54//96 252//204 249//296
f 235//341 248//355 170//240
f 249//296 247//347 54//96
f 277//344 245//84 262//356
f 264//357 248//355 235//341
f 245//84 277//344 281//358
f 224//313 251//359 219//309
f 209//289 215//360 246//343
f 198//277 202//276 103//147
f 103//147 196//269 199//294
f 264//357 170//240 248//355
f 213//295 249//296 252//204
f 352//361 241//349 223//293
f 223//293 103//147 199//294
f 103//147 223//293 242//350
f 352//361 103//147 242//350
f 244//249 257//354 237//353
f 158//230 125//188 258//237
f 223//293 198//277 352//361
f 186//264 214//304 344//158
f 214//304 223//293 285//362
f 199//294 214//304 179//284
f 306//363 246//343 243//364
f 245//84 464//85 262//356
f 215//360 261//365 246//343
f 243//364 246//343 261//365
f 270//366 260//367 253//368
f 223//293 173//292 268//369
f 259//207 168//234 244//249
f 259//207 244//249 237//353
f 255//370 266//371 263//372
f 268//369 37//72 288//83
f 235//341 239//216 264//357
f 206//290 145//213 259//207
f 250//306 206//290 259//207
f 262//356 265//373 269//374
f 269//374 277//344 262//356
f 274//375 267//376 429//377
f 222//320 219//309 258//237
f 146//246 258//237 219//309
f 258//237 146//246 158//230
f 268//369 173//292 271//378
f 256//379 270//366 253//368
f 250//306 259//207 237//353
f 167//260 250//306 257//354
f 272//274 224//313 190//275
f 224//313 272//274 282//380
f 245//84 265//373 217//338
f 273//381 260//367 270//366
f 281//358 265//373 245//84
f 276//210 635//382 102//160
f 642//383 635//382 276//210
f 286//384 209//289 275//385
f 19//23 40//241 274//375
f 279//386 263//372 266//371
f 253//368 260//367 283//387
f 215//360 332//388 278//389
f 242//350 285//362 352//361
f 285//362 242//350 241//349
f 277//344 217//338 281//358
f 261//365 209//289 243//364
f 310//390 241//349 352//361
f 215//360 209//289 286//384
f 352//361 285//362 310//390
f 310//391 293//392 323//89
f 288//83 241//349 310//390
f 288//83 310//390 285//362
f 289//393 287//394 275//385
f 286//384 275//385 287//394
f 192//238 235//341 204//243
f 241//395 291//396 294//397
f 170//240 204//243 235//341
f 264//357 174//245 170//240
f 293//392 310//391 291//396
f 291//396 241//395 293//392
f 293//392 241//395 294//397
f 289//393 296//398 287//394
f 288//83 285//362 268//369
f 260//367 290//399 283//387
f 273//381 290//399 260//367
f 272//274 72//104 611//400
f 184//256 295//401 299//305
f 272//274 611//400 282//380
f 292//257 184//256 299//305
f 299//305 295//401 298//402
f 296//398 315//403 275//385
f 210//299 243//364 209//289
f 675//117 161//232 81//118
f 776//404 197//288 207//287
f 161//232 675//117 184//256
f 224//313 282//380 251//359
f 301//405 416//406 300//407
f 276//210 140//209 321//291
f 140//209 145//213 321//291
f 282//380 625//408 251//359
f 304//409 301//405 300//407
f 306//363 243//364 210//299
f 206//290 298//402 321//291
f 280//410 297//411 308//412
f 265//373 638//413 217//338
f 82//192 307//414 328//415
f 217//338 638//413 281//358
f 638//413 269//374 281//358
f 269//374 265//373 281//358
f 101//126 92//128 313//416
f 638//413 317//417 269//374
f 312//418 256//379 253//368
f 296//398 374//419 287//394
f 613//420 315//403 296//398
f 305//421 320//248 311//422
f 297//411 318//423 319//424
f 277//344 269//374 317//417
f 296//398 275//385 374//419
f 275//385 209//289 374//419
f 295//401 276//210 298//402
f 311//422 314//425 848//426
f 302//194 310//391 14//19
f 318//423 297//411 378//427
f 310//391 302//194 370//428
f 294//397 291//396 310//391
f 323//89 293//392 294//397
f 319//424 308//412 297//411
f 298//402 276//210 321//291
f 297//411 280//410 378//427
f 370//428 323//89 372//429
f 14//19 310//391 323//89
f 299//305 298//402 206//290
f 314//425 305//421 848//426
f 250//306 299//305 206//290
f 319//424 318//423 335//430
f 317//417 322//431 327//432
f 295//401 325//433 371//434
f 328//415 330//435 329//436
f 275//385 315//403 289//393
f 613//420 296//398 289//393
f 307//414 330//435 328//415
f 323//89 366//193 373//437
f 82//192 134//196 307//414
f 223//293 268//369 285//362
f 134//196 305//421 307//414
f 316//438 435//439 345//440
f 116//164 324//163 333//181
f 241//349 344//158 214//304
f 261//365 215//360 278//389
f 256//379 312//418 326//441
f 214//304 285//362 241//349
f 288//83 373//437 241//349
f 286//384 332//388 215//360
f 261//365 340//442 209//289
f 373//437 344//158 241//349
f 305//421 134//196 351//443
f 345//440 324//163 316//438
f 268//369 271//378 753//444
f 270//366 256//379 326//441
f 336//445 278//389 332//388
f 286//384 278//389 336//445
f 320//248 146//246 311//422
f 324//163 345//440 338//446
f 270//366 326//441 337//447
f 374//419 286//384 336//445
f 307//414 305//421 314//425
f 340//442 336//445 332//388
f 374//419 336//445 340//442
f 642//383 276//210 295//401
f 286//384 374//419 332//388
f 325//433 295//401 362//448
f 338//446 333//181 324//163
f 374//419 209//289 332//388
f 348//449 341//450 365//451
f 320//248 314//425 219//309
f 306//363 303//452 342//453
f 286//384 469//454 261//365
f 261//365 278//389 286//384
f 345//440 347//455 407//456
f 407//456 338//446 345//440
f 343//457 333//181 338//446
f 432//458 339//459 326//441
f 432//458 326//441 312//418
f 311//422 146//246 314//425
f 320//248 305//421 351//443
f 320//248 351//443 314//425
f 434//460 343//457 338//446
f 111//143 331//159 348//449
f 219//309 314//425 146//246
f 332//388 209//289 340//442
f 346//461 362//448 349//462
f 319//424 334//463 420//464
f 434//460 338//446 407//456
f 138//217 116//164 122//182
f 335//430 334//463 319//424
f 149//219 111//143 348//449
f 198//277 103//147 344//158
f 344//158 352//361 198//277
f 325//433 362//448 358//465
f 350//466 355//467 354//468
f 356//469 353//470 280//410
f 103//147 352//361 331//159
f 331//159 115//166 103//147
f 312//418 253//368 359//471
f 358//465 371//434 325//433
f 354//468 403//472 361//473
f 357//474 360//475 2//53
f 348//449 801//476 149//219
f 362//448 346//461 358//465
f 238//345 277//344 327//432
f 277//344 317//417 327//432
f 364//477 238//345 327//432
f 349//462 358//465 346//461
f 280//410 353//470 378//427
f 306//363 342//453 399//478
f 323//89 370//428 302//194
f 368//479 372//429 323//89
f 367//480 366//193 368//481
f 370//428 372//482 310//391
f 372//482 368//483 310//391
f 375//484 310//391 367//485
f 100//129 175//251 341//450
f 370//486 377//487 372//488
f 341//450 175//251 814//489
f 286//384 287//394 613//420
f 373//437 288//83 323//89
f 328//415 329//436 357//474
f 359//471 253//368 284//490
f 284//490 253//368 283//387
f 814//489 365//451 341//450
f 368//483 367//485 310//391
f 294//397 375//491 323//89
f 373//437 375//491 294//397
f 368//479 323//89 367//492
f 375//491 367//492 323//89
f 350//466 363//493 376//494
f 372//488 377//487 368//495
f 368//495 377//487 367//496
f 357//474 329//436 369//497
f 375//491 373//437 366//193
f 367//480 375//491 366//193
f 370//486 372//498 366//193
f 372//498 368//481 366//193
f 370//486 366//193 377//487
f 375//484 367//496 377//487
f 377//487 310//391 375//484
f 377//487 366//193 294//397
f 294//397 310//391 377//487
f 240//348 236//340 238//345
f 364//477 728//499 240//348
f 240//348 238//345 364//477
f 323//89 302//194 366//193
f 379//500 374//419 380//501
f 374//419 381//502 380//501
f 357//474 369//497 360//475
f 382//503 381//502 379//504
f 393//505 374//419 382//506
f 379//500 380//501 382//507
f 774//508 387//509 383//510
f 349//462 371//434 358//465
f 355//467 350//466 376//494
f 373//437 352//361 344//158
f 294//397 352//361 373//437
f 388//511 355//467 376//494
f 355//467 384//512 354//468
f 385//513 350//466 354//468
f 352//361 294//397 366//193
f 283//387 290//399 284//490
f 384//512 403//472 354//468
f 254//514 280//410 308//412
f 348//449 366//193 341//450
f 331//159 352//361 366//193
f 331//159 366//193 348//449
f 795//515 578//516 386//517
f 92//128 404//518 313//416
f 341//450 846//31 100//129
f 366//193 846//31 341//450
f 385//513 355//467 363//493
f 363//493 350//466 385//513
f 388//511 363//493 355//467
f 374//419 613//420 287//394
f 419//519 391//520 525//521
f 254//514 356//469 280//410
f 254//514 266//371 356//469
f 393//505 613//420 374//419
f 388//511 403//472 384//512
f 388//511 376//494 407//456
f 404//518 330//435 313//416
f 359//471 284//490 408//522
f 446//523 449//524 390//525
f 795//515 386//517 392//526
f 379//500 382//506 374//419
f 89//127 101//126 313//416
f 313//416 395//527 89//127
f 393//505 315//403 613//420
f 382//503 393//528 381//502
f 393//505 382//529 315//403
f 379//504 315//403 382//529
f 379//504 399//478 315//403
f 380//501 381//502 393//528
f 395//527 92//128 89//127
f 393//528 382//507 380//501
f 343//457 363//493 122//182
f 395//527 404//518 92//128
f 353//470 356//469 400//530
f 391//520 419//519 425//531
f 289//393 315//403 423//532
f 315//403 412//533 423//532
f 385//513 384//512 355//467
f 255//370 356//469 266//371
f 354//468 388//511 385//513
f 389//534 390//525 433//535
f 384//512 385//513 388//511
f 389//534 433//535 387//509
f 374//419 340//442 399//478
f 374//419 399//478 381//502
f 356//469 255//370 400//530
f 379//504 381//502 399//478
f 361//473 363//493 388//511
f 396//536 391//520 398//537
f 394//538 397//539 386//517
f 359//471 428//540 312//418
f 392//526 386//517 397//539
f 361//473 388//511 354//468
f 402//541 359//471 408//522
f 419//519 525//521 450//542
f 342//453 303//452 412//533
f 397//539 394//538 405//543
f 353//470 400//530 378//427
f 402//541 428//540 359//471
f 397//539 405//543 410//544
f 403//472 388//511 407//456
f 342//453 412//533 399//478
f 404//518 329//436 330//435
f 307//414 313//416 330//435
f 414//10 3//3 378//427
f 412//533 315//403 399//478
f 402//541 408//522 409//545
f 794//546 774//508 383//510
f 391//520 425//531 413//547
f 307//414 314//425 313//416
f 313//416 314//425 395//527
f 314//425 509//548 395//527
f 378//427 400//530 414//10
f 347//455 403//472 407//456
f 756//346 11//11 414//10
f 415//549 423//532 412//533
f 422//550 406//551 794//546
f 419//519 450//542 424//552
f 254//514 308//412 266//371
f 308//412 319//424 266//371
f 266//371 319//424 420//464
f 412//533 628//553 415//549
f 428//540 473//554 312//418
f 432//458 312//418 473//554
f 409//545 432//458 473//554
f 363//493 343//457 407//456
f 431//555 410//544 405//543
f 412//533 303//452 628//553
f 413//547 470//13 398//537
f 318//423 378//427 430//2
f 398//537 391//520 413//547
f 378//427 3//3 430//2
f 433//535 474//556 387//509
f 369//497 329//436 427//557
f 407//456 376//494 363//493
f 416//406 417//558 421//559
f 430//2 448//560 318//423
f 343//457 434//460 407//456
f 309//162 207//287 435//439
f 776//404 207//287 309//162
f 401//561 397//539 410//544
f 411//562 427//557 329//436
f 502//563 437//564 438//565
f 440//566 438//565 437//564
f 439//567 440//566 437//564
f 440//568 502//563 438//565
f 442//569 438//570 440//571
f 440//571 439//572 442//569
f 134//196 128//189 441//352
f 439//573 502//563 440//568
f 27//51 134//196 441//352
f 433//535 390//525 449//524
f 421//559 300//407 416//406
f 335//430 318//423 448//560
f 416//406 301//405 770//574
f 27//51 2//53 447//575
f 452//576 438//570 453//577
f 454//578 440//579 452//576
f 438//570 452//576 440//579
f 445//580 452//576 453//577
f 445//581 453//582 454//583
f 453//584 436//585 445//580
f 27//51 447//575 134//196
f 343//457 122//182 333//181
f 447//575 351//443 134//196
f 438//570 442//569 453//577
f 440//579 454//578 439//572
f 443//586 444//587 442//588
f 453//584 442//588 444//587
f 436//585 453//584 444//587
f 454//583 453//582 442//569
f 454//583 442//569 439//572
f 439//573 454//578 502//563
f 452//576 502//563 454//578
f 770//574 301//405 304//409
f 445//581 443//586 453//589
f 439//567 437//564 454//583
f 445//581 454//583 437//564
f 443//586 445//581 444//587
f 462//590 334//463 335//430
f 444//587 445//581 437//564
f 442//588 453//589 443//586
f 445//580 502//563 452//576
f 455//591 420//464 334//463
f 27//51 441//352 351//443
f 502//563 445//580 436//585
f 334//463 462//590 455//591
f 794//546 383//510 467//592
f 383//510 387//509 456//593
f 502//563 436//585 410//544
f 266//371 420//464 458//594
f 177//247 320//248 219//309
f 441//352 128//189 177//247
f 177//247 219//309 441//352
f 387//509 474//556 456//593
f 457//595 266//371 458//594
f 420//464 455//591 458//594
f 410//544 436//585 401//561
f 422//550 794//546 467//592
f 467//592 461//71 422//550
f 460//596 457//595 458//594
f 441//352 509//548 351//443
f 422//550 482//597 406//551
f 18//52 27//51 463//598
f 447//575 2//53 360//475
f 300//407 421//559 459//599
f 835//600 460//596 505//601
f 735//82 470//13 413//547
f 316//438 309//162 435//439
f 463//598 27//51 360//475
f 51//602 18//52 463//598
f 335//430 448//560 462//590
f 351//443 447//575 360//475
f 435//439 207//287 246//343
f 462//590 448//560 465//603
f 351//443 360//475 27//51
f 444//587 437//564 436//585
f 401//561 437//564 466//604
f 461//71 467//592 464//85
f 401//561 436//585 437//564
f 441//352 492//605 468//606
f 304//409 459//599 770//574
f 455//591 462//590 465//603
f 304//409 300//407 459//599
f 429//377 398//537 470//13
f 471//12 429//377 470//13
f 469//454 340//442 261//365
f 383//510 456//593 467//592
f 246//343 306//363 469//454
f 239//216 122//182 363//493
f 465//603 479//607 455//591
f 465//603 451//608 479//607
f 428//540 402//541 476//609
f 472//610 480//611 477//301
f 477//301 201//236 472//610
f 456//593 474//556 467//592
f 201//236 51//602 472//610
f 448//560 451//608 465//603
f 475//612 361//473 489//613
f 67//99 422//550 461//71
f 361//473 475//612 239//216
f 239//216 363//493 361//473
f 340//442 469//454 399//478
f 174//245 264//357 478//614
f 494//615 469//454 306//363
f 792//616 805//617 481//618
f 264//357 239//216 478//614
f 482//597 481//618 406//551
f 493//619 205//351 477//620
f 493//619 477//620 483//621
f 478//614 239//216 475//612
f 484//622 476//609 402//541
f 205//351 492//605 477//620
f 398//537 429//377 576//623
f 483//621 477//620 492//605
f 483//621 485//300 493//619
f 477//301 480//611 485//300
f 426//624 437//564 502//563
f 426//624 431//555 437//564
f 428//540 476//609 473//554
f 60//102 485//300 472//610
f 473//554 484//622 402//541
f 487//625 478//614 475//612
f 473//554 402//541 409//545
f 441//352 205//351 483//621
f 437//564 488//626 486//627
f 492//605 441//352 483//621
f 763//628 830//629 490//115
f 763//628 490//115 76//113
f 205//351 219//309 492//605
f 421//559 484//622 473//554
f 458//594 491//630 505//601
f 792//616 481//618 830//629
f 489//613 487//625 475//612
f 458//594 455//591 491//630
f 482//597 422//550 67//99
f 494//615 306//363 399//478
f 485//300 480//611 493//619
f 483//621 205//351 468//606
f 399//478 469//454 415//631
f 494//615 415//631 469//454
f 399//478 415//631 494//615
f 593//632 489//613 361//473
f 421//559 473//554 476//609
f 485//300 483//621 468//606
f 480//611 495//633 493//619
f 830//629 481//618 490//115
f 472//610 485//300 495//633
f 480//611 472//610 495//633
f 205//351 493//619 468//606
f 593//632 633//634 489//613
f 496//635 495//633 468//606
f 485//300 468//606 495//633
f 193//273 171//242 501//244
f 498//636 499//637 472//610
f 493//619 495//633 499//638
f 499//638 498//636 493//619
f 499//637 498//639 60//102
f 495//633 498//639 499//638
f 60//102 472//610 499//637
f 498//639 517//640 60//102
f 490//115 500//641 501//244
f 193//273 501//244 500//641
f 505//601 460//596 458//594
f 437//564 629//642 720//643
f 437//564 486//627 629//642
f 415//549 647//644 423//532
f 424//552 507//645 419//519
f 472//610 521//646 498//636
f 496//635 493//619 498//636
f 755//647 267//376 528//648
f 510//649 449//524 512//650
f 433//535 449//524 510//649
f 468//606 509//548 441//352
f 433//535 510//649 474//556
f 410//544 431//555 502//563
f 497//651 537//652 542//653
f 159//654 526//655 131//195
f 40//241 267//376 274//375
f 425//531 419//519 507//645
f 542//653 508//656 497//651
f 496//635 468//606 492//605
f 493//619 509//548 468//606
f 520//657 526//655 159//654
f 219//309 251//359 492//605
f 1//658 505//601 491//630
f 449//524 446//523 506//659
f 526//655 516//272 131//195
f 491//630 455//591 515//660
f 542//653 569//661 508//656
f 513//662 507//645 424//552
f 496//635 509//548 493//619
f 515//660 479//607 660//663
f 495//633 517//640 498//639
f 515//660 455//591 479//607
f 517//640 495//633 496//635
f 492//605 511//664 496//635
f 518//665 472//610 519//666
f 524//667 519//668 511//664
f 518//669 511//664 519//668
f 496//635 498//636 521//646
f 345//440 435//439 531//670
f 518//669 509//548 496//635
f 511//664 518//669 496//635
f 435//439 246//343 503//671
f 503//671 246//343 469//454
f 509//548 518//669 519//672
f 517//640 496//635 521//646
f 521//646 60//102 517//640
f 508//656 596//673 523//674
f 524//675 521//646 519//676
f 426//624 502//563 431//555
f 273//381 337//447 522//677
f 508//656 569//661 610//678
f 273//381 270//366 337//447
f 519//672 524//679 509//548
f 1//658 491//630 529//680
f 527//681 437//564 720//643
f 726//682 511//664 492//605
f 273//381 522//677 290//399
f 526//655 116//164 138//217
f 527//681 466//604 437//564
f 491//630 515//660 529//680
f 514//683 755//647 528//648
f 531//670 347//455 345//440
f 525//521 537//652 530//684
f 105//135 133//186 548//685
f 535//686 60//102 521//646
f 537//652 525//521 391//520
f 536//100 60//102 535//686
f 391//520 396//536 537//652
f 543//687 105//135 548//685
f 174//245 40//241 36//48
f 518//665 521//646 472//610
f 506//659 555//688 512//650
f 535//686 521//646 541//689
f 519//666 472//610 524//690
f 541//689 524//690 472//610
f 472//610 535//686 541//689
f 541//689 521//646 524//675
f 518//665 519//676 521//646
f 511//664 509//548 541//691
f 541//691 524//667 511//664
f 541//691 509//548 524//679
f 40//241 540//692 267//376
f 540//692 528//648 267//376
f 545//693 472//610 51//602
f 545//693 51//602 463//598
f 544//694 448//560 538//695
f 40//241 539//696 540//692
f 539//696 40//241 174//245
f 523//674 497//651 558//697
f 539//696 174//245 478//614
f 463//598 369//497 545//693
f 546//698 405//543 627//699
f 431//555 405//543 546//698
f 552//700 497//651 523//674
f 463//598 360//475 369//497
f 548//685 133//186 187//297
f 539//696 478//614 487//625
f 533//701 547//702 538//695
f 213//295 548//685 187//297
f 547//702 544//694 538//695
f 472//610 545//693 535//686
f 548//685 213//295 551//703
f 545//693 550//704 535//686
f 649//705 543//687 551//703
f 548//685 551//703 543//687
f 540//692 539//696 534//706
f 487//625 561//707 539//696
f 523//674 596//673 552//700
f 593//632 361//473 347//455
f 361//473 403//472 347//455
f 449//524 506//659 512//650
f 535//686 554//708 536//100
f 512//650 555//688 510//649
f 555//688 650//709 510//649
f 497//651 530//684 537//652
f 535//686 550//704 554//708
f 549//710 556//711 546//698
f 534//706 528//648 540//692
f 509//548 314//425 351//443
f 87//116 559//712 698//180
f 337//447 339//459 522//677
f 509//548 511//664 395//527
f 546//698 559//712 654//713
f 546//698 556//711 559//712
f 533//701 621//714 547//702
f 556//711 549//710 560//715
f 552//700 530//684 497//651
f 534//706 539//696 561//707
f 326//441 339//459 337//447
f 418//716 395//527 173//292
f 511//664 173//292 395//527
f 369//497 427//557 545//693
f 514//683 528//648 534//706
f 427//557 550//704 545//693
f 427//557 742//717 550//704
f 559//712 556//711 560//715
f 5//1 35//33 430//2
f 531//670 435//439 503//671
f 531//670 503//671 562//718
f 503//671 571//719 562//718
f 555//688 553//720 650//709
f 558//697 497//651 508//656
f 532//721 448//560 430//2
f 487//625 564//722 561//707
f 558//697 508//656 523//674
f 573//723 534//706 561//707
f 563//724 339//459 432//458
f 35//33 532//721 430//2
f 339//459 563//724 522//677
f 585//725 592//726 567//727
f 629//642 567//727 592//726
f 570//728 284//490 290//399
f 566//729 593//632 562//718
f 522//677 570//728 290//399
f 584//730 592//726 586//731
f 563//724 570//728 522//677
f 571//719 503//671 775//732
f 571//719 566//729 562//718
f 775//732 566//729 571//719
f 284//490 570//728 408//522
f 555//688 572//733 553//720
f 409//545 563//724 432//458
f 570//728 563//724 408//522
f 550//704 742//717 557//734
f 409//545 408//522 563//724
f 431//555 488//626 437//564
f 557//734 554//708 550//704
f 537//652 396//536 575//735
f 538//695 448//560 532//721
f 589//736 538//695 532//721
f 485//300 60//102 72//104
f 537//652 575//735 542//653
f 565//737 555//688 506//659
f 565//737 583//738 555//688
f 347//455 562//718 593//632
f 575//735 398//537 576//623
f 577//739 486//627 488//626
f 575//735 396//536 398//537
f 579//740 575//735 576//623
f 585//725 582//741 486//627
f 585//725 486//627 577//739
f 567//742 584//730 580//743
f 488//626 580//743 629//642
f 582//741 488//626 629//642
f 582//741 629//642 486//627
f 488//626 567//742 580//743
f 577//739 582//741 580//743
f 577//739 488//626 582//741
f 572//733 555//688 583//738
f 190//275 485//300 72//104
f 347//455 531//670 562//718
f 739//744 553//720 572//733
f 431//555 584//730 488//626
f 542//653 588//745 569//661
f 584//730 567//742 488//626
f 588//745 542//653 591//746
f 586//731 580//743 584//730
f 580//743 586//731 577//739
f 569//661 588//745 610//678
f 585//725 577//739 586//731
f 580//743 582//741 585//725
f 386//517 578//516 594//747
f 572//733 597//748 739//744
f 611//400 72//104 587//749
f 394//538 594//747 711//110
f 575//735 579//740 591//746
f 542//653 575//735 591//746
f 448//560 544//694 451//608
f 543//687 106//136 105//135
f 599//750 597//748 572//733
f 595//751 594//747 578//516
f 594//747 595//751 711//110
f 708//752 711//110 595//751
f 106//136 543//687 596//673
f 739//744 597//748 603//753
f 431//555 546//698 584//730
f 538//695 568//754 533//701
f 601//755 583//738 739//744
f 600//756 599//750 604//757
f 589//736 532//721 568//754
f 649//705 596//673 543//687
f 605//758 601//755 597//748
f 596//673 606//759 106//136
f 600//756 604//757 597//748
f 597//748 601//755 600//756
f 606//759 610//678 626//760
f 601//755 783//761 603//753
f 603//753 783//761 786//762
f 394//538 386//517 594//747
f 640//763 606//759 626//760
f 618//764 693//107 608//765
f 603//753 597//748 604//757
f 606//759 508//656 610//678
f 601//755 603//753 604//757
f 605//758 604//757 599//750
f 606//759 596//673 508//656
f 590//766 599//750 583//738
f 79//109 93//120 96//161
f 625//408 282//380 611//400
f 583//738 601//755 572//733
f 102//160 185//767 96//161
f 568//754 538//695 589//736
f 599//750 601//755 605//758
f 532//721 533//701 568//754
f 615//768 651//769 551//703
f 619//770 590//766 605//758
f 605//758 590//766 604//757
f 611//400 618//764 622//771
f 597//748 619//770 605//758
f 601//755 599//750 619//772
f 619//772 572//733 601//755
f 451//608 547//702 621//714
f 613//420 289//393 423//532
f 709//773 707//774 607//775
f 394//538 711//110 79//109
f 599//750 572//733 619//772
f 619//770 597//748 590//766
f 625//408 611//400 620//776
f 574//777 624//778 303//452
f 618//764 620//776 622//771
f 597//748 599//750 590//766
f 544//694 547//702 451//608
f 590//766 583//738 565//737
f 405//543 394//538 79//109
f 532//721 35//33 106//136
f 614//779 405//543 79//109
f 612//780 626//760 610//678
f 532//721 106//136 621//714
f 634//781 614//779 96//161
f 124//221 626//760 615//768
f 614//779 627//699 405//543
f 627//699 614//779 634//781
f 612//780 615//768 626//760
f 96//161 614//779 79//109
f 615//768 612//780 670//782
f 670//782 612//780 630//783
f 590//766 565//737 780//784
f 617//785 592//726 585//725
f 585//725 586//731 617//785
f 96//161 185//767 634//781
f 532//721 621//714 533//701
f 286//384 613//420 652//786
f 616//787 617//785 586//731
f 592//726 584//730 629//642
f 629//642 585//725 567//727
f 632//788 251//359 631//789
f 580//743 585//725 629//642
f 251//359 636//790 598//791
f 632//792 631//789 622//771
f 504//793 780//784 565//737
f 633//634 240//348 489//613
f 631//794 618//764 637//795
f 622//771 631//789 611//400
f 611//400 637//795 618//764
f 631//794 632//796 618//764
f 251//359 632//788 636//790
f 636//790 632//792 622//771
f 631//794 637//795 632//797
f 629//642 584//730 617//785
f 423//532 628//553 613//420
f 240//348 633//634 160//231
f 636//798 632//797 637//795
f 587//749 636//798 637//795
f 587//749 637//795 611//400
f 636//798 618//764 632//796
f 587//749 618//764 636//798
f 644//799 514//683 534//706
f 639//800 620//776 251//359
f 446//523 773//801 644//799
f 621//714 640//763 451//608
f 644//799 773//801 514//683
f 681//802 617//785 584//730
f 639//800 598//791 622//771
f 621//714 106//136 640//763
f 617//785 741//803 629//642
f 638//413 265//373 262//356
f 464//85 638//413 262//356
f 622//771 620//776 639//800
f 620//776 631//789 251//359
f 464//85 467//592 638//413
f 573//723 644//799 534//706
f 317//417 638//413 641//804
f 611//400 631//789 620//776
f 640//763 106//136 606//759
f 634//781 185//767 102//160
f 573//723 561//707 564//722
f 639//800 251//359 625//408
f 663//805 451//608 640//763
f 635//382 634//781 102//160
f 552//700 596//673 649//705
f 564//722 504//793 573//723
f 586//731 592//726 677//806
f 592//726 617//785 681//802
f 608//765 625//408 618//764
f 649//705 645//807 646//808
f 677//806 584//730 546//698
f 489//613 240//348 487//625
f 240//348 564//722 487//625
f 240//348 504//793 564//722
f 423//532 647//644 628//553
f 506//659 446//523 644//799
f 677//806 592//726 682//809
f 121//212 166//235 643//214
f 618//764 625//408 620//776
f 166//235 191//254 643//214
f 573//723 504//793 644//799
f 638//413 467//592 474//556
f 628//553 303//452 602//810
f 649//705 764//811 552//700
f 598//791 639//800 724//812
f 636//790 622//771 598//791
f 616//787 586//731 546//698
f 504//793 565//737 644//799
f 641//804 474//556 650//709
f 644//799 565//737 506//659
f 649//705 551//703 651//769
f 645//807 649//705 651//769
f 152//203 124//221 615//768
f 615//768 551//703 152//203
f 252//204 152//203 551//703
f 616//787 546//698 654//713
f 648//813 640//763 626//760
f 677//806 546//698 586//731
f 653//814 656//815 655//816
f 652//786 613//420 628//553
f 609//817 639//800 625//408
f 625//408 608//765 609//817
f 124//221 648//813 626//760
f 635//382 627//699 634//781
f 638//413 474//556 641//804
f 645//807 651//769 646//808
f 801//476 67//99 61//67
f 724//812 639//800 609//817
f 724//812 609//817 657//818
f 624//778 574//777 581//819
f 479//607 451//608 660//663
f 286//384 652//786 469//454
f 657//818 609//817 661//820
f 451//608 663//805 660//663
f 655//816 673//821 658//822
f 662//823 655//816 658//822
f 653//814 655//816 662//823
f 630//783 665//824 668//825
f 615//768 670//782 651//769
f 665//824 656//815 668//825
f 656//815 665//824 667//826
f 666//827 617//785 616//787
f 646//808 668//825 653//814
f 674//828 667//826 665//824
f 587//749 685//101 618//764
f 587//749 72//104 685//101
f 317//417 669//829 322//431
f 317//417 672//830 669//829
f 647//644 415//549 628//553
f 651//769 670//782 668//825
f 673//821 656//815 667//826
f 660//663 664//298 515//660
f 4//831 664//298 194//281
f 492//605 251//359 598//791
f 529//680 664//298 4//831
f 652//786 771//832 503//671
f 529//680 515//660 664//298
f 492//605 598//791 726//682
f 666//827 616//787 654//713
f 642//383 676//833 635//382
f 676//833 627//699 635//382
f 679//834 641//804 650//709
f 678//835 674//828 694//836
f 652//786 628//553 602//810
f 726//682 598//791 724//812
f 627//699 549//710 546//698
f 549//710 627//699 676//833
f 602//810 303//452 624//778
f 681//802 584//730 677//806
f 679//834 684//837 641//804
f 630//783 683//838 665//824
f 680//839 549//710 676//833
f 503//671 469//454 652//786
f 660//663 663//805 664//298
f 651//769 668//825 646//808
f 646//808 653//814 688//840
f 653//814 668//825 656//815
f 682//809 592//726 666//827
f 681//802 677//806 682//809
f 295//401 676//833 642//383
f 666//827 592//726 681//802
f 666//827 691//841 617//785
f 691//841 748//842 617//785
f 295//401 184//256 675//117
f 641//804 684//837 672//830
f 685//101 536//100 554//708
f 685//101 554//708 687//843
f 666//827 681//802 691//841
f 666//827 704//844 682//809
f 689//845 672//830 684//837
f 208//258 664//298 663//805
f 674//828 665//824 694//836
f 683//838 686//846 694//836
f 675//117 362//448 295//401
f 685//101 693//107 618//764
f 694//836 665//824 683//838
f 349//462 362//448 675//117
f 663//805 648//813 208//258
f 689//845 669//829 672//830
f 640//763 648//813 663//805
f 669//829 689//845 671//847
f 668//825 670//782 630//783
f 208//258 648//813 124//221
f 686//846 692//848 700//849
f 549//710 680//839 560//715
f 685//101 687//843 74//108
f 682//809 704//844 691//841
f 279//386 703//850 263//372
f 691//841 681//802 682//809
f 703//850 695//851 263//372
f 715//852 263//372 695//851
f 666//827 654//713 704//844
f 697//853 74//108 687//843
f 689//845 684//837 696//854
f 680//839 295//401 371//434
f 680//839 676//833 295//401
f 641//804 672//830 317//417
f 693//107 74//108 697//853
f 693//107 697//853 75//855
f 560//715 371//434 698//180
f 560//715 680//839 371//434
f 371//434 349//462 698//180
f 327//432 322//431 699//856
f 675//117 698//180 349//462
f 559//712 560//715 698//180
f 669//829 671//847 322//431
f 701//857 686//846 700//849
f 701//857 694//836 686//846
f 607//775 707//774 602//810
f 706//858 417//558 770//574
f 770//574 417//558 416//406
f 697//853 554//708 557//734
f 654//713 559//712 87//116
f 655//816 656//815 673//821
f 697//853 687//843 554//708
f 607//775 602//810 709//773
f 702//859 417//558 706//858
f 705//860 608//765 693//107
f 710//861 400//530 255//370
f 704//844 654//713 141//208
f 654//713 87//116 141//208
f 705//860 75//855 609//817
f 602//810 624//778 709//773
f 624//778 659//862 709//773
f 652//786 602//810 707//774
f 705//860 609//817 608//765
f 715//852 710//861 255//370
f 683//838 630//783 612//780
f 781//342 708//752 702//859
f 781//342 702//859 706//858
f 75//855 705//860 693//107
f 662//823 658//822 673//821
f 673//821 688//840 653//814
f 711//110 708//752 781//342
f 425//531 507//645 513//662
f 711//110 781//342 77//111
f 75//855 712//863 609//817
f 612//780 610//678 588//745
f 673//821 653//814 662//823
f 713//864 712//863 75//855
f 588//745 591//746 714//865
f 777//866 513//662 424//552
f 713//864 697//853 753//444
f 697//853 713//864 75//855
f 673//821 717//867 688//840
f 417//558 702//859 578//516
f 717//867 673//821 667//826
f 327//432 699//856 671//847
f 595//751 578//516 702//859
f 578//516 716//868 417//558
f 591//746 721//869 714//865
f 699//856 690//870 671//847
f 771//832 652//786 719//871
f 322//431 671//847 690//870
f 322//431 690//870 699//856
f 400//530 710//861 722//872
f 417//558 716//868 421//559
f 717//867 674//828 723//873
f 791//874 421//559 716//868
f 527//681 720//643 520//657
f 683//838 612//780 588//745
f 504//793 728//499 734//875
f 667//826 674//828 717//867
f 780//784 504//793 734//875
f 714//865 683//838 588//745
f 716//868 762//26 791//874
f 255//370 263//372 715//852
f 726//682 173//292 511//664
f 271//378 173//292 657//818
f 678//835 723//873 674//828
f 671//847 689//845 327//432
f 689//845 364//477 327//432
f 742//717 268//369 753//444
f 504//793 240//348 728//499
f 657//818 726//682 724//812
f 173//292 726//682 657//818
f 689//845 696//854 779//876
f 513//662 729//877 735//82
f 733//878 723//873 678//835
f 733//878 678//835 732//879
f 714//865 721//869 686//846
f 683//838 714//865 686//846
f 364//477 689//845 779//876
f 727//880 735//82 729//877
f 686//846 721//869 692//848
f 734//875 728//499 779//876
f 707//774 719//871 652//786
f 364//477 779//876 728//499
f 510//649 650//709 474//556
f 661//820 712//863 731//881
f 513//662 777//866 729//877
f 95//882 727//880 729//877
f 749//883 710//861 715//852
f 707//774 709//773 719//871
f 731//881 657//818 661//820
f 695//851 749//883 715//852
f 749//883 695//851 769//884
f 450//542 525//521 197//288
f 736//885 737//886 730//887
f 730//887 751//888 736//885
f 679//834 650//709 553//720
f 414//10 400//530 722//872
f 197//288 525//521 530//684
f 679//834 553//720 684//837
f 684//837 553//720 696//854
f 595//751 702//859 708//752
f 738//889 717//867 723//873
f 530//684 210//299 197//288
f 753//444 271//378 713//864
f 696//854 739//744 779//876
f 779//876 739//744 583//738
f 713//864 271//378 657//818
f 629//642 725//890 720//643
f 741//803 617//785 748//842
f 530//684 740//891 210//299
f 832//892 717//867 738//889
f 414//10 722//872 218//893
f 741//803 725//890 629//642
f 745//894 553//720 739//744
f 733//878 738//889 723//873
f 218//893 756//346 414//10
f 450//542 776//404 424//552
f 776//404 450//542 197//288
f 553//720 745//894 765//895
f 719//871 709//773 718//896
f 722//872 747//897 218//893
f 722//872 710//861 749//883
f 748//842 691//841 704//844
f 603//753 750//898 739//744
f 747//897 722//872 749//883
f 210//299 740//891 306//363
f 742//717 697//853 557//734
f 306//363 740//891 303//452
f 574//777 303//452 740//891
f 742//717 753//444 697//853
f 754//899 743//900 738//889
f 750//898 745//894 752//901
f 733//878 754//899 738//889
f 744//227 757//902 154//228
f 516//272 704//844 141//208
f 579//740 514//683 591//746
f 661//820 609//817 712//863
f 514//683 721//869 591//746
f 624//778 623//903 659//862
f 581//819 623//903 624//778
f 755//647 579//740 576//623
f 731//881 712//863 713//864
f 733//878 70//106 746//105
f 429//377 267//376 576//623
f 657//818 731//881 713//864
f 576//623 267//376 755//647
f 718//896 659//862 760//904
f 709//773 659//862 718//896
f 747//897 761//905 218//893
f 579//740 755//647 514//683
f 757//902 762//26 716//868
f 758//906 745//894 739//744
f 733//878 746//105 754//899
f 218//893 761//905 756//346
f 760//904 623//903 766//907
f 760//904 659//862 623//903
f 623//903 767//908 766//907
f 764//811 740//891 530//684
f 761//905 747//897 778//909
f 764//811 530//684 552//700
f 759//910 727//880 43//911
f 749//883 778//909 747//897
f 752//901 745//894 758//906
f 745//894 750//898 765//895
f 76//113 732//879 678//835
f 574//777 740//891 764//811
f 279//386 266//371 457//595
f 581//819 764//811 649//705
f 772//93 759//910 43//911
f 688//840 581//819 649//705
f 763//628 76//113 678//835
f 649//705 646//808 688//840
f 757//902 744//227 164//64
f 768//912 767//908 832//892
f 739//744 696//854 765//895
f 757//902 164//64 762//26
f 733//878 732//879 70//106
f 736//885 757//902 716//868
f 154//228 757//902 751//888
f 757//902 736//885 751//888
f 33//913 751//888 730//887
f 732//879 76//113 70//106
f 741//803 748//842 126//94
f 769//884 695//851 703//850
f 771//832 719//871 718//896
f 696//854 553//720 765//895
f 574//777 764//811 581//819
f 47//80 727//880 759//910
f 581//819 688//840 717//867
f 768//912 9//8 767//908
f 721//869 773//801 692//848
f 721//869 514//683 773//801
f 769//884 703//850 279//386
f 137//199 9//8 151//225
f 137//199 766//907 9//8
f 758//906 739//744 765//895
f 767//908 9//8 766//907
f 459//599 706//858 770//574
f 741//803 126//94 772//93
f 692//848 774//508 700//849
f 583//738 758//906 779//876
f 425//531 735//82 413//547
f 769//884 279//386 457//595
f 457//595 833//914 769//884
f 777//866 424//552 776//404
f 769//884 833//914 800//37
f 765//895 750//898 786//762
f 47//80 772//93 53//95
f 47//80 759//910 772//93
f 147//226 151//225 9//8
f 411//562 329//436 404//518
f 590//766 779//876 765//895
f 706//858 459//599 7//25
f 513//662 735//82 425//531
f 404//518 787//915 411//562
f 779//876 590//766 780//784
f 404//518 418//716 787//915
f 503//671 771//832 775//732
f 734//875 779//876 780//784
f 771//832 782//916 775//732
f 395//527 418//716 404//518
f 727//880 95//882 43//911
f 566//729 775//732 782//916
f 725//890 95//882 720//643
f 772//93 725//890 741//803
f 725//890 772//93 43//911
f 752//901 739//744 750//898
f 95//882 725//890 43//911
f 783//761 739//744 752//901
f 633//634 593//632 566//729
f 309//162 777//866 776//404
f 783//761 601//755 739//744
f 784//917 583//738 599//750
f 599//750 600//756 784//917
f 116//164 520//657 720//643
f 706//858 7//25 781//342
f 95//882 116//164 720//643
f 520//657 116//164 526//655
f 7//25 55//92 781//342
f 752//901 583//738 784//917
f 583//738 752//901 758//906
f 470//13 735//82 150//81
f 749//883 826//918 785//919
f 760//904 782//916 771//832
f 782//916 760//904 796//920
f 791//874 484//622 421//559
f 603//753 786//762 750//898
f 418//716 790//921 787//915
f 760//904 771//832 718//896
f 789//922 748//842 704//844
f 786//762 590//766 752//923
f 10//14 470//13 150//81
f 749//883 785//919 778//909
f 789//922 126//94 748//842
f 784//917 604//757 786//762
f 604//757 590//766 786//762
f 601//755 784//917 600//756
f 137//199 793//198 766//907
f 789//922 130//187 126//94
f 792//616 701//857 805//617
f 601//755 604//757 784//917
f 790//921 418//716 809//924
f 793//198 760//904 766//907
f 794//546 701//857 700//849
f 783//761 752//901 784//917
f 783//761 784//917 786//762
f 752//923 765//895 786//762
f 704//844 516//272 789//922
f 793//198 796//920 760//904
f 752//923 590//766 765//895
f 19//23 274//375 471//12
f 526//655 138//217 142//218
f 805//617 701//857 794//546
f 142//218 516//272 526//655
f 142//218 130//187 789//922
f 142//218 789//922 516//272
f 429//377 471//12 274//375
f 476//609 459//599 421//559
f 791//874 476//609 484//622
f 716//868 578//516 795//515
f 826//918 808//925 785//919
f 758//906 765//895 779//876
f 795//515 736//885 716//868
f 47//80 735//82 727//880
f 476//609 797//926 459//599
f 15//21 427//557 411//562
f 309//162 729//877 777//866
f 769//884 800//37 826//918
f 769//884 826//918 749//883
f 476//609 791//874 797//926
f 821//927 797//926 791//874
f 61//67 149//219 801//476
f 633//634 566//729 796//920
f 633//634 796//920 160//231
f 782//916 796//920 566//729
f 309//162 95//882 729//877
f 116//164 95//882 309//162
f 799//928 67//99 801//476
f 482//597 67//99 799//928
f 316//438 324//163 309//162
f 692//848 773//801 389//534
f 160//231 796//920 132//197
f 692//848 389//534 774//508
f 736//885 795//515 803//929
f 796//920 793//198 132//197
f 795//515 392//526 803//929
f 787//915 798//930 411//562
f 774//508 389//534 387//509
f 389//534 773//801 390//525
f 390//525 773//801 446//523
f 59//131 78//130 798//930
f 774//508 794//546 700//849
f 798//930 787//915 59//131
f 736//885 803//929 737//886
f 791//874 730//887 788//931
f 806//932 737//886 803//929
f 810//933 802//934 817//935
f 815//936 788//931 811//937
f 812//938 802//934 810//933
f 815//936 791//874 788//931
f 761//905 808//925 756//346
f 808//925 761//905 778//909
f 811//937 788//931 797//926
f 821//927 811//937 797//926
f 807//939 799//928 801//476
f 406//551 805//617 794//546
f 813//940 751//888 33//913
f 808//925 825//941 756//346
f 778//909 785//919 808//925
f 815//936 730//887 762//26
f 730//887 791//874 762//26
f 818//942 175//251 193//273
f 730//887 815//936 811//937
f 806//932 813//940 33//913
f 694//836 701//857 763//628
f 678//835 694//836 763//628
f 806//932 803//929 813//940
f 790//921 809//924 823//943
f 54//96 756//346 825//941
f 812//938 810//933 816//944
f 252//204 551//703 213//295
f 54//96 90//179 80//112
f 33//913 815//936 7//25
f 701//857 792//616 763//628
f 791//874 815//936 821//927
f 824//945 828//946 787//915
f 397//539 401//561 392//526
f 825//941 808//925 826//918
f 787//915 790//921 819//947
f 822//4 813//940 803//929
f 803//929 392//526 822//4
f 175//251 818//942 814//489
f 392//526 401//561 822//4
f 824//948 823//949 819//947
f 824//945 787//915 823//949
f 787//915 819//947 823//949
f 33//913 811//937 821//927
f 828//946 827//950 787//915
f 59//131 787//915 809//924
f 824//951 809//924 828//952
f 827//950 828//952 809//924
f 790//921 828//953 827//954
f 828//955 819//947 827//954
f 809//924 787//915 827//950
f 790//921 827//954 819//947
f 823//943 809//924 824//951
f 823//943 824//956 790//921
f 828//953 790//921 824//956
f 828//955 824//948 819//947
f 161//232 154//228 751//888
f 813//940 161//232 751//888
f 68//132 59//131 809//924
f 826//918 800//37 42//47
f 816//944 810//933 817//935
f 815//936 33//913 821//927
f 68//132 809//924 418//716
f 90//179 826//918 69//79
f 805//617 406//551 481//618
f 826//918 42//47 69//79
f 826//918 90//179 54//96
f 825//941 826//918 54//96
f 817//935 802//934 820//957
f 737//886 831//958 797//926
f 802//934 804//959 820//957
f 737//886 797//926 788//931
f 730//887 737//886 788//931
f 737//886 806//932 831//958
f 830//629 763//628 792//616
f 797//926 831//958 33//913
f 837//960 839//961 817//935
f 717//867 623//903 581//819
f 717//867 832//892 623//903
f 33//913 730//887 811//937
f 831//958 806//932 33//913
f 798//930 15//21 411//562
f 623//903 832//892 767//908
f 818//942 193//273 500//641
f 15//21 798//930 6//16
f 738//889 834//15 832//892
f 738//889 743//900 834//15
f 798//930 78//130 836//32
f 833//914 457//595 835//600
f 813//940 87//116 81//118
f 81//118 161//232 813//940
f 460//596 835//600 457//595
f 829//70 87//116 813//940
f 832//892 834//15 9//8
f 6//16 798//930 836//32
f 832//892 9//8 768//912
f 459//599 797//926 33//913
f 33//913 7//25 459//599
f 804//959 837//960 820//957
f 500//641 481//618 818//942
f 490//115 481//618 500//641
f 837//960 804//959 847//962
f 835//600 800//37 833//914
f 817//935 820//957 837//960
f 762//26 7//25 815//936
f 814//489 818//942 807//939
f 843//38 800//37 835//600
f 754//899 34//49 743//900
f 365//451 814//489 801//476
f 801//476 814//489 807//939
f 743//900 34//49 834//15
f 822//4 401//561 466//604
f 822//4 829//70 813//940
f 812//938 841//963 840//964
f 842//965 843//38 835//600
f 840//964 802//934 812//938
f 840//964 804//959 802//934
f 801//476 348//449 365//451
f 846//31 836//32 78//130
f 34//49 746//105 91//66
f 754//899 746//105 34//49
f 466//604 527//681 838//966
f 179//284 173//292 199//294
f 482//597 799//928 481//618
f 179//284 176//262 418//716
f 173//292 179//284 418//716
f 481//618 799//928 807//939
f 527//681 159//654 838//966
f 4//831 194//281 25//39
f 841//963 812//938 816//944
f 843//38 842//965 25//39
f 807//939 818//942 481//618
f 844//967 841//963 816//944
f 176//262 71//142 68//132
f 176//262 68//132 418//716
f 839//961 844//967 816//944
f 842//965 1//658 25//39
f 1//658 4//831 25//39
f 466//604 838//966 159//654
f 822//4 466//604 159//654
f 1//658 835//600 505//601
f 159//654 527//681 520//657
f 835//600 1//658 842//965
f 131//195 17//5 822//4
f 822//4 159//654 131//195
f 529//680 4//831 1//658
f 114//151 71//142 176//262
f 822//4 8//6 829//70
f 427//557 268//369 742//717
f 28//50 129//74 829//70
f 816//944 817//935 839//961
f 268//369 427//557 37//72
f 427//557 15//21 37//72
f 15//21 836//32 846//31
f 37//72 15//21 846//31
f 844//967 845//968 841//963
f 14//19 846//31 302//194
f 804//959 841//963 845//968
f 847//962 804//959 845//968
f 841//963 804//959 840//964
f 844//967 839//961 845//968
f 837//960 848//426 839//961
f 847//962 839//961 848//426
f 839//961 847//962 845//968
f 847//962 848//426 305//421
f 305//421 837//960 847//962
f 837//960 305//421 311//422
f 311//422 848//426 837//960
f 107//185 82//192 849//184
f 2//53 18//52 134//196
f 51//602 201//236 18//52
f 18//52 201//236 162//190
f 849//184 328//415 850//969
f 849//184 82//192 328//415
f 849//184 850//969 2//53
f 850//969 328//415 357//474
f 850//969 357//474 2//53
